Date,Close,Open,High,Low,Volume
2023-01-01,98.53174253232083,100.0,101.3529719652878,98.17209400973209,547
2023-01-02,97.39559454608876,98.53174253232083,99.26140240416866,96.94583480136681,692
2023-01-03,97.32771276406298,97.39559454608876,99.46933266346899,95.8090433820538,116
2023-01-04,96.75773661608743,97.32771276406298,98.04011853693706,96.74366705954151,452
2023-01-05,97.49171372432163,96.75773661608743,97.69421963995481,95.02680102110355,709
2023-01-06,98.5600903177473,97.49171372432163,99.71749186300538,96.91845559727261,503
2023-01-07,99.82729902130438,98.5600903177473,101.21076758415477,97.78532028618112,917
2023-01-08,98.87128136642573,99.82729902130438,100.25704261414039,97.4378562541337,399
2023-01-09,99.52388646170051,98.87128136642573,100.4445100787955,97.74457353066164,802
2023-01-10,99.67642083492971,99.52388646170051,99.72501152670229,98.87397200251804,884
2023-01-11,100.61425674034825,99.67642083492971,101.00565169140839,99.36035584979436,386
2023-01-12,101.14300362184119,100.61425674034825,102.11648930838254,100.18686405169606,416
2023-01-13,98.89900757181152,101.14300362184119,102.74767558559014,98.20492396561657,348
2023-01-14,99.39606649961118,98.89900757181152,100.59811443458861,97.78027991431716,426
2023-01-15,98.76351871538861,99.39606649961118,100.09440681631463,98.51922287528203,763
2023-01-16,100.43023934887762,98.76351871538861,101.83251836449006,97.7395187672055,248
2023-01-17,101.48917044049968,100.43023934887762,101.81222665281422,99.49342692222179,719
2023-01-18,103.62600807465179,101.48917044049968,104.16686271993058,100.41645968922798,272
2023-01-19,104.53927761136767,103.62600807465179,105.55336151989827,103.44270435514315,590
2023-01-20,105.57784255491447,104.53927761136767,106.63453551560424,104.0038479438538,310
2023-01-21,105.68037382890402,105.57784255491447,106.02876413073702,104.49139602879687,101
2023-01-22,105.87803495408892,105.68037382890402,106.76911158361337,104.22991854307372,483
2023-01-23,105.60550158422733,105.87803495408892,106.77718840779053,105.19588508935706,932
2023-01-24,106.86507063499472,105.60550158422733,108.28977062444747,104.75115141478813,672
2023-01-25,106.45077035816715,106.86507063499472,107.04405441750791,106.24215224438484,538
2023-01-26,106.2170277622326,106.45077035816715,106.54261862271137,105.33446193752512,695
2023-01-27,105.4922100964922,106.2170277622326,107.76438329525247,105.2525505580518,361
2023-01-28,106.66123612150169,105.4922100964922,106.73751237027065,104.8727239572838,464
2023-01-29,107.40204587350806,106.66123612150169,108.05115808085579,105.7059828695375,478
2023-01-30,105.03139163356971,107.40204587350806,107.75314608129746,104.21733776450037,370
2023-01-31,104.19548345998655,105.03139163356971,106.04742595244493,103.53413044984026,653
2023-02-01,103.39358691210542,104.19548345998655,105.20297859130368,102.17234690737581,934
2023-02-02,102.31142502750389,103.39358691210542,104.71195027517302,102.24154611608029,989
2023-02-03,103.24546859019185,102.31142502750389,104.2810897566113,101.48023230230127,712
2023-02-04,104.05678511475843,103.24546859019185,104.27062043381183,102.52865340122123,388
2023-02-05,103.18535572916858,104.05678511475843,104.69868116702965,101.78848325546736,322
2023-02-06,102.42767154774506,103.18535572916858,104.00429547735916,100.97476804969044,363
2023-02-07,102.693422433751,102.42767154774506,104.08509618190539,101.70459630913655,975
2023-02-08,102.16814789245508,102.693422433751,102.76116983070337,102.16124636353719,926
2023-02-09,100.23376524899201,102.16814789245508,103.04691354239792,99.94737808497052,855
2023-02-10,101.03542327002123,100.23376524899201,101.22948894830331,98.95970492795699,458
2023-02-11,100.77055544159504,101.03542327002123,102.50748750562595,100.73507988280348,915
2023-02-12,101.59370024960744,100.77055544159504,103.18345209775386,100.36107722713696,966
2023-02-13,101.91851697928026,101.59370024960744,103.10363401909994,101.50856298654647,371
2023-02-14,101.47822205999888,101.91851697928026,102.56729881125166,101.4004044165394,749
2023-02-15,100.97798230519889,101.47822205999888,102.43934571329655,100.65274903116523,705
2023-02-16,100.84088020235566,100.97798230519889,101.47754354613278,99.73850989185675,570
2023-02-17,100.30526576080814,100.84088020235566,101.05387122537381,99.3855811184864,736
2023-02-18,100.45864962702764,100.30526576080814,100.93761783609206,100.23640811470533,888
2023-02-19,100.69685157181226,100.45864962702764,101.02222316093817,100.25899832207938,337
2023-02-20,100.82278541066843,100.69685157181226,101.70823804262037,100.13112061914993,209
2023-02-21,101.78912628223979,100.82278541066843,102.97764742102511,100.69678829784428,341
2023-02-22,102.10831133832716,101.78912628223979,102.64650661065629,99.80046958077007,930
2023-02-23,103.10787530431395,102.10831133832716,104.03586896768802,101.0618718671645,530
2023-02-24,102.31812138535355,103.10787530431395,104.82391441115638,102.10241478497099,382
2023-02-25,102.54823267757531,102.31812138535355,102.56387931139426,101.22236616317382,181
2023-02-26,102.02422925635071,102.54823267757531,102.68182578767416,101.00654032843968,148
2023-02-27,103.08277489536219,102.02422925635071,103.69638369560184,101.42702392877247,765
2023-02-28,103.75279284433743,103.08277489536219,105.0013149683922,102.47038152851415,532
2023-03-01,102.41071079386333,103.75279284433743,106.2413302982766,102.10453116537478,529
2023-03-02,101.09893087137908,102.41071079386333,103.54502844786843,101.08897413138435,317
2023-03-03,100.08889215368238,101.09893087137908,101.24715058685011,99.94463273997519,291
2023-03-04,100.20126797990194,100.08889215368238,100.74118071592103,97.76901237164043,816
2023-03-05,101.60431735662084,100.20126797990194,102.4425501222291,100.19823552690764,862
2023-03-06,102.43846245625261,101.60431735662084,102.63733876807056,101.18552941288839,261
2023-03-07,102.59307765318763,102.43846245625261,102.79017234414704,101.31449901981688,907
2023-03-08,101.6506544915701,102.59307765318763,103.53551615689042,101.01533336215824,338
2023-03-09,100.98859325777154,101.6506544915701,101.87000012361497,99.35295056233107,493
2023-03-10,101.39562962038049,100.98859325777154,102.80919277712522,100.74079562396285,998
2023-03-11,102.11240700168452,101.39562962038049,102.98990300631381,100.58181164462414,692
2023-03-12,101.98811971904345,102.11240700168452,102.95472846664936,101.42591493410426,241
2023-03-13,101.11865827662913,101.98811971904345,102.72647243625359,100.48465138585259,284
2023-03-14,101.3610220893739,101.11865827662913,102.2225920347784,99.93265543565332,290
2023-03-15,101.56541456885428,101.3610220893739,102.38875508537964,100.56103747992961,165
2023-03-16,103.82396828981803,101.56541456885428,103.96312441629449,101.22281207603628,626
2023-03-17,104.94057266292593,103.82396828981803,105.66775806842392,102.47713327707628,178
2023-03-18,107.08420677529051,104.94057266292593,107.7198534423556,104.25519288898397,479
2023-03-19,106.69440896936362,107.08420677529051,108.55376221284482,106.38712981987713,962
2023-03-20,106.22187722202794,106.69440896936362,107.44799142641654,105.2691448686673,802
2023-03-21,106.77647475287044,106.22187722202794,106.83071962927399,105.70417891315992,603
2023-03-22,105.45877806155556,106.77647475287044,106.86798452998127,104.42343968044281,522
2023-03-23,105.56684800459267,105.45877806155556,106.8533974898507,104.5804539795134,206
2023-03-24,105.76707222298207,105.56684800459267,106.2777983601475,105.04015950188551,827
2023-03-25,103.35442851836852,105.76707222298207,106.55772888052104,102.27014010586805,582
2023-03-26,102.62339314392365,103.35442851836852,105.32845170715223,102.2270738497502,990
2023-03-27,103.82374191608262,102.62339314392365,105.5030486781709,102.21699558449684,323
2023-03-28,104.71470769726002,103.82374191608262,105.7538393823337,101.2771280664516,835
2023-03-29,105.28413126873932,104.71470769726002,106.04695833495613,102.79927342852666,687
2023-03-30,105.77800117426045,105.28413126873932,106.78838086034163,104.42134731415005,156
2023-03-31,107.2575105689414,105.77800117426045,107.7223161477063,105.45230217210457,650
2023-04-01,108.19560397566065,107.2575105689414,108.60123498334109,105.36717605128923,501
2023-04-02,108.53258294065562,108.19560397566065,110.8076847923296,107.94224235391961,908
2023-04-03,107.98458224921744,108.53258294065562,108.94636613277797,107.70489420423837,767
2023-04-04,106.56687063220768,107.98458224921744,109.00485726735478,104.5750259134237,997
2023-04-05,106.89802163578472,106.56687063220768,107.81604195864621,106.07628519858368,153
2023-04-06,107.49730119790448,106.89802163578472,107.62096265721999,106.3006034466256,693
2023-04-07,107.20352499892641,107.49730119790448,108.30559355650558,106.2858714584497,341
2023-04-08,108.52782225185526,107.20352499892641,109.25723626218283,106.96570471754215,244
2023-04-09,108.77374042771875,108.52782225185526,108.88130233226558,107.46315878169513,300
2023-04-10,108.54964994713282,108.77374042771875,109.63487896369845,108.02195474892743,611
2023-04-11,108.2262090088713,108.54964994713282,108.7822413250584,107.99383883112623,719
2023-04-12,107.71887860008414,108.2262090088713,108.90530526555638,107.1773920787599,393
2023-04-13,106.3187086173352,107.71887860008414,107.8950103088769,104.34572081169027,295
2023-04-14,104.83032820602801,106.3187086173352,106.93053775219133,102.76252659313197,520
2023-04-15,105.42500772982352,104.83032820602801,106.40582841845372,103.94207952014565,915
2023-04-16,104.3272601181218,105.42500772982352,105.76866123776824,104.0635697009636,440
2023-04-17,106.28652930213818,104.3272601181218,106.29720443910847,103.72697070041177,671
2023-04-18,105.5919376363346,106.28652930213818,107.64185824662881,105.35764857082353,892
2023-04-19,104.32691156353413,105.5919376363346,106.6920344953582,103.8381419958724,881
2023-04-20,104.27041109414142,104.32691156353413,105.27002192248638,103.07307712957319,998
2023-04-21,104.31647234955201,104.27041109414142,105.17112936230662,103.13142459449037,758
2023-04-22,104.73645118234042,104.31647234955201,106.27390372634063,103.55099925933568,228
2023-04-23,103.8295563731755,104.73645118234042,105.7560815505688,103.68787678743547,928
2023-04-24,104.00925569265642,103.8295563731755,104.13616028112924,102.87263167506973,849
2023-04-25,102.13261623070326,104.00925569265642,105.29566756894121,101.30784709576521,960
2023-04-26,103.37107599026834,102.13261623070326,105.29850111577223,100.06279978188988,390
2023-04-27,103.6590181368481,103.37107599026834,103.85741931479005,103.23908688648285,576
2023-04-28,103.27252321004292,103.6590181368481,103.68706096704202,102.05326681021953,381
2023-04-29,102.92180185949668,103.27252321004292,105.69505246895346,102.83758789735072,391
2023-04-30,103.2735212728368,102.92180185949668,104.0411492479501,102.7148554235249,505
2023-05-01,101.90286077723326,103.2735212728368,104.59486868416741,101.82796266900122,915
2023-05-02,104.1242796781144,101.90286077723326,104.30519307916003,100.5013147745845,513
2023-05-03,102.99182394653604,104.1242796781144,104.13441810853669,102.29404332159758,100
2023-05-04,101.19564644375447,102.99182394653604,103.35736407739185,100.54347923847283,154
2023-05-05,101.35915191708871,101.19564644375447,101.59711381314587,100.6266792860251,404
2023-05-06,101.76979225285338,101.35915191708871,101.80112964858577,99.68452982351626,357
2023-05-07,100.92659416110972,101.76979225285338,101.96256198917503,100.89302637306986,685
2023-05-08,100.59837673691327,100.92659416110972,100.96270996038747,99.35407071378148,549
2023-05-09,99.93594908585942,100.59837673691327,102.78064810671547,99.86728352896564,345
2023-05-10,101.35686993749961,99.93594908585942,102.08755163560268,99.07124782522781,610
2023-05-11,103.22638749446897,101.35686993749961,103.32647594485137,101.31140543375194,596
2023-05-12,104.0101439900329,103.22638749446897,104.82299848616837,102.00466944142084,253
2023-05-13,103.21945239052066,104.0101439900329,104.9099505288543,102.18565383559176,638
2023-05-14,102.792317613805,103.21945239052066,103.82468591850389,102.5008136972675,791
2023-05-15,103.48484301695845,102.792317613805,104.52203031690671,101.21570672014147,330
2023-05-16,103.93292579585483,103.48484301695845,104.19176784239971,102.56894873086615,690
2023-05-17,103.37131616483242,103.93292579585483,105.79992328404076,103.2489968547051,266
2023-05-18,105.22278940623059,103.37131616483242,106.4717428080584,103.0690191383432,914
2023-05-19,106.42388553374367,105.22278940623059,108.19500434805924,104.34874837182257,155
2023-05-20,106.64653861954693,106.42388553374367,107.9973515302859,106.26726901398575,720
2023-05-21,106.87960106966435,106.64653861954693,107.85143999044692,105.28606306419314,944
2023-05-22,108.43891945147865,106.87960106966435,109.74341620655835,105.94655774077839,537
2023-05-23,109.21202248929394,108.43891945147865,110.09214358363333,108.1952587268367,739
2023-05-24,109.54056799479748,109.21202248929394,111.2666895013679,105.77766024155413,621
2023-05-25,108.57506236046777,109.54056799479748,109.93124600366667,107.87286195836674,206
2023-05-26,108.00177817795635,108.57506236046777,109.12867658439363,105.77861401617922,366
2023-05-27,107.23014837685547,108.00177817795635,108.0211421159091,105.29139331554765,840
2023-05-28,109.61267610096323,107.23014837685547,110.6466481998291,106.81218862749036,791
2023-05-29,108.73184303644433,109.61267610096323,110.19272580217407,108.14062752522307,812
2023-05-30,108.52335635586715,108.73184303644433,109.8397265497191,108.49694462983275,268
2023-05-31,109.61335751811257,108.52335635586715,110.01398684660248,106.88685029383754,568
2023-06-01,108.26720162123989,109.61335751811257,110.16722952918046,107.66024721253571,616
2023-06-02,109.22649679316068,108.26720162123989,111.04117677665305,108.01561765620373,760
2023-06-03,108.71193634604613,109.22649679316068,109.4825773300117,107.45521411553202,802
2023-06-04,109.05166874589082,108.71193634604613,109.38281717174809,106.8304094471421,270
2023-06-05,106.8131436116613,109.05166874589082,109.40895248318786,106.53303835555471,506
2023-06-06,106.6910100220958,106.8131436116613,107.20056750145024,106.61766012105205,714
2023-06-07,106.49458389375137,106.6910100220958,107.43057451600194,106.42642699517884,565
2023-06-08,106.10741085368188,106.49458389375137,107.86069211055434,104.52392952969217,687
2023-06-09,107.33304965899663,106.10741085368188,107.95341734373173,106.00556336786038,700
2023-06-10,106.51888341126424,107.33304965899663,107.49645669221111,105.6088507611954,347
2023-06-11,106.9215184758499,106.51888341126424,107.47785579414348,106.21596796664048,209
2023-06-12,105.58395079963522,106.9215184758499,107.41341051549661,104.7826093997144,723
2023-06-13,105.40183638287785,105.58395079963522,106.07131335695459,104.86360183661864,745
2023-06-14,105.53334663109058,105.40183638287785,108.13305287502257,103.17043340183874,620
2023-06-15,108.15251049224777,105.53334663109058,109.19834649974172,105.35407410640907,666
2023-06-16,105.96343434276486,108.15251049224777,108.36176391181628,104.37874777751325,174
2023-06-17,106.14081930129015,105.96343434276486,107.04051115001388,104.53620593807443,940
2023-06-18,107.2792611214948,106.14081930129015,108.77851906033445,105.67394616740327,646
2023-06-19,108.12433111994261,107.2792611214948,109.32754964130096,107.08574316431287,462
2023-06-20,106.66285827479825,108.12433111994261,108.50049073798137,106.30406326187656,240
2023-06-21,107.0874377308053,106.66285827479825,108.84205734413355,106.06346623419418,913
2023-06-22,106.66081621336274,107.0874377308053,108.3302292512265,106.26557451366095,107
2023-06-23,106.37576026525363,106.66081621336274,107.30865924354005,105.94329482101999,427
2023-06-24,104.68329009449982,106.37576026525363,106.5958451584299,102.89444171442359,850
2023-06-25,103.98507632963585,104.68329009449982,105.02090716627771,101.54991616147282,963
2023-06-26,104.81273508724122,103.98507632963585,106.23223517150339,103.57445877519748,371
2023-06-27,104.09112617193512,104.81273508724122,105.52876981689401,102.78497713767872,391
2023-06-28,104.85843364972294,104.09112617193512,105.0978077161628,103.18953718583302,186
2023-06-29,101.86416356594663,104.85843364972294,105.11535039248874,100.41033969313958,112
2023-06-30,102.9566130253659,101.86416356594663,103.56359647004771,100.22392254781205,569
2023-07-01,103.46563992407698,102.9566130253659,103.64765889548916,102.89770574811773,620
2023-07-02,103.26665014979898,103.46563992407698,104.26838949211968,102.72307610077729,771
2023-07-03,103.39087109070303,103.26665014979898,104.54427348191611,103.23403042990314,477
2023-07-04,105.20699049075367,103.39087109070303,106.74690507267015,102.73704788424976,314
2023-07-05,104.74304372002229,105.20699049075367,106.6452800321208,104.15262421256658,463
2023-07-06,105.71595347220315,104.74304372002229,107.76146346089025,103.2771638940171,474
2023-07-07,107.26042358801136,105.71595347220315,107.55930080041543,104.7815501705673,250
2023-07-08,107.17420404882876,107.26042358801136,108.24387207897968,104.85817015165509,351
2023-07-09,107.18158679611963,107.17420404882876,107.25541149502943,105.79428260135859,395
2023-07-10,106.41529194781559,107.18158679611963,108.75088802079547,106.41292674097141,170
2023-07-11,106.91109237511124,106.41529194781559,107.52765718962893,106.20653106666406,849
2023-07-12,107.87120043921605,106.91109237511124,109.17133214271621,105.37817459241245,633
2023-07-13,110.46427530437037,107.87120043921605,111.59909917773687,106.73743684584099,328
2023-07-14,111.80156183089272,110.46427530437037,111.94043732023017,110.26866685650616,670
2023-07-15,110.53263233108218,111.80156183089272,112.10071584411793,109.43910377132015,123
2023-07-16,110.26554440891755,110.53263233108218,111.10342623042438,110.0054626505932,867
2023-07-17,111.28095961130566,110.26554440891755,111.4179173753329,109.65750521452402,484
2023-07-18,110.90355104744991,111.28095961130566,113.09603731651961,110.76668229213526,157
2023-07-19,110.40849956857824,110.90355104744991,111.07175898428105,109.26949456104978,203
2023-07-20,110.16641757222273,110.40849956857824,111.931282702443,109.43398146978458,372
2023-07-21,111.59054015285156,110.16641757222273,112.23909201490628,108.52019025622853,141
2023-07-22,113.38553247948975,111.59054015285156,113.52375474738203,111.33220393085476,181
2023-07-23,115.24580185301663,113.38553247948975,115.3325318562811,113.10469522024222,674
2023-07-24,114.51529631484533,115.24580185301663,116.72991820328278,114.07784772730581,281
2023-07-25,114.54346631275746,114.51529631484533,115.03622052847528,113.70165574152675,833
2023-07-26,115.17146385196352,114.54346631275746,115.50739754002434,114.04959562608232,605
2023-07-27,114.62871026653973,115.17146385196352,115.64858284162034,113.79285526810686,700
2023-07-28,114.02432360976717,114.62871026653973,114.66347447049941,112.59922447355504,107
2023-07-29,112.27191663968841,114.02432360976717,115.05182974664274,112.08017261845488,154
2023-07-30,111.07248313129227,112.27191663968841,112.44419993233184,110.55106387935503,253
2023-07-31,110.0393053220414,111.07248313129227,111.56933652736487,108.37683957883584,940
2023-08-01,110.47877540706035,110.0393053220414,110.53911658261664,109.97327970798865,866
2023-08-02,110.37082012730993,110.47877540706035,111.34815040232574,107.77423943530468,227
2023-08-03,109.37416800398486,110.37082012730993,111.58612131436762,107.91610227744982,450
2023-08-04,109.66585599790615,109.37416800398486,109.76409592419499,107.87231563825853,629
2023-08-05,109.30031818202752,109.66585599790615,111.51125191519799,107.9952199999643,335
2023-08-06,108.43166388870392,109.30031818202752,109.70604272143447,108.14901536270673,107
2023-08-07,107.86112308229721,108.43166388870392,110.08871517052339,107.68438675718868,986
2023-08-08,108.71558896808982,107.86112308229721,109.15886167655769,106.9603526063499,885
2023-08-09,108.57097879248694,108.71558896808982,109.12367690071186,107.06757431760947,843
2023-08-10,108.25188105389569,108.57097879248694,108.76111962070439,106.0782472312197,367
2023-08-11,107.33083966372058,108.25188105389569,108.44386346737332,106.23259765793186,820
2023-08-12,109.16849351674743,107.33083966372058,109.61247610213104,106.82339123038496,174
2023-08-13,108.45777369300772,109.16849351674743,110.02578681641693,107.62701839386378,604
2023-08-14,108.18880225635054,108.45777369300772,109.09330355677136,107.33135990448073,421
2023-08-15,109.0676356178273,108.18880225635054,109.63375973115991,108.02357690050817,532
2023-08-16,109.64424684485391,109.0676356178273,110.1784990986088,108.83024583832716,730
2023-08-17,111.01528270761497,109.64424684485391,111.79412980652764,109.23223307275873,162
2023-08-18,111.93780451535332,111.01528270761497,112.2116612220201,110.8715986987704,859
2023-08-19,111.43534003021531,111.93780451535332,112.0824146964994,109.87078322532845,577
2023-08-20,111.80517911848709,111.43534003021531,111.81081478754486,110.68876877422501,335
2023-08-21,112.33592181852711,111.80517911848709,113.39295404242321,111.00065393112517,505
2023-08-22,112.14515771176565,112.33592181852711,112.60184408390315,110.61230417797829,982
2023-08-23,110.49752017440187,112.14515771176565,113.36103476713363,110.45922697048927,247
2023-08-24,112.42601197814602,110.49752017440187,114.3461163855218,110.48133837588546,609
2023-08-25,113.34555883878875,112.42601197814602,113.82497570211194,111.35602768322096,892
2023-08-26,113.54009232815201,113.34555883878875,114.00316807019644,113.02496993014154,118
2023-08-27,114.18295252764109,113.54009232815201,115.152860914761,112.69643122330413,307
2023-08-28,113.7333651283498,114.18295252764109,114.28652593061122,112.63497826138922,744
2023-08-29,113.40221839686451,113.7333651283498,113.93713216077154,112.97764513556442,120
2023-08-30,112.30179626488331,113.40221839686451,114.6773535310679,112.27473150283728,835
2023-08-31,113.34379491038074,112.30179626488331,113.96139323679444,111.34647974394723,714
2023-09-01,112.9018298180776,113.34379491038074,113.83502574421934,111.41059550301719,522
2023-09-02,113.01470718480687,112.9018298180776,114.49738730657754,112.87140397858488,694
2023-09-03,112.29038752829418,113.01470718480687,113.60821581153608,112.10629322876262,949
2023-09-04,113.71166791467198,112.29038752829418,116.28693201754734,111.72580558570121,983
2023-09-05,113.44234219240207,113.71166791467198,114.01630056353905,111.92607837603244,914
2023-09-06,114.17886899504474,113.44234219240207,115.14838514034552,112.75194457193558,486
2023-09-07,115.18357348569424,114.17886899504474,115.85575878448796,113.5481140542731,237
2023-09-08,115.4004805579034,115.18357348569424,115.65316656888609,113.3458337738799,297
2023-09-09,115.5424958653857,115.4004805579034,115.73866517092728,113.96495771910764,246
2023-09-10,113.64548095797446,115.5424958653857,115.63440306748426,112.8963940948864,761
2023-09-11,115.22098085407254,113.64548095797446,115.5154416060582,112.44557178325886,946
2023-09-12,116.04940454963837,115.22098085407254,116.73885849237598,114.94943188356643,473
2023-09-13,117.1100868012841,116.04940454963837,118.01769515309955,115.1476891642437,655
2023-09-14,117.99609769152283,117.1100868012841,119.7069958307744,116.31554761055571,649
2023-09-15,119.4172685425378,117.99609769152283,120.45627933924959,117.86439346623955,820
2023-09-16,118.4805786804057,119.4172685425378,119.75998407001804,115.94104596511269,933
2023-09-17,118.25419066969965,118.4805786804057,119.60951332532896,117.81178376588358,505
2023-09-18,119.04159715794339,118.25419066969965,120.14820761954189,117.09003425542512,361
2023-09-19,118.79945351579653,119.04159715794339,119.73228246212322,118.35720931431997,262
2023-09-20,116.36589710625124,118.79945351579653,119.46831359028896,116.21736051592222,941
2023-09-21,116.73750860476571,116.36589710625124,119.53027424639284,115.63915197094899,918
2023-09-22,116.52145816126935,116.73750860476571,116.98167871444909,116.32837821356034,671
2023-09-23,118.34558744769532,116.52145816126935,118.38270530595412,116.02837250692278,470
2023-09-24,117.92106205027018,118.34558744769532,119.8954566499249,117.25849579128756,611
2023-09-25,117.95741232387016,117.92106205027018,119.22939745969536,117.26182557378436,527
2023-09-26,117.57408201609992,117.95741232387016,119.20051251144753,116.64447101688143,749
2023-09-27,117.15168583704968,117.57408201609992,117.65690541699274,116.67505871966455,790
2023-09-28,118.95182854058541,117.15168583704968,119.33450590152971,116.3678187260625,662
2023-09-29,117.86386128114557,118.95182854058541,119.27124181097666,115.83919356749482,406
2023-09-30,119.1319674335784,117.86386128114557,119.84788623511504,117.55800710425684,124
2023-10-01,118.17962261998491,119.1319674335784,119.27998344922217,117.62995496242587,467
2023-10-02,116.69218065197646,118.17962261998491,119.88080459467406,116.31181283444131,895
2023-10-03,117.382230832443,116.69218065197646,118.89780603399375,115.7467958351703,260
2023-10-04,120.22188545351808,117.382230832443,120.46243192035257,117.0963415945489,264
2023-10-05,118.91266946644575,120.22188545351808,120.26149611236809,117.99891221273231,495
2023-10-06,118.75277186388564,118.91266946644575,120.30957836260667,117.94378248605187,146
2023-10-07,119.4139883344245,118.75277186388564,121.25699787215896,118.42829313162277,826
2023-10-08,119.19005312935917,119.4139883344245,120.04681272995414,117.67761869542359,737
2023-10-09,121.56583608225549,119.19005312935917,123.83946969660202,119.06875207386305,965
2023-10-10,122.13496756517236,121.56583608225549,122.57956613228092,120.72762816018616,578
2023-10-11,122.43581325509554,122.13496756517236,123.98210116082241,121.30365994353018,773
2023-10-12,123.59330014644841,122.43581325509554,123.74457534981089,121.68852632896447,631
2023-10-13,124.0799362644185,123.59330014644841,124.59705378639671,122.3600760790504,975
2023-10-14,123.79700064795213,124.0799362644185,125.53983779497702,123.00837149725106,932
2023-10-15,125.05028831832925,123.79700064795213,125.25619799972374,122.67161394117107,796
2023-10-16,123.62203120465568,125.05028831832925,126.0808067878651,122.55036744010206,341
2023-10-17,124.18674243722053,123.62203120465568,124.45071130099649,121.33488010970585,319
2023-10-18,122.47362833388243,124.18674243722053,124.54168292418777,122.17728128866321,958
2023-10-19,122.71901235159802,122.47362833388243,124.93853180144629,121.81729279462381,338
2023-10-20,122.45558691811782,122.71901235159802,124.03406119086344,120.88103648425204,111
2023-10-21,122.8569224823858,122.45558691811782,124.40383895311257,121.80765897492836,739
2023-10-22,121.36183230514388,122.8569224823858,124.82377098099845,121.2270406896051,263
2023-10-23,119.80894399749928,121.36183230514388,121.91320928351452,119.78325333673665,528
2023-10-24,118.7126235881151,119.80894399749928,120.57890860568504,118.10543987372102,561
2023-10-25,118.29535370960272,118.7126235881151,120.13640796859237,116.7009438396066,379
2023-10-26,119.87334477435235,118.29535370960272,120.84911971373006,117.56779194933728,774
2023-10-27,118.34266061866296,119.87334477435235,120.09428563224328,117.97013263257031,981
2023-10-28,117.51067787438413,118.34266061866296,118.51220750270737,117.26458155223199,149
2023-10-29,116.24614719992852,117.51067787438413,118.65238686076295,116.24320522112771,805
2023-10-30,116.57611894338262,116.24614719992852,117.73511643553516,115.77089867849932,707
2023-10-31,116.55121364863118,116.57611894338262,117.34339218515828,116.46383631186265,838
2023-11-01,117.3097166389538,116.55121364863118,117.81645405397774,115.35522763168811,693
2023-11-02,117.62828664557932,117.3097166389538,119.05538178118103,117.3063156759904,444
2023-11-03,117.54085362937329,117.62828664557932,117.89414833944586,117.40223704739057,301
2023-11-04,117.19890260793346,117.54085362937329,118.80900148676687,116.89165075995759,820
2023-11-05,115.69881815634545,117.19890260793346,117.90735983546288,115.1420895733321,680
2023-11-06,114.58204795008075,115.69881815634545,116.50921144511537,112.54916516043448,759
2023-11-07,116.19131238692822,114.58204795008075,117.42417204188371,113.960065970503,637
2023-11-08,115.08494855012201,116.19131238692822,116.25770131746226,114.13439249494247,127
2023-11-09,114.5449426506189,115.08494855012201,116.06370044010868,114.31620276395998,902
2023-11-10,114.91836754658705,114.5449426506189,115.02148590232761,114.1089400690014,716
2023-11-11,114.12753977935182,114.91836754658705,115.81739235786758,112.50808817860892,600
2023-11-12,114.6269530832307,114.12753977935182,115.35220239607943,113.91666057143743,760
2023-11-13,114.73386807208024,114.6269530832307,115.60031620769325,113.27543330259489,591
2023-11-14,115.11869739419052,114.73386807208024,116.08027743934377,113.79993306963198,447
2023-11-15,113.83754281336802,115.11869739419052,116.1458443983089,112.99339186558703,748
2023-11-16,113.11489424136346,113.83754281336802,114.21383192071846,112.60633000227158,564
2023-11-17,113.80214657460162,113.11489424136346,114.89908720469835,112.32870061231306,466
2023-11-18,114.8301822456345,113.80214657460162,115.51856177526214,111.83061196708243,944
2023-11-19,113.9215273164667,114.8301822456345,116.43268916360495,112.15913939527184,391
2023-11-20,114.00816892079182,113.9215273164667,114.86051957146245,113.50547924758428,458
2023-11-21,115.57326456186587,114.00816892079182,115.85798379081434,112.90531922411772,451
2023-11-22,116.02591820471284,115.57326456186587,116.53163376660451,114.49485912399089,610
2023-11-23,116.39539923282462,116.02591820471284,116.63495620585037,115.99984779712443,748
2023-11-24,117.17569669310951,116.39539923282462,117.2822331988432,115.16705988720395,566
2023-11-25,118.13870078675812,117.17569669310951,118.54614187979686,117.1072484937059,749
2023-11-26,118.06755980742207,118.13870078675812,118.31282175485977,116.64207590273195,472
2023-11-27,117.83407838293778,118.06755980742207,118.85207829082358,117.14500115334154,917
2023-11-28,118.60750829002049,117.83407838293778,119.15869756870413,115.50384298115327,635
2023-11-29,120.47692693721382,118.60750829002049,120.67941639013137,118.26923043644746,374
2023-11-30,119.68425257707014,120.47692693721382,122.00964777494453,118.54266483509123,716
2023-12-01,120.89559708397056,119.68425257707014,121.57908666697917,118.86855393998744,846
2023-12-02,120.13722575795009,120.89559708397056,121.65480245655225,119.63637959848701,294
2023-12-03,121.64804704530542,120.13722575795009,122.250722305751,118.86020931733607,780
2023-12-04,121.20469540472229,121.64804704530542,123.32748033873251,119.87525711020818,600
2023-12-05,121.63824138660945,121.20469540472229,122.71587320566861,121.12118376672231,220
2023-12-06,119.55174958941767,121.63824138660945,122.05026841266277,119.30964767157225,843
2023-12-07,118.78442671409489,119.55174958941767,120.62107475091267,118.42953194029997,551
2023-12-08,117.41725724769299,118.78442671409489,119.57842162245225,117.33685199315424,870
2023-12-09,116.75493471758085,117.41725724769299,119.71228856016957,116.63574923008636,214
2023-12-10,117.8472675701886,116.75493471758085,118.98419185419073,116.40821141875188,151
2023-12-11,119.22748231493573,117.8472675701886,121.49115476162514,117.4465290840106,454
2023-12-12,118.53244868880292,119.22748231493573,119.26241880850917,116.65033042718552,313
2023-12-13,119.64610146577158,118.53244868880292,120.56663958752165,117.64620807660393,763
2023-12-14,119.36096653586401,119.64610146577158,121.86260919894029,118.88469974755202,756
2023-12-15,119.20969564318048,119.36096653586401,120.25829282165861,118.9985553304077,863
2023-12-16,119.24403506069314,119.20969564318048,119.52207230955399,119.10544245337535,897
2023-12-17,119.09739229015631,119.24403506069314,120.42512025592184,119.05120830193536,785
2023-12-18,118.60479901162752,119.09739229015631,119.97389751165433,118.11836260938965,896
2023-12-19,117.91800674168218,118.60479901162752,118.74883670657141,117.57109056843636,151
2023-12-20,118.0976010900582,117.91800674168218,118.68742244937346,117.32661780687232,664
2023-12-21,118.43845329711687,118.0976010900582,119.37911696316147,116.44574246808098,347
2023-12-22,118.05113120236035,118.43845329711687,118.80916611479324,116.81377859974795,506
2023-12-23,119.43676810041083,118.05113120236035,119.731352097409,116.7086172151881,447
2023-12-24,120.46178100509846,119.43676810041083,120.50899810621432,118.53057794421599,217
2023-12-25,121.22350895701615,120.46178100509846,121.34367083408962,119.25607166806374,866
2023-12-26,122.03557419538473,121.22350895701615,123.15988554486204,120.24858022077032,390
2023-12-27,121.38059457769033,122.03557419538473,122.90669924568785,121.21292752698058,387
2023-12-28,121.111745086725,121.38059457769033,123.3436018529744,120.54506501837237,264
2023-12-29,120.43441283348095,121.111745086725,121.58989183510782,119.9137479910272,206
2023-12-30,119.26505163564012,120.43441283348095,120.67336451973517,119.04892119804443,894
2023-12-31,118.51464688173228,119.26505163564012,120.01408394867583,117.35785413588887,388
2024-01-01,118.29185405536003,118.51464688173228,119.94164300786619,116.61836907119603,701
2024-01-02,118.90083379947899,118.29185405536003,119.3031818989932,116.45346027789188,115
2024-01-03,119.26085602657325,118.90083379947899,120.90820887814616,118.60344551785145,495
2024-01-04,119.52260954716604,119.26085602657325,119.8510451978195,119.01253522350225,874
2024-01-05,118.71603705622732,119.52260954716604,120.85514477220268,118.30415514012921,547
2024-01-06,117.8937515555988,118.71603705622732,118.93338032852391,116.92541075962741,795
2024-01-07,118.78389958601716,117.8937515555988,119.00010635997965,115.58250631804424,696
2024-01-08,117.97973405819408,118.78389958601716,120.02171355299586,116.97372805743476,790
2024-01-09,119.05984569966164,117.97973405819408,121.22600818931083,117.47810238621683,462
2024-01-10,119.18027902916351,119.05984569966164,119.41257332816161,118.54207389043967,982
2024-01-11,118.60637627764729,119.18027902916351,119.25566388630853,117.37365344413408,640
2024-01-12,119.011326663377,118.60637627764729,120.32402856884298,118.48904556801367,581
2024-01-13,118.30235077840801,119.011326663377,119.4306673409152,117.9933646659056,482
2024-01-14,116.30193994203236,118.30235077840801,119.3065778729742,116.22521142524462,287
2024-01-15,117.8747620022375,116.30193994203236,119.3148954834662,116.19860894583962,109
2024-01-16,117.66196704108526,117.8747620022375,118.21889666022568,117.3700949057174,666
2024-01-17,117.74794585443766,117.66196704108526,118.55701965670866,117.46494034737114,450
2024-01-18,117.41461417148095,117.74794585443766,118.4072433515761,115.79730780772816,148
2024-01-19,119.15818008016939,117.41461417148095,119.84131479134389,116.97124710604484,188
2024-01-20,119.20644467492298,119.15818008016939,121.76504006020053,118.47763365789527,776
2024-01-21,120.28939359173319,119.20644467492298,120.34141626007597,118.9406853335031,924
2024-01-22,120.06094507788397,120.28939359173319,121.12977988695869,119.26132630219817,145
2024-01-23,121.59411715292734,120.06094507788397,122.48878152887713,119.28477197116014,574
2024-01-24,121.30652156015077,121.59411715292734,121.65527309572263,120.06723301204745,624
2024-01-25,122.473704743385,121.30652156015077,123.48309852610693,120.8275003587183,750
2024-01-26,123.20550958185012,122.473704743385,123.29736078535518,121.30948668565591,791
2024-01-27,122.84863305845582,123.20550958185012,124.77486131618092,122.40894629164163,909
2024-01-28,123.06315508819267,122.84863305845582,123.40724379894394,121.66359816748042,232
2024-01-29,120.10234695536069,123.06315508819267,123.31514353127932,117.24918584179339,798
2024-01-30,118.7468652401644,120.10234695536069,120.71361554746146,118.43503806053847,571
2024-01-31,118.23176497346394,118.7468652401644,118.97412956989619,118.1042244572136,988
2024-02-01,117.09642685654472,118.23176497346394,119.6519381339234,116.24667285920435,422
2024-02-02,116.76723314988826,117.09642685654472,117.3307563889813,116.4347193260819,555
2024-02-03,116.79100385019758,116.76723314988826,117.71860505357162,115.93695951822559,157
2024-02-04,115.98477434725329,116.79100385019758,117.7800955079503,113.74232796048535,755
2024-02-05,117.40850313501419,115.98477434725329,117.53463581789642,115.91159519824075,568
2024-02-06,118.06945746519943,117.40850313501419,119.50646257707994,116.8705508507345,628
2024-02-07,119.00241176496698,118.06945746519943,120.18231399564189,117.75885362072137,836
2024-02-08,117.55969548667778,119.00241176496698,119.43999893071057,116.97722592732683,588
2024-02-09,118.46609079266446,117.55969548667778,119.86000001742428,117.30618599666089,196
2024-02-10,118.75672928129589,118.46609079266446,119.30735165869622,116.71741548322625,191
2024-02-11,118.75485465557145,118.75672928129589,119.53086396581088,118.11649834715531,709
2024-02-12,117.41033134222019,118.75485465557145,118.99053922219875,117.113921273418,966
2024-02-13,116.73560289117128,117.41033134222019,117.89277436381673,116.68122667932462,880
2024-02-14,117.22926856514137,116.73560289117128,118.82812008034638,115.39348240551229,503
2024-02-15,115.4446068074274,117.22926856514137,117.29462426758715,114.66358544911698,807
2024-02-16,116.53392766179351,115.4446068074274,116.69740569636701,115.15644686862258,431
2024-02-17,115.81350620089108,116.53392766179351,119.830146433717,113.37924193600763,839
2024-02-18,115.72986975427558,115.81350620089108,115.89622416902192,114.57956847393244,482
2024-02-19,115.11532984692674,115.72986975427558,116.43560896031913,114.40076260887247,705
2024-02-20,114.78894219263034,115.11532984692674,115.19756017061681,114.72413705213631,833
2024-02-21,112.9596978896719,114.78894219263034,115.51400237618562,111.48878146152947,584
2024-02-22,112.34154224517631,112.9596978896719,113.99126435714214,111.66316354376158,964
2024-02-23,112.38924536821325,112.34154224517631,112.4452687094506,112.16506093704588,567
2024-02-24,112.77748963068333,112.38924536821325,114.15635816254176,112.34410323178656,224
2024-02-25,113.61816407993533,112.77748963068333,114.71530446677015,111.59852513070783,120
2024-02-26,113.45655292577621,113.61816407993533,114.18580898854054,112.88830022931987,763
2024-02-27,112.57428078468654,113.45655292577621,113.6767700088138,112.52769131619212,997
2024-02-28,113.0136999623205,112.57428078468654,113.85096253538994,112.39040192704051,714
2024-02-29,112.32278919574442,113.0136999623205,113.50536069815243,112.01889533843783,902
2024-03-01,113.43150008923908,112.32278919574442,113.78778456462797,111.5996497551935,935
2024-03-02,113.44501359673079,113.43150008923908,114.4868298073732,112.36052122134787,826
2024-03-03,112.61257428997845,113.44501359673079,114.94101656496333,112.52044226428778,680
2024-03-04,113.23227139256531,112.61257428997845,114.4833385043784,112.23457784760191,729
2024-03-05,113.95549289043954,113.23227139256531,114.03420673419846,111.31030769343083,945
2024-03-06,113.92323382545041,113.95549289043954,114.2256510272885,112.12949384407243,505
2024-03-07,113.73362340679041,113.92323382545041,114.38095250875331,111.56515412318856,622
2024-03-08,112.9878677143926,113.73362340679041,113.7373144431729,111.8570418920893,253
2024-03-09,112.55952072174493,112.9878677143926,113.75743890063133,111.68083906673132,225
2024-03-10,113.23120636982978,112.55952072174493,113.98223537745476,112.45307940837591,926
2024-03-11,113.15619862516073,113.23120636982978,115.34452927914958,110.88694794855483,944
2024-03-12,111.70299119264821,113.15619862516073,113.93947844771803,110.25328014771225,431
2024-03-13,112.6644032459457,111.70299119264821,114.38974750099923,111.48920882817687,738
2024-03-14,111.88704252185016,112.6644032459457,112.71439857521794,110.1938139988361,857
2024-03-15,110.97126690344834,111.88704252185016,113.70246814172778,110.34396177494929,233
2024-03-16,111.13125749267233,110.97126690344834,113.42056719442269,110.92168251891438,385
2024-03-17,110.61137236284553,111.13125749267233,111.2823896781911,110.0539755652122,844
2024-03-18,110.72844852993302,110.61137236284553,111.52278587870059,109.05892751027196,422
2024-03-19,110.94534825697275,110.72844852993302,112.2453995940262,110.28747129632453,859
2024-03-20,110.64572844877178,110.94534825697275,111.98509596847539,110.28461005749507,201
2024-03-21,111.20966119950134,110.64572844877178,112.52898398859415,108.8809979562131,233
2024-03-22,112.16288654498157,111.20966119950134,112.61247445022254,111.12760301270876,921
2024-03-23,111.0431455976243,112.16288654498157,112.42243395976121,110.69446185819953,640
2024-03-24,112.48902518417098,111.0431455976243,114.11259851229818,109.04272462277555,588
2024-03-25,112.78168381585259,112.48902518417098,113.42632601475795,112.00721470458141,273
2024-03-26,113.5264005129684,112.78168381585259,113.92288598952841,112.24584594294834,255
2024-03-27,114.70353996748855,113.5264005129684,115.21460394190817,112.91388324467641,339
2024-03-28,113.69753197344089,114.70353996748855,114.70375013424716,112.77109945194876,695
2024-03-29,113.21908385551495,113.69753197344089,114.14962633136582,111.53155454103185,563
2024-03-30,113.87721296872358,113.21908385551495,115.60964831094803,112.72299692460433,187
2024-03-31,114.40063116290116,113.87721296872358,114.98543381883415,113.35745397203237,535
2024-04-01,114.08424231453766,114.40063116290116,114.6337863268512,113.73162864675577,498
2024-04-02,113.91014362303636,114.08424231453766,114.502013526207,113.5374036381082,653
2024-04-03,113.92000331187437,113.91014362303636,114.82838750446054,112.8851996744728,284
2024-04-04,114.76984809930916,113.92000331187437,114.82719828186498,113.38620056395119,607
2024-04-05,114.75589611143833,114.76984809930916,115.8557049541789,113.64394906261492,809
2024-04-06,114.48180227150505,114.75589611143833,115.08728748729303,112.53540878653718,563
2024-04-07,116.04959175115813,114.48180227150505,116.42059435648825,113.43143935775642,802
2024-04-08,116.30352348460212,116.04959175115813,116.4959396123223,115.97459085558089,725
2024-04-09,116.7696763296158,116.30352348460212,118.22656503378221,115.90262493810856,543
2024-04-10,116.81215419798313,116.7696763296158,118.2487242635721,116.001280329364,945
2024-04-11,115.18405586908074,116.81215419798313,118.17700914835476,114.4032896487636,708
2024-04-12,116.16191779644477,115.18405586908074,116.65655317653918,114.59165691841176,183
2024-04-13,113.99526534430052,116.16191779644477,116.58834675577323,113.20933449283186,396
2024-04-14,115.84266272420254,113.99526534430052,116.06048363110833,113.53377770786885,594
2024-04-15,116.7198121799845,115.84266272420254,117.3440130418962,114.48872124929854,481
2024-04-16,117.75217091705755,116.7198121799845,118.29827440875519,116.28587765429681,246
2024-04-17,119.6380916141731,117.75217091705755,120.13741500327029,117.32245066139308,170
2024-04-18,118.81612954091564,119.6380916141731,120.53339318960104,117.12112849406087,892
2024-04-19,119.01547687797769,118.81612954091564,119.68849103735884,116.94941126996191,341
2024-04-20,119.11839092660745,119.01547687797769,119.23124169153384,117.22152292870653,120
2024-04-21,119.91100305613273,119.11839092660745,120.04525303252471,118.70344310345268,867
2024-04-22,118.83141205776269,119.91100305613273,119.95751477565861,117.1853081256576,198
2024-04-23,118.75514618465817,118.83141205776269,119.34493635916547,118.45939538531184,687
2024-04-24,116.78090781094141,118.75514618465817,118.94928045902009,115.83384455727379,134
2024-04-25,117.61532302847075,116.78090781094141,117.79838165489883,116.73848289335224,990
2024-04-26,117.18805708621862,117.61532302847075,119.33861435348466,116.33490282367636,255
2024-04-27,116.05646247557077,117.18805708621862,118.19227249097919,115.22945330960464,578
2024-04-28,116.43558605743756,116.05646247557077,116.93013087263064,115.24343353579333,989
2024-04-29,116.80801219157624,116.43558605743756,117.45228507047362,116.2485999890233,471
2024-04-30,116.22870649399411,116.80801219157624,117.59467627468098,116.20935902763499,584
2024-05-01,114.81689476401255,116.22870649399411,116.75545607116962,113.84845921459063,784
2024-05-02,114.19627877447226,114.81689476401255,115.7230286269184,113.31420044567791,804
2024-05-03,114.5258861215545,114.19627877447226,115.68784210899464,113.78908762615247,994
2024-05-04,111.87620991013979,114.5258861215545,114.93713049534486,111.82160095359711,353
2024-05-05,111.07415603994079,111.87620991013979,111.98727612200787,110.55416290686092,889
2024-05-06,111.7982410749096,111.07415603994079,111.95079769234006,108.97876859577414,771
2024-05-07,111.39016049595978,111.7982410749096,112.09406223917708,110.29063333588243,951
2024-05-08,113.27716042110164,111.39016049595978,114.21543158418713,110.67046957375442,306
2024-05-09,112.19171053632171,113.27716042110164,114.63858244666848,111.10170010401427,733
2024-05-10,111.91636930416297,112.19171053632171,112.21701490324895,109.39484875092089,847
2024-05-11,112.5544468924406,111.91636930416297,112.62463322519426,110.57515544285847,970
2024-05-12,114.98724462543932,112.5544468924406,115.65185974653029,111.76064139342374,662
2024-05-13,115.25820857742747,114.98724462543932,115.81815727674909,113.36248230026465,610
2024-05-14,113.89316342864333,115.25820857742747,115.42702404984097,112.81114541386641,658
2024-05-15,113.78750672105872,113.89316342864333,114.16345656999144,113.02852518511824,254
2024-05-16,112.82267995721662,113.78750672105872,114.58384248106005,112.59593069356507,189
2024-05-17,114.15636654275505,112.82267995721662,114.5271440039877,112.76742562258639,562
2024-05-18,112.4790319740536,114.15636654275505,114.9265491956992,111.60522760225474,904
2024-05-19,113.54162780450973,112.4790319740536,114.8435958794595,111.94005809253797,721
2024-05-20,112.81275600842788,113.54162780450973,114.07048892239517,112.3282816647459,939
2024-05-21,110.93007296841341,112.81275600842788,115.41997025354168,110.02945605678768,420
2024-05-22,110.25682950534234,110.93007296841341,111.30090284210661,109.68271469719583,326
2024-05-23,109.49133223916589,110.25682950534234,111.54765734568309,108.86626629216147,765
2024-05-24,109.28527339213306,109.49133223916589,110.59769948112607,108.95619038839331,735
2024-05-25,108.4678647377921,109.28527339213306,110.1919201745209,108.43670180672379,542
2024-05-26,109.14112101910929,108.4678647377921,109.8273623111185,106.17822613931075,583
2024-05-27,110.46754690472636,109.14112101910929,112.02060027749536,108.78587316260256,524
2024-05-28,110.9742855724199,110.46754690472636,111.70732255287844,109.60976213838704,798
2024-05-29,110.81675063240658,110.9742855724199,111.73888614294287,110.02113554304866,738
2024-05-30,112.57166598529773,110.81675063240658,112.96904502525084,110.3065152128915,433
2024-05-31,111.24823325974248,112.57166598529773,113.17329234167234,110.81974839077964,616
2024-06-01,109.98748446481508,111.24823325974248,111.7681668255008,109.62670875484514,232
2024-06-02,111.01294632610738,109.98748446481508,111.62266334019014,109.8111196529601,713
2024-06-03,109.20347453544125,111.01294632610738,111.91221925813427,108.21356621154945,583
2024-06-04,110.28643303530572,109.20347453544125,111.85676807544716,109.19165973832172,183
2024-06-05,110.21313068637345,110.28643303530572,111.09651575253959,109.80796765846922,157
2024-06-06,108.99897575351194,110.21313068637345,110.962228076294,106.62744166274958,492
2024-06-07,107.19312448405879,108.99897575351194,109.62046760661842,106.40735423913388,943
2024-06-08,107.07651556092624,107.19312448405879,108.53258249143859,106.83260795330585,609
2024-06-09,106.817666338075,107.07651556092624,108.75052218093256,106.53521557771025,638
2024-06-10,106.4820456391182,106.817666338075,107.35123422335822,106.06924462708078,737
2024-06-11,105.84740615971783,106.4820456391182,106.59203639483786,104.7612602416037,688
2024-06-12,104.92672664108566,105.84740615971783,107.6926812917881,104.6990375594759,647
2024-06-13,104.22358559278327,104.92672664108566,105.00741921652799,103.22843807056474,914
2024-06-14,103.46254985895528,104.22358559278327,104.55738695925022,103.28231697212844,486
2024-06-15,102.63962926024267,103.46254985895528,103.4691531268621,102.31877151850787,135
2024-06-16,102.75168989733797,102.63962926024267,103.79875569848826,102.20676188823246,116
2024-06-17,102.84309319698546,102.75168989733797,104.06557762173917,102.22365351316536,430
2024-06-18,103.17434981814228,102.84309319698546,106.0903039097185,101.39208697085304,174
2024-06-19,102.72856136524902,103.17434981814228,103.93688096946244,102.68021409112781,122
2024-06-20,102.03270740236121,102.72856136524902,104.0562671423437,101.8332944313465,981
2024-06-21,100.03922259647281,102.03270740236121,102.18346066798519,98.01307926035706,600
2024-06-22,100.44774359166215,100.03922259647281,101.34435196189449,99.54555852392042,735
2024-06-23,100.52892060994435,100.44774359166215,101.116269082045,99.02354181216653,421
2024-06-24,96.93193851229341,100.52892060994435,100.65631898223509,96.85763442555557,599
2024-06-25,97.40004497033047,96.93193851229341,99.15736412401594,95.79305601551341,174
2024-06-26,98.81229366841734,97.40004497033047,99.13748196990541,95.44980356579501,325
2024-06-27,98.45860915170492,98.81229366841734,99.04944992258415,96.41660522425062,117
2024-06-28,98.52737470743727,98.45860915170492,98.98437559277853,98.45189861160848,706
2024-06-29,98.80271476893422,98.52737470743727,100.43057980009985,98.285163342057,995
2024-06-30,98.59740598281749,98.80271476893422,99.79964148723734,97.75368719662137,931
2024-07-01,99.05188195797356,98.59740598281749,99.87257544673935,97.76047977590744,806
2024-07-02,99.49519541364893,99.05188195797356,100.04736746114942,98.61584715656015,307
2024-07-03,99.12597182547736,99.49519541364893,100.4477664600191,98.04643108023487,193
2024-07-04,99.3536928040901,99.12597182547736,100.26532377601532,98.53498728428457,161
2024-07-05,98.57007414539557,99.3536928040901,100.78840902599146,98.51765761548958,696
2024-07-06,98.65706777825956,98.57007414539557,99.54906793246539,98.53059350690823,538
2024-07-07,96.88107092543622,98.65706777825956,98.71893827330233,95.24563282699408,441
2024-07-08,97.95251622475237,96.88107092543622,98.33960794504047,96.82722687686527,770
2024-07-09,98.58075338148939,97.95251622475237,99.14855354062546,97.73438195921214,709
2024-07-10,98.4921976550682,98.58075338148939,98.59071806132486,98.3758248691844,811
2024-07-11,98.31743066960549,98.4921976550682,98.94160052975359,98.15007618227277,523
2024-07-12,98.58538602177542,98.31743066960549,98.61034837178008,96.57106101823753,487
2024-07-13,98.01463663118088,98.58538602177542,98.80772845333,96.78917461938751,864
2024-07-14,97.28397604176395,98.01463663118088,98.27824296261323,95.67384267162085,625
2024-07-15,97.98897034609936,97.28397604176395,98.53920383707622,97.23136727245787,730
2024-07-16,96.1956911699149,97.98897034609936,98.72558477769978,95.32836562499746,494
2024-07-17,95.74772669275337,96.1956911699149,96.95167264526955,95.6663323376623,313
2024-07-18,97.43083394377952,95.74772669275337,97.92023864452678,94.90937863907622,128
2024-07-19,97.1027267476317,97.43083394377952,98.44784977950891,96.05220633723698,812
2024-07-20,96.47500139600236,97.1027267476317,98.38497969664172,94.44357996882857,883
2024-07-21,96.07243962638174,96.47500139600236,97.21756896122426,95.14518588712824,649
2024-07-22,97.00679822771176,96.07243962638174,97.22216110528457,95.87994358714217,890
2024-07-23,98.07805696134542,97.00679822771176,98.42578133702926,96.14429775667634,620
2024-07-24,97.72826746555452,98.07805696134542,99.60556571083357,96.44451127310157,706
2024-07-25,97.66481676302493,97.72826746555452,100.465828676459,96.25675513957272,286
2024-07-26,98.93128976615174,97.66481676302493,98.94987804089895,97.31480170113475,399
2024-07-27,98.04478182979283,98.93128976615174,99.68586519674221,95.88547240512098,617
2024-07-28,96.5079854316714,98.04478182979283,98.30665950301447,95.895668721837,393
2024-07-29,96.9948922943062,96.5079854316714,98.09891946919231,95.7139601306406,190
2024-07-30,95.67982415366312,96.9948922943062,97.64637749804584,94.80233594119153,524
2024-07-31,94.92915898987513,95.67982415366312,96.46938373920896,94.0988693313951,914
2024-08-01,94.57574910078593,94.92915898987513,94.99892325140219,94.06421695328275,139
2024-08-02,92.77172633129963,94.57574910078593,95.56264926234346,92.19657726086372,524
2024-08-03,93.8951156160381,92.77172633129963,94.19516684963624,92.19526246625294,784
2024-08-04,93.13461177188297,93.8951156160381,94.16598074205584,92.84053681201188,733
2024-08-05,92.03230564738685,93.13461177188297,93.18530369577113,91.6701713770083,826
2024-08-06,92.15040878082891,92.03230564738685,93.79955538751112,90.63245573087626,627
2024-08-07,92.06996631064372,92.15040878082891,93.30267413622188,90.35344995733436,815
2024-08-08,91.3686770003902,92.06996631064372,92.59248553450992,91.3493756176353,469
2024-08-09,89.62997041953224,91.3686770003902,93.15233404540325,88.30809828978543,702
2024-08-10,90.66916401863122,89.62997041953224,90.80748099700448,88.97613848302129,619
2024-08-11,91.88689586007439,90.66916401863122,92.894435704013,89.6457749637712,411
2024-08-12,91.96510776890594,91.88689586007439,94.35389210318195,91.21598865063308,504
2024-08-13,92.04154109725364,91.96510776890594,94.20774239309506,91.38133242308058,862
2024-08-14,90.78467980389011,92.04154109725364,92.12008201317917,89.30379486993102,230
2024-08-15,90.57926529063656,90.78467980389011,90.8990457795917,89.0056114051869,499
2024-08-16,89.05359029651169,90.57926529063656,90.9472989715442,88.79171660418675,363
2024-08-17,90.83522614112594,89.05359029651169,91.76222215276601,88.75762712012299,646
2024-08-18,90.75968018926841,90.83522614112594,91.05324272384865,89.4116030405557,638
2024-08-19,90.00255430203651,90.75968018926841,92.70317931351784,87.81596262829865,624
2024-08-20,90.54146626915079,90.00255430203651,90.72202253715713,89.41161757571217,435
2024-08-21,90.2282764708778,90.54146626915079,91.61878163995891,89.05728094821137,871
2024-08-22,91.43563522259657,90.2282764708778,93.88903148419284,89.25018987127032,402
2024-08-23,90.14641287444032,91.43563522259657,92.07585605506108,89.56578724697138,837
2024-08-24,90.43288044363462,90.14641287444032,90.80315464389955,89.59758917493865,882
2024-08-25,91.94227925110047,90.43288044363462,92.16481996456847,89.63273452902737,214
2024-08-26,92.4705450958849,91.94227925110047,92.50976413835723,90.04947072302139,125
2024-08-27,93.02635338541245,92.4705450958849,93.34454702303653,91.83786723723634,553
2024-08-28,93.00858832023559,93.02635338541245,94.00169011469374,92.29188071525014,431
2024-08-29,93.9469325501572,93.00858832023559,94.2472781682439,92.66778176776141,709
2024-08-30,95.0261098975061,93.9469325501572,95.57189082057857,92.22968738463742,497
2024-08-31,93.6584724157019,95.0261098975061,95.79467997505506,93.59378704185413,717
2024-09-01,94.55308158975988,93.6584724157019,95.37950490371077,93.60049893471067,143
2024-09-02,96.50260018078984,94.55308158975988,97.324911168666,94.06434455054217,350
2024-09-03,97.20851384720683,96.50260018078984,98.38427452329054,96.08692751810744,165
2024-09-04,96.85955859864747,97.20851384720683,99.04720572059082,95.01791745680286,435
2024-09-05,97.24891268668485,96.85955859864747,97.4728630680278,95.48443786007134,623
2024-09-06,96.5312563802753,97.24891268668485,97.46486377496592,96.24006906073484,651
2024-09-07,95.43226905281901,96.5312563802753,96.59142693288524,94.44149179406423,936
2024-09-08,96.53464565072319,95.43226905281901,96.57516816532363,94.4128993337217,886
2024-09-09,95.07022316503345,96.53464565072319,97.1825906583928,95.00079297298429,998
2024-09-10,95.57238510511618,95.07022316503345,95.75886689714623,94.12327405233155,128
2024-09-11,95.36670448560996,95.57238510511618,96.79004085749324,95.25584430968472,136
2024-09-12,96.88064619519227,95.36670448560996,97.52158302582947,93.42861111782756,821
2024-09-13,96.80945651420552,96.88064619519227,97.68123296167693,96.21623794848598,370
2024-09-14,96.2356495785338,96.80945651420552,98.62407409296327,95.07853746284025,630
2024-09-15,95.93938834918289,96.2356495785338,96.94267794372237,95.30108033903792,173
2024-09-16,94.32242773459149,95.93938834918289,98.0076106521686,94.11633878596234,152
2024-09-17,94.44586696180448,94.32242773459149,94.91661088115607,93.74696422877722,989
2024-09-18,93.64091316831119,94.44586696180448,94.70061442328398,92.79120768317432,384
2024-09-19,93.85952237555233,93.64091316831119,94.90137037725829,92.70589613458415,719
2024-09-20,92.95928552758954,93.85952237555233,93.98589470100842,92.5756344621938,370
2024-09-21,92.66709219956651,92.95928552758954,93.16294912080555,92.0380727274066,415
2024-09-22,91.4326151280107,92.66709219956651,93.9670206076238,91.17888879383796,306
2024-09-23,91.28365093249026,91.4326151280107,92.16326546347904,90.8237013056421,213
2024-09-24,89.84169080141596,91.28365093249026,91.64943897731126,89.73717893892406,877
2024-09-25,87.95597187764601,89.84169080141596,91.1304921153136,86.45173665189367,808
2024-09-26,86.83858473972978,87.95597187764601,89.23949561888611,86.33248354820147,557
2024-09-27,88.5096902668975,86.83858473972978,88.87784771824565,86.00124088245039,124
2024-09-28,88.3843492662588,88.5096902668975,88.7781271648583,88.17270745597676,624
2024-09-29,88.94896146330503,88.3843492662588,91.47208195173367,88.20897431125023,151
2024-09-30,88.30439917840916,88.94896146330503,89.82937743684064,87.94206541115203,925
2024-10-01,88.26549912710367,88.30439917840916,88.75945645498194,87.48273040983791,439
2024-10-02,87.61350654712065,88.26549912710367,88.28011086195374,87.41838849721059,542
2024-10-03,87.73301605343062,87.61350654712065,87.81717846865641,86.58297521420437,235
2024-10-04,88.19551517641439,87.73301605343062,88.97606553266142,87.54613525804416,193
2024-10-05,87.85920454260325,88.19551517641439,88.42749985901439,87.4871539545481,954
2024-10-06,88.81443484424102,87.85920454260325,89.17116315821491,87.22302574645069,616
2024-10-07,89.88930615297745,88.81443484424102,91.62007728622466,87.72851410078121,854
2024-10-08,88.6137452708553,89.88930615297745,92.05595839159395,87.95144616295717,457
2024-10-09,88.66114745866244,88.6137452708553,89.08302757680785,87.2279904446753,959
2024-10-10,89.28547927903386,88.66114745866244,89.45062160154248,87.28189845296836,248
2024-10-11,89.70007491343677,89.28547927903386,91.443264532167,88.99020856442012,280
2024-10-12,89.6521817857102,89.70007491343677,90.83675569552344,89.08399102375006,375
2024-10-13,88.76425493897543,89.6521817857102,89.78465883607734,88.29520745487264,231
2024-10-14,88.84849964332759,88.76425493897543,89.39450725761513,88.42651148937529,885
2024-10-15,87.96085282757906,88.84849964332759,88.90938775237196,86.97982805208268,511
2024-10-16,88.5700976106046,87.96085282757906,89.92553874159567,87.80322899237655,961
2024-10-17,89.1264551495755,88.5700976106046,90.00340584103148,86.99189891187936,556
2024-10-18,90.19206802674242,89.1264551495755,90.8297064666488,88.81594239678738,838
2024-10-19,89.51923739725012,90.19206802674242,91.58867830103603,89.5135167408144,655
2024-10-20,86.67921428153898,89.51923739725012,90.57952461166268,86.54038225278188,628
2024-10-21,86.53582191969159,86.67921428153898,87.03145388164879,85.65090801164624,901
2024-10-22,84.82054635298323,86.53582191969159,86.97877767995935,84.36162026159852,436
2024-10-23,84.55387135519749,84.82054635298323,85.52296611126799,83.90999256669093,997
2024-10-24,85.81330692135855,84.55387135519749,86.70679593779859,84.16354408762076,661
2024-10-25,85.16862704623722,85.81330692135855,85.93737958013827,84.29896075621856,468
2024-10-26,84.7430703341984,85.16862704623722,85.99674053603015,84.44312367139447,954
2024-10-27,85.26602605823014,84.7430703341984,86.31829850771636,83.66256065955601,790
2024-10-28,84.68909257640138,85.26602605823014,85.75246206578423,83.93537964888439,897
2024-10-29,84.29471698971578,84.68909257640138,86.29612322011702,83.41328031644454,192
2024-10-30,83.37848827306053,84.29471698971578,85.47942160182006,83.21425703929611,251
2024-10-31,84.44686606751256,83.37848827306053,85.73519592161865,82.75742887981268,519
2024-11-01,85.6999333440648,84.44686606751256,85.97930008686546,83.3521717155646,599
2024-11-02,84.07546844865252,85.6999333440648,86.60205150570746,83.59285865300998,273
2024-11-03,85.7124672148,84.07546844865252,86.51779690925227,83.7707341137031,831
2024-11-04,87.5472780883691,85.7124672148,87.97969308523778,84.0712070793911,587
2024-11-05,87.69690049963918,87.5472780883691,88.01853663765353,86.9160875372178,843
2024-11-06,89.0798543698927,87.69690049963918,89.45665598424708,86.98026846742084,992
2024-11-07,87.58725375188104,89.0798543698927,90.5616296422844,87.24532130377271,829
2024-11-08,86.40116093200231,87.58725375188104,88.05013931086603,86.32669984692248,381
2024-11-09,87.48984288100755,86.40116093200231,89.02291009620522,86.37081202428087,529
2024-11-10,89.22396287966953,87.48984288100755,91.23753759818003,86.85741898303435,777
2024-11-11,90.46786752054874,89.22396287966953,91.51078782970036,88.93217250224998,709
2024-11-12,88.56162156709652,90.46786752054874,90.5877790739476,88.42517583646688,851
2024-11-13,86.2931721695486,88.56162156709652,88.83532315383414,85.7035614312539,813
2024-11-14,83.97486930382868,86.2931721695486,87.09314023298599,83.31059048201298,783
2024-11-15,85.31144962316296,83.97486930382868,85.6524933672965,83.89416237873596,656
2024-11-16,85.74356863719099,85.31144962316296,86.35489753347535,84.57118951738745,811
2024-11-17,84.44094104637118,85.74356863719099,86.17622379386583,83.57057506812373,763
2024-11-18,83.10386463792321,84.44094104637118,85.26961463221119,82.68741137167427,489
2024-11-19,84.01259196307677,83.10386463792321,84.13036490080184,81.94072556789213,706
2024-11-20,83.97976282239517,84.01259196307677,84.52218505664068,83.57465806693236,634
2024-11-21,83.9478200053918,83.97976282239517,84.39134205140516,83.34831858868112,264
2024-11-22,85.27238095458401,83.9478200053918,85.56602399479232,82.08753779603435,939
2024-11-23,85.8043959983755,85.27238095458401,86.26567038652212,84.92620789907116,847
2024-11-24,86.42835579750151,85.8043959983755,87.0399938254506,84.43914984695138,409
2024-11-25,84.75872715827967,86.42835579750151,88.4094397762881,83.94794242335018,767
2024-11-26,84.9164209836356,84.75872715827967,85.95511498781269,84.0741062296875,535
2024-11-27,84.77415880545725,84.9164209836356,85.41077487866498,83.89556813055204,511
2024-11-28,85.29049459132068,84.77415880545725,85.33708948556281,83.77034091270312,973
2024-11-29,85.73463105032417,85.29049459132068,86.87746071680043,84.56642550230848,306
2024-11-30,85.83618254431147,85.73463105032417,86.4637761787351,85.26573162956569,945
2024-12-01,86.67238071633592,85.83618254431147,87.19220685250727,85.62329018738819,941
2024-12-02,86.7063622572382,86.67238071633592,87.8785387577857,86.14308527346475,260
2024-12-03,85.09148502098377,86.7063622572382,87.49294214811447,84.39642588913635,573
2024-12-04,86.02425885332114,85.09148502098377,86.5826869939037,84.84056846101574,225
2024-12-05,83.81508472185558,86.02425885332114,88.2561166902216,83.28660258032349,484
2024-12-06,85.96502635915625,83.81508472185558,87.17790382001927,83.04838833775001,655
2024-12-07,84.90393639761531,85.96502635915625,89.29284095368992,82.62936898175492,133
2024-12-08,85.94068612752127,84.90393639761531,87.29940391824547,84.03751390030939,377
2024-12-09,87.0189913099878,85.94068612752127,88.17923147902246,85.3809833564162,124
2024-12-10,88.77812303256586,87.0189913099878,89.02625699563863,85.94325049383441,904
2024-12-11,90.1696763993211,88.77812303256586,90.42595700550213,87.75263286133216,378
2024-12-12,88.86428195673794,90.1696763993211,90.55012122329828,88.39493450595879,952
2024-12-13,88.68015619835143,88.86428195673794,89.7870253970421,88.12253836458765,736
2024-12-14,89.83937606218554,88.68015619835143,90.21774457322495,88.63558085379259,369
2024-12-15,90.0300869270231,89.83937606218554,90.67007378700731,88.14529666705985,654
2024-12-16,89.8091889977269,90.0300869270231,91.72517605686795,89.35918951187313,252
2024-12-17,89.11122457065872,89.8091889977269,89.86322282774594,88.50245791776065,202
2024-12-18,88.47158333912606,89.11122457065872,89.98926731710549,87.20806002586598,814
2024-12-19,88.37699261021922,88.47158333912606,89.17039094730673,87.4868500110484,407
2024-12-20,87.55479574096447,88.37699261021922,88.69069009796846,87.31698961097379,507
2024-12-21,87.0408267025166,87.55479574096447,88.06722644427992,86.64959394781617,597
2024-12-22,87.42708926490472,87.0408267025166,88.06425489986236,86.69864585465858,496
2024-12-23,85.8821147334169,87.42708926490472,88.37702848575321,85.22565074906817,364
2024-12-24,83.96869456346336,85.8821147334169,86.47218482261178,82.92422999724971,386
2024-12-25,83.77687254963627,83.96869456346336,85.76077029084314,82.86987405636496,135
2024-12-26,84.4217695438385,83.77687254963627,84.97556529808811,83.51193665498984,226
2024-12-27,84.59138105853107,84.4217695438385,85.30181669090575,82.12935425788643,890
2024-12-28,83.54826678534737,84.59138105853107,84.70238454337665,82.4592387407621,430
2024-12-29,83.45947902336005,83.54826678534737,83.98929229643312,81.98407226532225,986
2024-12-30,83.8171705741216,83.45947902336005,84.64107549639107,83.25080376634921,991
2024-12-31,83.4236785158073,83.8171705741216,85.63084089790472,82.39733327789874,734
2025-01-01,82.82508068226348,83.4236785158073,83.91732326115523,81.95171580808093,236
2025-01-02,83.07009155504556,82.82508068226348,83.59364760051174,82.34007950445087,462
2025-01-03,83.69250860892237,83.07009155504556,83.71575430772751,81.07764668108959,961
2025-01-04,84.44241685767511,83.69250860892237,84.83066079375226,83.46814832816183,753
2025-01-05,84.88809405666792,84.44241685767511,85.29371031901661,83.33156159657177,957
2025-01-06,85.32686280550291,84.88809405666792,86.49576313335794,84.15355005950367,236
2025-01-07,84.17983268216287,85.32686280550291,87.15657019341812,82.70747656425087,167
2025-01-08,84.50008500399959,84.17983268216287,85.60405026865878,83.45204330071729,902
2025-01-09,86.73719678420314,84.50008500399959,88.382237248982,82.69434940293199,188
2025-01-10,86.60844806886634,86.73719678420314,87.2931892398364,85.41537641417699,101
2025-01-11,86.64043855175838,86.60844806886634,89.02553396041806,85.31503698749225,153
2025-01-12,86.81113209729882,86.64043855175838,87.2566268800278,86.17530064445985,397
2025-01-13,85.9260529975628,86.81113209729882,87.98484970067622,85.18859425418393,897
2025-01-14,84.98145323875161,85.9260529975628,86.76303106152552,84.27541804901412,703
2025-01-15,84.92445447811602,84.98145323875161,85.2215748235344,83.86638478673895,202
2025-01-16,85.74942285905225,84.92445447811602,86.51081902452441,84.54928789195053,689
2025-01-17,86.48154147896896,85.74942285905225,86.7870172892076,84.46071255172794,788
2025-01-18,86.09192796433189,86.48154147896896,89.096255674527,84.78477185215769,303
2025-01-19,86.53600971114687,86.09192796433189,87.34939496115567,84.00712737294718,712
2025-01-20,86.79395304989535,86.53600971114687,87.25580814723378,86.38225490920765,583
2025-01-21,86.75946609671175,86.79395304989535,87.2017425696946,85.9542443230761,726
2025-01-22,86.3563378848147,86.75946609671175,88.27642262653976,86.06024526735848,683
2025-01-23,87.17810231048209,86.3563378848147,87.76481950124324,86.00384976726572,912
2025-01-24,88.06804056027447,87.17810231048209,90.17753264468563,86.42626075419719,107
2025-01-25,87.74540446779419,88.06804056027447,88.86751962224952,87.28634002986405,698
2025-01-26,87.62951337070179,87.74540446779419,87.96018520782003,85.93974423141653,764
2025-01-27,87.3993068498529,87.62951337070179,88.47274992818556,86.77378866194272,551
2025-01-28,88.98196545382297,87.3993068498529,89.28687535296783,86.19392148637259,486
2025-01-29,89.0103460885839,88.98196545382297,89.67083722950652,88.16982354727098,637
2025-01-30,89.81672934265542,89.0103460885839,91.89181717209146,88.10163611835324,595
2025-01-31,89.98891774953321,89.81672934265542,90.62085069516854,89.42866449699115,697
2025-02-01,90.09435850255232,89.98891774953321,91.74966448655805,89.80090908817988,349
2025-02-02,89.1039460136178,90.09435850255232,91.35582270391666,89.09513080043428,327
2025-02-03,88.76608438530806,89.1039460136178,89.90270894329633,88.43035202788465,479
2025-02-04,90.2222748272313,88.76608438530806,90.78595470343447,87.14818111067868,534
2025-02-05,91.92546157927724,90.2222748272313,92.44614398317687,89.06493032305647,790
2025-02-06,92.34136711434323,91.92546157927724,93.21695437953984,91.61006424561715,679
2025-02-07,92.09355836508871,92.34136711434323,93.49523608598572,91.2567008961214,354
2025-02-08,92.90961201854222,92.09355836508871,94.96860317008375,91.7121449014978,803
2025-02-09,93.62051891563789,92.90961201854222,93.63794045166894,92.42542914246756,678
2025-02-10,93.62760327079374,93.62051891563789,94.48174125021096,92.57324420412161,411
2025-02-11,93.8335601636812,93.62760327079374,94.14369108878513,93.21380256665674,720
2025-02-12,94.60648115535518,93.8335601636812,95.19981614483653,92.75091275096803,549
2025-02-13,93.00967332884284,94.60648115535518,94.65003999422837,92.31832220955462,594
2025-02-14,93.97273752896515,93.00967332884284,95.30509279887289,91.88090679374322,903
2025-02-15,92.64022046481587,93.97273752896515,95.01077389478019,91.24700937215594,638
2025-02-16,92.67293029208584,92.64022046481587,92.69340742450504,92.3989246192126,260
2025-02-17,91.72670145970373,92.67293029208584,93.06449007049042,90.53980167833785,828
2025-02-18,90.9040280540441,91.72670145970373,92.51263390500807,89.1614423595304,554
2025-02-19,91.87975488631994,90.9040280540441,92.94171518425324,89.39192674585428,520
2025-02-20,90.92956372530158,91.87975488631994,93.30090277996956,89.28194440414029,362
2025-02-21,92.91002857555524,90.92956372530158,94.12789100250848,89.44320915733816,398
2025-02-22,93.40026142332634,92.91002857555524,93.81422001013719,92.63180071890908,602
2025-02-23,94.36819035920459,93.40026142332634,94.64418890316665,91.8695060590208,246
2025-02-24,95.96821145713749,94.36819035920459,96.5475939964726,93.30370096462411,562
2025-02-25,95.0532369046796,95.96821145713749,96.39532220183509,94.88191679827777,660
2025-02-26,96.10165860860027,95.0532369046796,96.20350663308054,93.80389493324824,880
2025-02-27,97.63119820675873,96.10165860860027,97.71261822436509,95.50888406725578,533
2025-02-28,96.29031166872878,97.63119820675873,97.78887243173571,95.54653244462584,798
2025-03-01,97.34865122792014,96.29031166872878,98.16247567814713,94.84772959105842,777
2025-03-02,96.8701633250574,97.34865122792014,97.50888114408153,96.64380422763121,431
2025-03-03,97.5176392991312,96.8701633250574,99.45708393319721,96.19046269017832,406
2025-03-04,98.35111877042921,97.5176392991312,99.3293439429632,96.53067291652916,177
2025-03-05,98.20630277774511,98.35111877042921,99.9510276785481,98.18180123740811,194
2025-03-06,98.86778414579379,98.20630277774511,99.80335662532025,97.80260219038503,183
2025-03-07,98.92633556132044,98.86778414579379,99.08585197437937,98.62320794891127,866
2025-03-08,100.53521565168928,98.92633556132044,100.7328607232226,97.86416827321958,985
2025-03-09,99.684236527014,100.53521565168928,101.87217845905539,99.0722091484923,690
2025-03-10,98.47699965580925,99.684236527014,100.26651270514,98.19432024143494,185
2025-03-11,98.57890379056118,98.47699965580925,98.84459483819559,97.89717207941574,555
2025-03-12,99.25546172363012,98.57890379056118,100.23436439945152,98.10268399506796,985
2025-03-13,99.34367974052536,99.25546172363012,99.64656313233246,97.43062979438425,317
2025-03-14,100.41501702377256,99.34367974052536,101.29335058312769,98.42799906472706,735
2025-03-15,100.22568620358639,100.41501702377256,101.19116935698953,100.09163616476985,259
2025-03-16,99.21602328914071,100.22568620358639,101.22512092398863,98.19399203168065,600
2025-03-17,97.46256360501076,99.21602328914071,99.44494933975828,97.18470550249813,815
2025-03-18,96.73731266388957,97.46256360501076,97.65507747881504,96.14247791221118,412
2025-03-19,96.83591253795841,96.73731266388957,97.85850363965238,96.54297563398012,327
2025-03-20,96.14314773055737,96.83591253795841,98.47268935363458,95.70733410694284,218
2025-03-21,96.78372051299431,96.14314773055737,98.03353235797326,95.40970109755449,535
2025-03-22,97.2190400887768,96.78372051299431,98.39314186624664,94.78491590305742,766
2025-03-23,98.74108381415829,97.2190400887768,98.92141520729925,95.38919241746765,321
2025-03-24,97.75829382487298,98.74108381415829,98.88837707686586,97.33591717594334,522
2025-03-25,99.10199185773074,97.75829382487298,99.46826635335373,94.76178930618934,133
2025-03-26,99.51682170116253,99.10199185773074,99.98215510044943,98.03693335492234,675
2025-03-27,100.0471878716765,99.51682170116253,101.78025327868666,99.39376501181687,425
2025-03-28,99.41224182340217,100.0471878716765,100.89607111589872,97.79432496007949,683
2025-03-29,98.95442667003317,99.41224182340217,100.04828654976208,98.25333240815584,142
2025-03-30,100.95923330664364,98.95442667003317,101.43553710355208,98.81926621334159,391
2025-03-31,100.85503437739455,100.95923330664364,101.28841631472564,100.521983270336,982
2025-04-01,99.14173945669361,100.85503437739455,101.41628024744793,99.09665504672247,661
2025-04-02,99.31942408596328,99.14173945669361,99.8219668617859,97.47800629085502,996
2025-04-03,98.05740752618752,99.31942408596328,100.53778970773595,97.93714099109566,393
2025-04-04,98.71861064294313,98.05740752618752,100.01014350376063,97.21505829559965,612
2025-04-05,99.63165102041906,98.71861064294313,100.09947370378933,97.91129697841454,410
2025-04-06,99.1774186013919,99.63165102041906,100.73504757444188,97.34393032969703,345
2025-04-07,99.77635713339602,99.1774186013919,101.27915527055356,98.93111305793144,798
2025-04-08,100.75207409389277,99.77635713339602,101.77012983455867,99.70884167077703,203
2025-04-09,99.83647887373412,100.75207409389277,101.0200069570786,99.15045496288873,911
2025-04-10,99.78606274401781,99.83647887373412,100.36121725492544,98.43153141083249,990
2025-04-11,101.01129456355375,99.78606274401781,101.45307162462915,99.23753264755247,860
2025-04-12,100.32708564249133,101.01129456355375,101.45848529110701,99.75135754513309,498
2025-04-13,101.13697917489631,100.32708564249133,102.30526453876423,99.31503586759948,584
2025-04-14,101.80897251108298,101.13697917489631,102.23571590949254,100.21652610782121,395
2025-04-15,102.49853152406209,101.80897251108298,102.72239202554609,101.44745177145336,235
2025-04-16,103.4741087255998,102.49853152406209,103.66256066426425,101.025767606513,781
2025-04-17,102.98807466357938,103.4741087255998,104.50078128538095,101.74099587252582,891
2025-04-18,102.35379606166823,102.98807466357938,103.41318826977535,101.917443740158,523
2025-04-19,101.44349290564077,102.35379606166823,104.17027263969945,101.1807792154443,431
2025-04-20,101.01807461068233,101.44349290564077,102.49538461332237,99.57787485020044,498
2025-04-21,101.0174862679479,101.01807461068233,102.88787346480892,100.267011560937,218
2025-04-22,100.83110462345847,101.0174862679479,102.61254980604248,99.81236778326362,998
2025-04-23,100.83410717164404,100.83110462345847,102.23827327076604,100.51555305088144,891
2025-04-24,100.08393262292812,100.83410717164404,101.97252651949385,98.27797550181084,530
2025-04-25,99.28391077778569,100.08393262292812,100.84650317716454,98.37756362941823,757
2025-04-26,97.4183582247102,99.28391077778569,100.6057060960396,97.21298895850113,820
2025-04-27,97.57826528165579,97.4183582247102,97.85920105995632,96.82844101712493,512
2025-04-28,96.4900748993334,97.57826528165579,98.00962402629149,96.45539747900587,638
2025-04-29,96.24541921581087,96.4900748993334,97.03311952208392,96.17848662179362,770
2025-04-30,96.15134990941863,96.24541921581087,97.59394541063106,95.0581388159412,349
2025-05-01,96.89835108126542,96.15134990941863,97.54480965374326,95.64729749717142,574
2025-05-02,94.99135592294577,96.89835108126542,96.89957561478296,94.17491375974812,807
2025-05-03,95.33627656391045,94.99135592294577,95.98543368738619,94.87711686840925,963
2025-05-04,94.57954110856804,95.33627656391045,95.93249114342852,94.36823376959173,419
2025-05-05,94.96102861241239,94.57954110856804,95.93059284679342,94.4467537129381,170
2025-05-06,96.04767114910317,94.96102861241239,97.93453939317813,94.87632315742097,764
2025-05-07,97.77977865240271,96.04767114910317,98.59581940628513,95.8196368490639,468
2025-05-08,97.24295451198772,97.77977865240271,98.54557701044509,95.52691355681712,802
2025-05-09,96.94161538300413,97.24295451198772,99.11738101770453,96.07038623830142,508
2025-05-10,98.33240217176294,96.94161538300413,100.54692520858984,96.78697690703584,737
2025-05-11,98.16073111506137,98.33240217176294,99.06790664653442,95.95575219586033,131
2025-05-12,96.88861547094756,98.16073111506137,99.74230911669866,96.03490427984929,288
2025-05-13,96.58942955299649,96.88861547094756,97.46884173311969,95.8847673174213,344
2025-05-14,96.77209697006322,96.58942955299649,96.81758138846246,96.50903932282819,446
2025-05-15,97.70805001820287,96.77209697006322,97.71459653468652,96.55280309848033,961
2025-05-16,98.45904395432761,97.70805001820287,98.68180201412396,97.04996027128507,463
2025-05-17,97.74613847100309,98.45904395432761,98.97395197073433,97.16162865214551,682
2025-05-18,97.71903953394298,97.74613847100309,98.06124645870437,97.27172030555192,191
2025-05-19,97.12929620495147,97.71903953394298,98.57144583073526,96.0230857362096,257
2025-05-20,97.41042787102384,97.12929620495147,98.67949752824383,97.10245332613513,763
2025-05-21,96.79859683071298,97.41042787102384,99.05244268421808,95.5712290296974,705
2025-05-22,97.93810358631926,96.79859683071298,98.56523946002434,95.458757223231,299
2025-05-23,96.7642260151562,97.93810358631926,98.41336162953398,94.28276361100158,928
2025-05-24,97.65422218616234,96.7642260151562,98.13425282262583,95.37246489378232,460
2025-05-25,99.58023779401219,97.65422218616234,100.9107409426418,97.3749930909903,321
2025-05-26,99.32368391761631,99.58023779401219,100.18006186408343,98.80384010946482,234
2025-05-27,98.82164053753675,99.32368391761631,99.7845885917063,97.29178014455115,167
2025-05-28,99.47294064622751,98.82164053753675,99.91250517089091,97.56560137503222,209
2025-05-29,99.51483995773074,99.47294064622751,102.08767047162507,98.90874581148995,515
2025-05-30,98.1728422965136,99.51483995773074,100.15703286458547,96.86996907026773,722
2025-05-31,99.02294863476139,98.1728422965136,101.26991347705777,97.98806438226495,126
2025-06-01,98.64588346438498,99.02294863476139,99.05577760736836,97.75923709568379,150
2025-06-02,98.73212078073814,98.64588346438498,100.28085206308384,97.24583794635878,164
2025-06-03,98.75289674411363,98.73212078073814,99.18024653980297,98.71507169994223,352
2025-06-04,100.20488607261879,98.75289674411363,100.28370605300412,98.03543374885832,655
2025-06-05,99.38120794896534,100.20488607261879,100.55771039286945,98.38167566684496,753
2025-06-06,99.11262420871952,99.38120794896534,99.64277473223805,98.31168925090928,121
2025-06-07,99.38045779259522,99.11262420871952,100.25986759358443,97.04270476677148,508
2025-06-08,98.38920428528637,99.38045779259522,99.82336446992998,97.0727217102941,387
2025-06-09,97.74737061532171,98.38920428528637,99.03193775728022,97.38516086985807,732
2025-06-10,97.0010860665066,97.74737061532171,98.66588604906471,95.5108099652846,593
2025-06-11,95.56285834467596,97.0010860665066,97.46972203680373,95.54607720013544,623
2025-06-12,96.18705582757853,95.56285834467596,96.3506569677617,94.59848676438395,754
2025-06-13,98.92624284833869,96.18705582757853,99.026369986959,94.07611572237266,601
2025-06-14,101.32275794407123,98.92624284833869,101.50122267976754,97.79144523086902,258
2025-06-15,100.3720612019323,101.32275794407123,101.98076516154488,98.99755740334041,693
2025-06-16,99.97436773529161,100.3720612019323,102.69594161193574,99.34850333614744,932
2025-06-17,100.1346675370161,99.97436773529161,101.19855583041792,99.22482862042138,597
2025-06-18,98.66077516246945,100.1346675370161,102.21035793728876,98.63171207244056,405
2025-06-19,96.91163043968109,98.66077516246945,98.84929426532369,96.45769831497469,182
2025-06-20,97.37184943384742,96.91163043968109,97.75426199755982,95.42562115485548,378
2025-06-21,97.85073290479951,97.37184943384742,99.34129163557549,97.3698387480644,136
2025-06-22,96.08183760306136,97.85073290479951,98.21223508879397,95.58023765909532,691
2025-06-23,95.54658523859557,96.08183760306136,96.67842566119116,94.69212633996078,535
2025-06-24,94.85681359978992,95.54658523859557,96.45498338908241,93.11881192237213,654
2025-06-25,94.72519112183284,94.85681359978992,95.7788789414851,94.31106231799038,235
2025-06-26,96.03174410257856,94.72519112183284,96.11783834960004,94.39615186765084,376
2025-06-27,95.21296927377001,96.03174410257856,96.52598951210987,93.78423474893101,157
2025-06-28,95.56266168083204,95.21296927377001,95.96522844218062,94.27847020044503,677
2025-06-29,95.76818565287196,95.56266168083204,97.6245549393091,94.69789820800091,828
2025-06-30,94.76074066181347,95.76818565287196,95.80497089256998,93.61701077403451,184
2025-07-01,96.77489144132083,94.76074066181347,97.26308650337089,94.33456000910475,174
2025-07-02,97.47052976233726,96.77489144132083,98.61110786033039,96.39779458533455,504
2025-07-03,99.43042207125731,97.47052976233726,99.67740989157345,96.28352184309102,868
2025-07-04,100.35497551182485,99.43042207125731,100.60739119905907,97.66029768515376,760
2025-07-05,100.20641707943844,100.35497551182485,101.53754714505212,99.97641763225522,838
2025-07-06,99.8732990180889,100.20641707943844,100.51245843297451,98.89689268433746,893
2025-07-07,99.12874678981935,99.8732990180889,99.87510585735154,98.78730246534842,124
2025-07-08,99.46724784053876,99.12874678981935,101.18488541692368,98.48859683682409,942
2025-07-09,100.63568596232697,99.46724784053876,101.23176807826394,98.83400731636081,866
2025-07-10,100.69789164164543,100.63568596232697,102.25312877522327,100.59601876565675,664
2025-07-11,100.61373258683881,100.69789164164543,101.18066487620975,97.80434649363087,855
2025-07-12,100.97627535643757,100.61373258683881,101.12260978349087,98.91171452413462,676
2025-07-13,100.81439893586956,100.97627535643757,103.36186506799632,99.78388827309246,464
2025-07-14,103.047554165487,100.81439893586956,103.52071752306225,100.4360101981947,780
2025-07-15,102.10387617801709,103.047554165487,103.45679037093059,101.95656277717131,329
2025-07-16,101.7544927713765,102.10387617801709,102.70243363937416,100.92387929883462,129
2025-07-17,102.25560550291962,101.7544927713765,103.29812646610209,101.72755690857242,269
2025-07-18,102.11375440791342,102.25560550291962,103.44674848816076,101.20432805008228,434
2025-07-19,101.52626205547905,102.11375440791342,103.59468994907883,99.66830405400026,829
2025-07-20,102.07492724196005,101.52626205547905,102.17143247918824,100.90302374846576,194
2025-07-21,100.32251344243176,102.07492724196005,102.38527871042734,97.95061962036348,323
2025-07-22,101.22487047687153,100.32251344243176,101.37285003334524,99.8846894238738,701
2025-07-23,101.34643730729563,101.22487047687153,102.29742446071774,100.45105614028525,596
2025-07-24,101.7989689953614,101.34643730729563,102.68420149847452,101.24778191996194,370
2025-07-25,102.75226641721359,101.7989689953614,102.8714449888804,100.68824462032137,460
2025-07-26,103.09748422577121,102.75226641721359,105.14889683324917,101.54137150905638,616
2025-07-27,102.12672279356362,103.09748422577121,105.90007116262453,101.32349489400586,281
2025-07-28,102.77600973353407,102.12672279356362,103.24113390330322,101.86691828607177,742
2025-07-29,102.22516123589571,102.77600973353407,103.1379331597221,101.00660123285385,315
2025-07-30,103.11146067099418,102.22516123589571,103.35207695929353,101.7840496058126,417
2025-07-31,103.00978543786627,103.11146067099418,104.86783890847131,101.73396138170583,525
2025-08-01,102.9248214411838,103.00978543786627,104.19771259820827,102.8637761150653,420
2025-08-02,103.6575845471629,102.9248214411838,104.19268512103862,102.43052093572264,803
2025-08-03,101.8527908550355,103.6575845471629,104.63949851742032,99.39112588804055,201
2025-08-04,102.21296724132972,101.8527908550355,103.13336890006222,101.44794897614804,251
2025-08-05,101.50587566987235,102.21296724132972,103.24594949943572,101.49804795169868,240
2025-08-06,100.42058349511251,101.50587566987235,101.94145619169218,100.20974570501114,594
2025-08-07,101.08620437564835,100.42058349511251,102.38268575653993,100.0900902266277,270
2025-08-08,102.42743704075403,101.08620437564835,103.13167963011956,99.33801378897644,116
2025-08-09,102.57284123949984,102.42743704075403,103.01054680094973,100.81219325431472,874
2025-08-10,102.31498529183256,102.57284123949984,103.34591362732138,101.92281118637057,772
2025-08-11,102.36637407927309,102.31498529183256,103.83081537032584,101.4080764740112,452
2025-08-12,101.47970868531061,102.36637407927309,102.69988767650266,100.03341354433128,269
2025-08-13,101.36057359817912,101.47970868531061,102.85583161662935,99.99615878050098,524
2025-08-14,100.03370042427446,101.36057359817912,101.56861193191935,98.92943910174259,890
2025-08-15,100.71579583208337,100.03370042427446,101.14139851171147,98.80648620457771,855
2025-08-16,98.48389918790042,100.71579583208337,101.7125024774758,98.3208427538637,935
2025-08-17,99.91803354218979,98.48389918790042,100.01676640918504,98.0668154454201,880
2025-08-18,98.18000879846969,99.91803354218979,101.47112585968499,97.9028448536448,841
2025-08-19,97.94543662223307,98.18000879846969,99.24858939848676,97.34837045275538,372
2025-08-20,99.47715392510818,97.94543662223307,100.15754851932068,97.66264744265553,768
2025-08-21,100.01144759562943,99.47715392510818,101.13931938317302,98.84186190925364,231
2025-08-22,98.4094225783995,100.01144759562943,101.9964918862491,97.72562159930078,797
2025-08-23,97.25026695128625,98.4094225783995,99.48213650582233,96.7490089726238,832
2025-08-24,97.31123341162638,97.25026695128625,98.12307054889641,96.80236185783903,258
2025-08-25,97.73070828339647,97.31123341162638,98.30589247140682,95.37559405318451,658
2025-08-26,98.11313591516367,97.73070828339647,98.82337121641015,95.771185816748,120
2025-08-27,98.74402185663352,98.11313591516367,98.9647620909806,97.62427189869454,278
2025-08-28,98.46721648904625,98.74402185663352,99.07254825353661,98.27410336547173,312
2025-08-29,97.98061602104568,98.46721648904625,99.35951757193021,96.41455221260382,145
2025-08-30,98.26734693906758,97.98061602104568,98.72471660149996,97.21715709514612,337
2025-08-31,99.9076179640169,98.26734693906758,103.08828537507989,97.5599957110414,657
2025-09-01,99.7972987598291,99.9076179640169,100.53742898025853,99.45282682459323,325
2025-09-02,99.49532162167702,99.7972987598291,100.52936101194699,98.85446761260688,728
2025-09-03,99.58140908601551,99.49532162167702,100.00076993416089,98.79430422823795,238
2025-09-04,98.99357254107173,99.58140908601551,101.38662372105307,98.23960554042631,448
2025-09-05,98.2991197662961,98.99357254107173,100.30743305364554,96.9634067754538,975
2025-09-06,99.06526324875506,98.2991197662961,101.35864602386295,96.47993088983583,325
2025-09-07,99.1864400182476,99.06526324875506,99.29047486380571,98.51144925789508,695
2025-09-08,100.06395511339743,99.1864400182476,100.75314082353286,98.89425490413964,890
2025-09-09,101.4027660936686,100.06395511339743,102.21196674853077,99.82045462194334,126
2025-09-10,102.29252362439975,101.4027660936686,102.40688583371333,100.9477539863927,587
2025-09-11,101.99171609651466,102.29252362439975,104.27640394651824,101.78039797964827,473
2025-09-12,103.15692132444737,101.99171609651466,103.72493699477161,100.92935384604924,285
2025-09-13,103.9181345152803,103.15692132444737,104.41485241524167,102.54210407060306,392
2025-09-14,102.7157224904231,103.9181345152803,104.85969594118247,100.87313054675136,793
2025-09-15,103.16748309132626,102.7157224904231,104.14832966633561,101.64401237994365,495
2025-09-16,105.21313691153507,103.16748309132626,105.38802570562925,102.77293827563454,958
2025-09-17,105.25658486693177,105.21313691153507,105.91480190004744,104.59602354270127,316
2025-09-18,103.99275298132595,105.25658486693177,105.83397484152667,102.3067311714588,346
2025-09-19,103.365816850442,103.99275298132595,104.0347199148317,102.82885725401073,660
2025-09-20,102.86695319732979,103.365816850442,103.52450193758881,102.22039875591189,582
2025-09-21,102.22653548989288,102.86695319732979,104.28943616133702,101.70172416439475,412
2025-09-22,102.9748240234553,102.22653548989288,103.49339747885006,99.96921400226788,157
2025-09-23,102.94332006059989,102.9748240234553,103.7343174053659,101.79049184874047,113
2025-09-24,103.26494857897296,102.94332006059989,105.01925031274075,102.90524570380421,579
2025-09-25,103.1003461338852,103.26494857897296,103.76054281117334,102.41522259439667,291
2025-09-26,104.32286177393323,103.1003461338852,105.27321633916031,103.02282390137526,937
