step,action,entropy,logit_0,logit_1,action_prob,position
80,1,0.693132758140564,-0.6985188126564026,-0.6878042221069336,0.5026785731315613,
160,0,0.6931319236755371,-0.6986883878707886,-0.6876366138458252,0.49723708629608154,
240,1,0.693129301071167,-0.6991485953330994,-0.6871815919876099,0.5029917359352112,
320,0,0.6931328773498535,-0.6985135674476624,-0.6878094673156738,0.49732401967048645,
400,0,0.6931328773498535,-0.6985204219818115,-0.6878027319908142,0.49732059240341187,
480,0,0.6931320428848267,-0.698677122592926,-0.6876476407051086,0.49724268913269043,
560,1,0.6931328773498535,-0.6985125541687012,-0.6878104209899902,0.5026755332946777,
640,0,0.6931325197219849,-0.6985688805580139,-0.6877546310424805,0.4972964823246002,
720,0,0.693132758140564,-0.6985129714012146,-0.687809944152832,0.49732425808906555,
800,0,0.693132758140564,-0.6985224485397339,-0.6878005862236023,0.4973195493221283,
880,0,0.6931324005126953,-0.6985993385314941,-0.6877245903015137,0.49728134274482727,
960,1,0.6931329369544983,-0.698509931564331,-0.6878130435943604,0.5026742219924927,
1040,1,0.693132758140564,-0.6985258460044861,-0.6877973079681396,0.502682089805603,
1120,0,0.6931328773498535,-0.6985118985176086,-0.6878111362457275,0.4973248243331909,
1200,1,0.6931277513504028,-0.6993938088417053,-0.6869393587112427,0.5031135678291321,
1280,0,0.6931279897689819,-0.6993783712387085,-0.68695467710495,0.49689412117004395,
1360,1,0.693121075630188,-0.7004033923149109,-0.6859433054924011,0.5036149621009827,
1440,0,0.6931222677230835,-0.7002289295196533,-0.6861151456832886,0.4964716136455536,
1520,0,0.6931245923042297,-0.6998897790908813,-0.6864497065544128,0.49664002656936646,
1600,1,0.6931232213973999,-0.7000902891159058,-0.6862518787384033,0.5034595727920532,
1680,1,0.6931245923042297,-0.6998854875564575,-0.6864539384841919,0.5033578276634216,
1760,1,0.6931239366531372,-0.6999848484992981,-0.6863559484481812,0.5034071803092957,
1840,0,0.6931211948394775,-0.7003720998764038,-0.6859739422798157,0.49640053510665894,
1920,0,0.693124532699585,-0.6998957991600037,-0.6864438652992249,0.4966370761394501,
2000,0,0.693122923374176,-0.7001367211341858,-0.6862061619758606,0.4965174198150635,
2080,0,0.693121075630188,-0.7004057168960571,-0.6859409213066101,0.4963838756084442,
2160,0,0.6931242942810059,-0.6999431848526001,-0.686397135257721,0.4966135621070862,
2240,1,0.6931225061416626,-0.7001901268959045,-0.6861535906791687,0.5035090446472168,
2320,0,0.6931217908859253,-0.7003152370452881,-0.6860302686691284,0.49642881751060486,
2400,0,0.6931222081184387,-0.7002390623092651,-0.6861051917076111,0.49646660685539246,
2480,1,0.693121612071991,-0.7003273367881775,-0.6860182881355286,0.5035771727561951,
2560,1,0.6931217908859253,-0.7002988457679749,-0.6860462427139282,0.5035631060600281,
2640,0,0.6931239366531372,-0.69999098777771,-0.6863498687744141,0.4965897798538208,
2720,1,0.6931216716766357,-0.7003170847892761,-0.6860283613204956,0.5035721063613892,
2800,0,0.693121612071991,-0.7003228068351746,-0.6860226988792419,0.49642500281333923,
2880,1,0.6931248903274536,-0.6998504996299744,-0.6864885091781616,0.5033404231071472,
2960,1,0.693130612373352,-0.6989216208457947,-0.6874059438705444,0.5028789043426514,
3040,1,0.6931343078613281,-0.6982425451278687,-0.6880777478218079,0.502541184425354,
3120,1,0.6931343078613281,-0.698236882686615,-0.6880833506584167,0.5025383234024048,
3200,1,0.6931286454200745,-0.6992554664611816,-0.6870760321617126,0.5030447840690613,
3280,0,0.6931328773498535,-0.6985238194465637,-0.6877993941307068,0.49731892347335815,
3360,0,0.6931328177452087,-0.6985189318656921,-0.6878041625022888,0.49732130765914917,
3440,1,0.6931313276290894,-0.6987902522087097,-0.6875357627868652,0.5028135776519775,
3520,0,0.6931331157684326,-0.6984627842903137,-0.6878597140312195,0.49734926223754883,
3600,1,0.6931325197219849,-0.698574423789978,-0.6877492666244507,0.5027062296867371,
3680,0,0.6931292414665222,-0.6991473436355591,-0.6871827840805054,0.49700888991355896,
3760,0,0.693132758140564,-0.6985427141189575,-0.6877807378768921,0.49730953574180603,
3840,1,0.6931278705596924,-0.6993913650512695,-0.6869418025016785,0.5031123757362366,
3920,1,0.693132758140564,-0.6985426545143127,-0.6877806782722473,0.5026904940605164,
4000,1,0.6931277513504028,-0.6993985772132874,-0.6869345307350159,0.5031160116195679,
4080,0,0.6931209564208984,-0.7004168033599854,-0.6859300136566162,0.4963783621788025,
4160,1,0.6931276917457581,-0.699398934841156,-0.6869341731071472,0.5031161308288574,
4240,1,0.6931277513504028,-0.6993985772132874,-0.6869345307350159,0.5031160116195679,
4320,0,0.6931281089782715,-0.6993491053581238,-0.686983585357666,0.49690866470336914,
4400,0,0.6931279897689819,-0.6993675827980042,-0.6869652271270752,0.49689945578575134,
4480,1,0.6931277513504028,-0.6993986368179321,-0.6869345307350159,0.5031160116195679,
4560,1,0.6931320428848267,-0.6986612677574158,-0.6876633167266846,0.5027494430541992,
4640,1,0.6931277513504028,-0.6993985772132874,-0.6869345307350159,0.5031160116195679,
4720,0,0.6931281089782715,-0.6993324160575867,-0.6869999766349792,0.49691691994667053,
4800,0,0.6931129693984985,-0.7014524936676025,-0.684910237789154,0.49586454033851624,
4880,0,0.6931295394897461,-0.6991159915924072,-0.6872138381004333,0.4970244765281677,
4960,1,0.6931296586990356,-0.6990864872932434,-0.687242865562439,0.5029608607292175,
5040,1,0.693132758140564,-0.6985426545143127,-0.6877806782722473,0.5026904940605164,
5120,1,0.6931295394897461,-0.699111819267273,-0.6872179508209229,0.5029734373092651,
5200,0,0.693132758140564,-0.6985436081886292,-0.6877797245979309,0.4973090887069702,
5280,0,0.693110466003418,-0.7017430663108826,-0.684624433517456,0.49572044610977173,
5360,1,0.6931277513504028,-0.6993985772132874,-0.6869345307350159,0.5031160116195679,
5440,1,0.6931278705596924,-0.6993986964225769,-0.6869346499443054,0.5031160116195679,
5520,1,0.6931277513504028,-0.6993985772132874,-0.6869345307350159,0.5031160116195679,
5600,0,0.6931209564208984,-0.7004168033599854,-0.685930073261261,0.4963783621788025,
5680,1,0.693129301071167,-0.6991490721702576,-0.6871811151504517,0.5029919743537903,
5760,1,0.693129301071167,-0.6991490721702576,-0.6871811151504517,0.5029919743537903,
5840,1,0.693129301071167,-0.6991490721702576,-0.6871811151504517,0.5029919743537903,
5920,1,0.693129301071167,-0.6991487741470337,-0.6871814727783203,0.502991795539856,
6000,0,0.6931309700012207,-0.698855996131897,-0.6874707937240601,0.49715372920036316,
6080,0,0.693129301071167,-0.6991490125656128,-0.6871811151504517,0.4970080852508545,
6160,0,0.693128764629364,-0.6992267370223999,-0.687104344367981,0.49696943163871765,
6240,0,0.6931270360946655,-0.6995276808738708,-0.6868072152137756,0.49681994318962097,
6320,1,0.6930990219116211,-0.7030066251754761,-0.6833838820457458,0.5049055814743042,
6400,0,0.6930990219116211,-0.7030066251754761,-0.6833838820457458,0.4950944781303406,
6480,0,0.6930990219116211,-0.7030066251754761,-0.6833838820457458,0.4950944781303406,
6560,1,0.6931308507919312,-0.6988729238510132,-0.687454104423523,0.5028546452522278,
6640,1,0.6931329965591431,-0.6985011100769043,-0.6878218054771423,0.5026698112487793,
6720,0,0.6931328773498535,-0.6985098123550415,-0.6878131628036499,0.4973258972167969,
6800,1,0.6931272745132446,-0.699463427066803,-0.6868705749511719,0.5031481385231018,
6880,1,0.6931400299072266,-0.6969472169876099,-0.689361572265625,0.5018963813781738,
6960,0,0.69312584400177,-0.6997050046920776,-0.6866320967674255,0.49673184752464294,
7040,1,0.6931072473526001,-0.7021207213401794,-0.6842533349990845,0.5044667720794678,
7120,0,0.6931399703025818,-0.6969471573829651,-0.689361572265625,0.49810361862182617,
7200,1,0.6931399703025818,-0.6969471573829651,-0.689361572265625,0.5018963813781738,
7280,1,0.6931399703025818,-0.6969471573829651,-0.689361572265625,0.5018963813781738,
7360,0,0.6930990219116211,-0.7030066251754761,-0.6833838820457458,0.4950944781303406,
7440,1,0.6931290626525879,-0.6991769075393677,-0.6871536374092102,0.5030057430267334,
7520,0,0.6931291818618774,-0.6991585493087769,-0.6871717572212219,0.49700331687927246,
7600,0,0.6931399703025818,-0.6969471573829651,-0.689361572265625,0.49810361862182617,
7680,0,0.6931236982345581,-0.7000298500061035,-0.6863116025924683,0.49657049775123596,
7760,1,0.6931399703025818,-0.6969471573829651,-0.689361572265625,0.5018963813781738,
7840,0,0.6931461095809937,-0.6946147084236145,-0.6916818022727966,0.49926677346229553,
7920,1,0.6931231617927551,-0.7000986933708191,-0.6862436532974243,0.5034636855125427,
8000,0,0.6931394338607788,-0.69709712266922,-0.6892126798629761,0.4980289041996002,
8080,1,0.6931043863296509,-0.7024404406547546,-0.683939516544342,0.5046250820159912,
8160,0,0.6930990219116211,-0.7030066251754761,-0.6833838820457458,0.4950944781303406,
8240,1,0.6931008696556091,-0.702814519405365,-0.6835723519325256,0.5048103928565979,
8320,1,0.6931436061859131,-0.6904973387718201,-0.6958039999008179,0.49867331981658936,
8400,0,0.6931371688842773,-0.6976313591003418,-0.6886829733848572,0.4977629482746124,
8480,1,0.6930990219116211,-0.7030066251754761,-0.6833838820457458,0.5049055814743042,
8560,0,0.6931309700012207,-0.6988626718521118,-0.6874642372131348,0.4971504211425781,
8640,1,0.693129301071167,-0.6991496086120605,-0.6871806383132935,0.5029922127723694,
8720,1,0.6931342482566833,-0.6982389688491821,-0.6880812048912048,0.5025393962860107,
8800,1,0.6931399703025818,-0.6969471573829651,-0.689361572265625,0.5018963813781738,
8880,1,0.6931400299072266,-0.6969472169876099,-0.689361572265625,0.5018963813781738,
8960,0,0.693129301071167,-0.699152410030365,-0.6871778964996338,0.4970063865184784,
9040,1,0.6931222677230835,-0.7002385854721069,-0.6861057877540588,0.503533124923706,
9120,1,0.6931293606758118,-0.6991428136825562,-0.6871873736381531,0.5029888153076172,
9200,0,0.6931239366531372,-0.6999893188476562,-0.6863515377044678,0.49659061431884766,
9280,0,0.6931399703025818,-0.6969471573829651,-0.689361572265625,0.49810361862182617,
9360,1,0.6931374073028564,-0.6975609660148621,-0.6887527108192444,0.502202033996582,
9440,0,0.6931222677230835,-0.7002385854721069,-0.6861057877540588,0.49646684527397156,
9520,1,0.6931222081184387,-0.7002385854721069,-0.6861057281494141,0.503533124923706,
9600,0,0.6931222081184387,-0.7002385854721069,-0.6861057281494141,0.49646684527397156,
9680,0,0.6930990219116211,-0.7030066251754761,-0.6833840012550354,0.49509450793266296,
9760,0,0.6931043863296509,-0.7024404406547546,-0.683939516544342,0.4953749179840088,
9840,1,0.6931043863296509,-0.7024404406547546,-0.683939516544342,0.5046250820159912,
9920,1,0.6931246519088745,-0.6998817920684814,-0.6864576935768127,0.5033559203147888,
10000,0,0.6931096911430359,-0.7018436193466187,-0.684525728225708,0.4956706166267395,
10080,1,0.6931073069572449,-0.7021249532699585,-0.6842494010925293,0.5044687986373901,
10160,1,0.6931121349334717,-0.7015541791915894,-0.6848103404045105,0.5041858553886414,
10240,1,0.6931231617927551,-0.7000986933708191,-0.6862436532974243,0.5034636855125427,
10320,1,0.693110466003418,-0.7017538547515869,-0.6846138834953308,0.5042849183082581,
10400,1,0.6931002140045166,-0.7028934359550476,-0.6834951043128967,0.5048494338989258,
10480,0,0.6931261420249939,-0.6996572017669678,-0.6866792440414429,0.49675557017326355,
10560,0,0.6931041479110718,-0.7024660706520081,-0.6839143633842468,0.49536219239234924,
10640,0,0.6931101083755493,-0.7017970085144043,-0.6845715641975403,0.49569374322891235,
10720,1,0.6931399703025818,-0.6969471573829651,-0.689361572265625,0.5018963813781738,
10800,1,0.6931231617927551,-0.7000986933708191,-0.6862436532974243,0.5034636855125427,
10880,0,0.6931394338607788,-0.69709712266922,-0.6892126798629761,0.4980289041996002,
10960,0,0.6931043863296509,-0.7024404406547546,-0.683939516544342,0.4953749179840088,
11040,1,0.6931394934654236,-0.6970974802970886,-0.6892125606536865,0.5019712448120117,
11120,0,0.6931043863296509,-0.7024404406547546,-0.683939516544342,0.4953749179840088,
11200,0,0.6931231617927551,-0.7000986933708191,-0.6862436532974243,0.4965362846851349,
11280,1,0.6931222081184387,-0.7002372741699219,-0.6861069798469543,0.5035325288772583,
11360,1,0.6931321620941162,-0.6986381411552429,-0.6876860857009888,0.5027379989624023,
11440,1,0.6931203603744507,-0.7005012035369873,-0.6858469247817993,0.5036634802818298,
11520,1,0.6931231617927551,-0.7000986933708191,-0.6862436532974243,0.5034636855125427,
11600,1,0.693141520023346,-0.6965183615684509,-0.6897872090339661,0.5016828179359436,
11680,1,0.6931399703025818,-0.6969471573829651,-0.689361572265625,0.5018963813781738,
11760,1,0.6931270360946655,-0.6995275616645813,-0.6868073344230652,0.5031800270080566,
11840,0,0.6931400299072266,-0.6969472169876099,-0.689361572265625,0.49810361862182617,
11920,1,0.6930990219116211,-0.7030066251754761,-0.6833838820457458,0.5049055814743042,
12000,1,0.6931436061859131,-0.6904973387718201,-0.6958039999008179,0.49867331981658936,
12080,1,0.693129301071167,-0.6991490125656128,-0.6871811151504517,0.5029919743537903,
12160,0,0.693129301071167,-0.6991490125656128,-0.6871811151504517,0.4970080852508545,
12240,0,0.693099319934845,-0.7029746174812317,-0.6834152936935425,0.49511033296585083,
12320,1,0.6930906176567078,-0.7038363218307495,-0.6825709939002991,0.5053161382675171,
12400,1,0.6930975317955017,-0.7031633853912354,-0.6832302808761597,0.504983127117157,
12480,0,0.6931399703025818,-0.6969471573829651,-0.689361572265625,0.49810361862182617,
12560,1,0.6931043863296509,-0.7024404406547546,-0.683939516544342,0.5046250820159912,
12640,0,0.6931403875350952,-0.6968286633491516,-0.6894791722297668,0.4981626272201538,
12720,0,0.6930990219116211,-0.7030066251754761,-0.6833838820457458,0.4950944781303406,
12800,0,0.6931425333023071,-0.6962066292762756,-0.6900970935821533,0.4984726011753082,
12880,0,0.6931277513504028,-0.6994048953056335,-0.686928391456604,0.4968809187412262,
12960,1,0.693139910697937,-0.6969699263572693,-0.6893389225006104,0.5019077658653259,
13040,0,0.6930937767028809,-0.7035329341888428,-0.6828681826591492,0.4948340058326721,
13120,0,0.6931231617927551,-0.7000986933708191,-0.6862436532974243,0.4965362846851349,
13200,0,0.6931414604187012,-0.6965301632881165,-0.6897756457328796,0.4983113408088684,
13280,0,0.6930937767028809,-0.7035329341888428,-0.6828681826591492,0.4948340058326721,
13360,0,0.6931368112564087,-0.6976951956748962,-0.6886196136474609,0.49773111939430237,
13440,1,0.6931222081184387,-0.7002385854721069,-0.6861057281494141,0.503533124923706,
13520,1,0.6931399703025818,-0.6969471573829651,-0.689361572265625,0.5018963813781738,
13600,1,0.6931043863296509,-0.7024404406547546,-0.683939516544342,0.5046250820159912,
13680,0,0.6931416988372803,-0.6964666843414307,-0.6898386478424072,0.49834299087524414,
13760,0,0.6930937767028809,-0.7035329341888428,-0.6828681826591492,0.4948340058326721,
13840,1,0.6931445598602295,-0.6954286694526672,-0.6908709406852722,0.5011394023895264,
13920,1,0.6931058168411255,-0.7022860050201416,-0.6840910911560059,0.5045486092567444,
14000,1,0.693132758140564,-0.6985301971435547,-0.687792956829071,0.5026842951774597,
14080,0,0.6931342482566833,-0.6880714893341064,-0.6982487440109253,0.5025442838668823,
14160,1,0.6931043267250061,-0.702444314956665,-0.6839356422424316,0.5046270489692688,
14240,1,0.6931025385856628,-0.7026460766792297,-0.6837377548217773,0.5047269463539124,
14320,0,0.693118155002594,-0.7007915377616882,-0.6855607032775879,0.4961923658847809,
14400,1,0.6930969953536987,-0.703220009803772,-0.6831747889518738,0.5050111413002014,
14480,0,0.6931312084197998,-0.6875065565109253,-0.6988197565078735,0.5028282999992371,
14560,1,0.6931276917457581,-0.6994050741195679,-0.6869281530380249,0.503119170665741,
14640,0,0.6931266784667969,-0.6995609402656555,-0.6867741942405701,0.4968033730983734,
14720,0,0.6931266784667969,-0.6995609402656555,-0.6867741942405701,0.4968033730983734,
14800,1,0.6931266784667969,-0.6995609402656555,-0.6867741942405701,0.503196656703949,
14880,0,0.6931067705154419,-0.7021685838699341,-0.6842063665390015,0.4955095648765564,
14960,1,0.6931357383728027,-0.6979292631149292,-0.6883878707885742,0.5023853182792664,
15040,0,0.6931067705154419,-0.7021685838699341,-0.6842063665390015,0.4955095648765564,
15120,0,0.6931108236312866,-0.7017073035240173,-0.6846596598625183,0.4957381784915924,
15200,1,0.6931431889533997,-0.6959577798843384,-0.6903443932533264,0.5014033317565918,
15280,0,0.6931185722351074,-0.700742781162262,-0.6856089234352112,0.49621662497520447,
15360,0,0.6931378841400146,-0.6974605321884155,-0.6888523697853088,0.4978479743003845,
15440,1,0.6931376457214355,-0.6975178718566895,-0.6887954473495483,0.5021805763244629,
15520,1,0.6931331157684326,-0.6984654664993286,-0.6878570318222046,0.502652108669281,
15600,0,0.6931067705154419,-0.7021759152412415,-0.6841991543769836,0.4955059289932251,
15680,0,0.693132758140564,-0.6985426545143127,-0.6877806782722473,0.49730953574180603,
15760,0,0.6931231617927551,-0.7000986933708191,-0.6862436532974243,0.4965362846851349,
15840,0,0.6931297779083252,-0.699063777923584,-0.6872652769088745,0.4970504343509674,
15920,0,0.6930919885635376,-0.7037060260772705,-0.6826985478401184,0.4947483241558075,
16000,0,0.6931330561637878,-0.6984735131263733,-0.6878490447998047,0.49734389781951904,
16080,0,0.6931395530700684,-0.6970574855804443,-0.6892521381378174,0.49804866313934326,
16160,0,0.6931328773498535,-0.6985085010528564,-0.687814474105835,0.497326523065567,
16240,1,0.6931328773498535,-0.6985235214233398,-0.6877996921539307,0.5026808977127075,
16320,1,0.6931328773498535,-0.6985112428665161,-0.6878118515014648,0.5026748180389404,
16400,1,0.6764843463897705,-0.8940945863723755,-0.5259016156196594,0.591022253036499,
16480,0,0.676450252532959,-0.8943202495574951,-0.5257453918457031,0.4088854193687439,
16560,0,0.6764835119247437,-0.8941004276275635,-0.5258975625038147,0.40897539258003235,
16640,0,0.6803804636001587,-0.8668472766876221,-0.5452004671096802,0.4202744662761688,
16720,0,0.6764920353889465,-0.8940428495407104,-0.5259372591972351,0.40899887681007385,
16800,1,0.6764822602272034,-0.894108772277832,-0.5258917808532715,0.591028094291687,
16880,0,0.6764888167381287,-0.8940645456314087,-0.5259223580360413,0.4089900255203247,
16960,1,0.6764827966690063,-0.8941057324409485,-0.525894045829773,0.591026782989502,
17040,0,0.6765788197517395,-0.893466591835022,-0.5263364315032959,0.4092346429824829,
17120,1,0.6765451431274414,-0.8936902284622192,-0.5261815190315247,0.5908568501472473,
17200,1,0.6764849424362183,-0.8940903544425964,-0.5259044170379639,0.5910205841064453,
17280,0,0.6764820218086243,-0.8941096663475037,-0.5258911848068237,0.40897154808044434,
17360,0,0.6767935752868652,-0.8920328617095947,-0.5273306965827942,0.4098217785358429,
17440,1,0.678516149520874,-0.8802516460418701,-0.53559410572052,0.5853214263916016,
17520,0,0.6781628131866455,-0.8827119469642639,-0.533854603767395,0.41365954279899597,
17600,0,0.6773115396499634,-0.8885452747344971,-0.5297597050666809,0.41125357151031494,
17680,1,0.6764888167381287,-0.894064724445343,-0.5259221792221069,0.5910100936889648,
17760,0,0.6762440800666809,-0.8956855535507202,-0.5248022079467773,0.408327579498291,
17840,0,0.6772134304046631,-0.8892092704772949,-0.5292961597442627,0.41098058223724365,
17920,0,0.6767562627792358,-0.8922829627990723,-0.5271571278572083,0.409719318151474,
18000,0,0.6764787435531616,-0.8941313028335571,-0.5258761048316956,0.4089626967906952,
18080,1,0.6777380704879761,-0.8856394290924072,-0.5317946076393127,0.58754962682724,
18160,0,0.6778504848480225,-0.8848677277565002,-0.5323365926742554,0.41276878118515015,
18240,1,0.6777026057243347,-0.8858822584152222,-0.5316241979598999,0.5876497626304626,
18320,1,0.67662513256073,-0.8931581974029541,-0.5265500545501709,0.5906391739845276,
18400,1,0.6784824132919312,-0.8804877996444702,-0.5354267954826355,0.5854194164276123,
18480,1,0.6761502027511597,-0.8963046073913574,-0.5243750810623169,0.5919251441955566,
18560,0,0.6800238490104675,-0.8694697022438049,-0.5433036088943481,0.4191737473011017,
18640,1,0.6851001977920532,-0.8286139965057373,-0.5738614797592163,0.5633459091186523,
18720,0,0.6851552724838257,-0.8281184434890747,-0.574245810508728,0.4368705451488495,
18800,0,0.6824585199356079,-0.850911557674408,-0.5569140911102295,0.42702552676200867,
18880,0,0.6829417943954468,-0.8470250368118286,-0.5598204731941223,0.4286883771419525,
18960,0,0.683287501335144,-0.8441957831382751,-0.5619485974311829,0.42990294098854065,
19040,1,0.6854676604270935,-0.8252770304679871,-0.5764555931091309,0.5618864297866821,
19120,1,0.6832760572433472,-0.844291090965271,-0.5618768930435181,0.5701379776000977,
19200,0,0.6845500469207764,-0.8334894776344299,-0.5700987577438354,0.4345303773880005,
19280,1,0.6841317415237427,-0.8371056318283081,-0.567328691482544,0.5670381188392639,
19360,1,0.6829537749290466,-0.8469270467758179,-0.5598939657211304,0.5712696313858032,
19440,0,0.6808592081069946,-0.8632776737213135,-0.5477962493896484,0.4217773675918579,
19520,0,0.6774934530258179,-0.887309193611145,-0.5306240320205688,0.41176220774650574,
19600,0,0.6827787160873413,-0.8483439683914185,-0.5588318109512329,0.4281233251094818,
19680,0,0.6803715229034424,-0.8669136762619019,-0.5451523661613464,0.42024660110473633,
19760,0,0.6827784776687622,-0.8483473062515259,-0.5588295459747314,0.4281219244003296,
19840,1,0.6808648109436035,-0.8632358312606812,-0.547826886177063,0.5782049894332886,
19920,0,0.6827781200408936,-0.8483492732048035,-0.5588278770446777,0.42812106013298035,
20000,1,0.6827405691146851,-0.8486519455909729,-0.5586013793945312,0.5720085501670837,
20080,1,0.6827793121337891,-0.8483401536941528,-0.5588348507881165,0.5718750357627869,
20160,1,0.6808592081069946,-0.8632776737213135,-0.5477962493896484,0.5782226324081421,
20240,0,0.6808592081069946,-0.8632776737213135,-0.5477962493896484,0.4217773675918579,
20320,0,0.6827793717384338,-0.8483400940895081,-0.5588350296020508,0.4281250238418579,
20400,1,0.6774457693099976,-0.8876335024833679,-0.5303969383239746,0.5883713364601135,
20480,1,0.6866364479064941,-0.814171552658081,-0.5852010846138,0.556993842124939,
20560,1,0.6827779412269592,-0.8483507633209229,-0.5588268041610718,0.5718796253204346,
20640,0,0.6827791929244995,-0.8483405113220215,-0.5588345527648926,0.4281248152256012,
20720,1,0.6800283193588257,-0.8694370985031128,-0.5433270931243896,0.5808126330375671,
20800,0,0.6764776706695557,-0.8941384553909302,-0.5258711576461792,0.4089597761631012,
20880,0,0.6769881248474121,-0.8907285332679749,-0.5282374620437622,0.41035667061805725,
20960,1,0.6803804636001587,-0.8668472766876221,-0.5452004671096802,0.5797255635261536,
21040,1,0.6785581111907959,-0.8799587488174438,-0.5358017683029175,0.5851999521255493,
21120,0,0.6785581707954407,-0.8799574971199036,-0.53580242395401,0.4148005247116089,
21200,0,0.6804720163345337,-0.8661689758300781,-0.5456925630569458,0.42055967450141907,
21280,1,0.6803804636001587,-0.8668472766876221,-0.5452004671096802,0.5797255635261536,
21360,0,0.6760808229446411,-0.8967610597610474,-0.5240606069564819,0.40788865089416504,
21440,0,0.6804720163345337,-0.866168737411499,-0.5456928014755249,0.42055976390838623,
21520,0,0.6792324781417847,-0.8751887083053589,-0.5391965508460999,0.4167833626270294,
21600,0,0.6764844655990601,-0.8940935730934143,-0.5259023308753967,0.408978134393692,
21680,0,0.6784863471984863,-0.8804603219032288,-0.535446286201477,0.4145919978618622,
21760,1,0.6785582304000854,-0.8799576163291931,-0.53580242395401,0.5851995348930359,
21840,1,0.6785411834716797,-0.88007652759552,-0.5357182025909424,0.5852488279342651,
21920,0,0.6803527474403381,-0.8670522570610046,-0.5450519323348999,0.4201883375644684,
22000,1,0.6785396933555603,-0.8800872564315796,-0.5357105731964111,0.5852532982826233,
22080,0,0.6751320362091064,-0.9029359221458435,-0.5198290348052979,0.4053777754306793,
22160,1,0.6804720163345337,-0.866168737411499,-0.5456928014755249,0.579440176486969,
22240,0,0.6803804636001587,-0.8668472766876221,-0.5452004671096802,0.4202744662761688,
22320,1,0.6764822006225586,-0.8941086530685425,-0.525891900062561,0.5910279750823975,
22400,0,0.6812759637832642,-0.8601239323616028,-0.5501031875610352,0.42310968041419983,
22480,1,0.6792048215866089,-0.8753865957260132,-0.5390552282333374,0.5832991003990173,
22560,1,0.6789600253105164,-0.8771268725395203,-0.5378138422966003,0.5840235948562622,
22640,1,0.6779384016990662,-0.8842625617980957,-0.5327622294425964,0.5869813561439514,
22720,1,0.6812829971313477,-0.8600698113441467,-0.550142765045166,0.5768674612045288,
22800,1,0.6819046139717102,-0.8552767634391785,-0.5536731481552124,0.5748344659805298,
22880,1,0.6762123703956604,-0.8958948254585266,-0.5246577262878418,0.5917578935623169,
22960,1,0.6843775510787964,-0.8349891901016235,-0.5689476728439331,0.5661208629608154,
23040,0,0.6819056272506714,-0.8552687168121338,-0.5536791086196899,0.4251689314842224,
23120,0,0.6819056272506714,-0.8552687168121338,-0.5536791086196899,0.4251689314842224,
23200,1,0.679755687713623,-0.8714244365692139,-0.5418955087661743,0.5816447138786316,
23280,1,0.6819056272506714,-0.8552687168121338,-0.5536791086196899,0.5748310685157776,
23360,0,0.6800046563148499,-0.8696103692054749,-0.5432021617889404,0.4191147983074188,
23440,0,0.6800273656845093,-0.8694440126419067,-0.5433220863342285,0.41918453574180603,
23520,1,0.6812829971313477,-0.8600698113441467,-0.550142765045166,0.5768674612045288,
23600,0,0.6812829971313477,-0.8600698113441467,-0.550142765045166,0.4231325387954712,
23680,1,0.6800273656845093,-0.8694440126419067,-0.5433220863342285,0.5808154940605164,
23760,1,0.6837658882141113,-0.8402121067047119,-0.5649632811546326,0.5683810114860535,
23840,1,0.6733512282371521,-0.9141901731491089,-0.5122284293174744,0.5991588830947876,
23920,1,0.6808592081069946,-0.863277792930603,-0.5477961897850037,0.5782226920127869,
24000,1,0.6843791604042053,-0.8349761962890625,-0.5689578056335449,0.5661152005195618,
24080,1,0.6808592081069946,-0.8632776737213135,-0.5477962493896484,0.5782226324081421,
24160,1,0.687462568283081,-0.591922402381897,-0.8057844638824463,0.4467373192310333,
24240,1,0.6785581707954407,-0.8799574971199036,-0.53580242395401,0.5851995348930359,
24320,1,0.6766683459281921,-0.8928695321083069,-0.5267500877380371,0.590520977973938,
24400,0,0.6803804636001587,-0.8668474555015564,-0.5452003479003906,0.42027440667152405,
24480,1,0.6785581707954407,-0.8799574971199036,-0.53580242395401,0.5851995348930359,
24560,1,0.6803804636001587,-0.8668472766876221,-0.5452004671096802,0.5797255635261536,
24640,0,0.6785569190979004,-0.8799660205841064,-0.5357964038848877,0.41479697823524475,
24720,1,0.6785581707954407,-0.8799574971199036,-0.53580242395401,0.5851995348930359,
24800,1,0.6803804636001587,-0.8668472766876221,-0.5452004671096802,0.5797255635261536,
24880,1,0.6803804636001587,-0.8668472766876221,-0.5452004671096802,0.5797255635261536,
24960,1,0.6751320362091064,-0.9029359221458435,-0.5198290348052979,0.5946221947669983,
25040,1,0.6751320362091064,-0.9029359221458435,-0.5198290348052979,0.5946221947669983,
25120,1,0.6803804636001587,-0.8668472766876221,-0.5452004671096802,0.5797255635261536,
25200,1,0.6792037487030029,-0.8753948211669922,-0.539049506187439,0.5833024382591248,
25280,0,0.677043080329895,-0.8903587460517883,-0.5284948945045471,0.4105084538459778,
25360,0,0.6764821410179138,-0.8941094875335693,-0.5258913040161133,0.4089716374874115,
25440,0,0.6803804636001587,-0.8668472766876221,-0.5452004671096802,0.4202744662761688,
25520,0,0.6782520413398743,-0.8820932507514954,-0.5342915058135986,0.41391557455062866,
25600,1,0.6803804636001587,-0.8668472766876221,-0.5452004671096802,0.5797255635261536,
25680,1,0.6779360771179199,-0.8842783570289612,-0.5327510237693787,0.5869879126548767,
25760,0,0.6803804636001587,-0.8668472766876221,-0.5452004671096802,0.4202744662761688,
25840,1,0.683613121509552,-0.8414937257766724,-0.5639911890029907,0.5689337849617004,
25920,0,0.6779364943504333,-0.8842754364013672,-0.5327531099319458,0.4130133092403412,
26000,0,0.6792048215866089,-0.8753859996795654,-0.539055585861206,0.41670113801956177,
26080,1,0.6764142513275146,-0.8945589065551758,-0.5255802869796753,0.5912122130393982,
26160,0,0.6777802109718323,-0.8853500485420227,-0.5319977402687073,0.41256973147392273,
26240,1,0.6760025024414062,-0.8972768783569336,-0.5237055420875549,0.5923216342926025,
26320,1,0.672221302986145,-0.9211279153823853,-0.5076138973236084,0.6019301414489746,
26400,1,0.6732277870178223,-0.9149554371833801,-0.5117167830467224,0.599465548992157,
26480,0,0.684261679649353,-0.8359906077384949,-0.5681808590888977,0.43344488739967346,
26560,0,0.6782228946685791,-0.8822954893112183,-0.5341485738754272,0.4138318598270416,
26640,1,0.6733527183532715,-0.9141808152198792,-0.5122346878051758,0.5991551280021667,
26720,1,0.6733511686325073,-0.9141902923583984,-0.5122283101081848,0.5991590023040771,
26800,0,0.681282639503479,-0.8600725531578064,-0.5501408576965332,0.42313140630722046,
26880,0,0.6733511686325073,-0.9141902923583984,-0.5122283101081848,0.4008410573005676,
26960,0,0.6800273656845093,-0.8694440126419067,-0.5433220863342285,0.41918453574180603,
27040,1,0.6733511686325073,-0.9141907095909119,-0.5122281312942505,0.5991590619087219,
27120,0,0.6764878034591675,-0.8940719366073608,-0.5259172916412354,0.40898701548576355,
27200,1,0.685666561126709,-0.8234415054321289,-0.5778889656066895,0.5610815286636353,
27280,0,0.684203028678894,-0.8364942073822021,-0.5677956938743591,0.43322664499282837,
27360,0,0.6727026700973511,-0.9181898832321167,-0.5095614194869995,0.39924106001853943,
27440,0,0.6829458475112915,-0.8469908237457275,-0.559846043586731,0.4287030100822449,
27520,1,0.6808592081069946,-0.8632776737213135,-0.5477962493896484,0.5782226324081421,
27600,1,0.6852202415466309,-0.8275308012962341,-0.5747017860412598,0.5628726482391357,
27680,1,0.6740862131118774,-0.9095955491065979,-0.5153141021728516,0.5973129272460938,
27760,0,0.6808940768241882,-0.8630157113075256,-0.5479874610900879,0.4218878746032715,
27840,1,0.6827661991119385,-0.8484455943107605,-0.5587558746337891,0.5719201564788818,
27920,0,0.6808592677116394,-0.8632773756980896,-0.5477965474128723,0.42177748680114746,
28000,1,0.6803804636001587,-0.8668472766876221,-0.5452004671096802,0.5797255635261536,
28080,1,0.6803804636001587,-0.8668472766876221,-0.5452004671096802,0.5797255635261536,
28160,1,0.6820960640907288,-0.8537777662277222,-0.5547832250595093,0.5741966962814331,
28240,1,0.6792511940002441,-0.8750557899475098,-0.5392916798591614,0.5831611752510071,
28320,1,0.6911736726760864,-0.7580105662345886,-0.6322360038757324,0.5314022898674011,
28400,1,0.6793346405029297,-0.874457597732544,-0.5397192239761353,0.5829118490219116,
28480,0,0.6803804636001587,-0.8668472766876221,-0.5452004671096802,0.4202744662761688,
28560,0,0.6785581707954407,-0.8799574971199036,-0.53580242395401,0.4148005247116089,
28640,0,0.6804157495498657,-0.866585910320282,-0.5453900098800659,0.42038431763648987,
28720,1,0.675132155418396,-0.9029349684715271,-0.5198295712471008,0.5946218967437744,
28800,0,0.6790636777877808,-0.8763921856880188,-0.5383375883102417,0.41628211736679077,
28880,0,0.6785578727722168,-0.8799599409103394,-0.5358008146286011,0.4147995412349701,
28960,0,0.6804720163345337,-0.866168737411499,-0.5456928014755249,0.42055976390838623,
29040,0,0.6751320362091064,-0.9029359221458435,-0.5198290348052979,0.4053777754306793,
29120,0,0.6803789138793945,-0.866858720779419,-0.545192301273346,0.4202696681022644,
29200,1,0.6785368919372559,-0.8801065683364868,-0.5356968641281128,0.5852612853050232,
29280,1,0.680200457572937,-0.8681752681732178,-0.5442389249801636,0.5802832841873169,
29360,1,0.6812828183174133,-0.8600713014602661,-0.5501416921615601,0.5768680572509766,
29440,0,0.6792048215866089,-0.8753859996795654,-0.539055585861206,0.41670113801956177,
29520,0,0.6804721355438232,-0.8661673665046692,-0.5456936359405518,0.4205603003501892,
29600,1,0.6789600253105164,-0.8771268725395203,-0.5378138422966003,0.5840235948562622,
29680,1,0.6812829971313477,-0.8600698113441467,-0.550142765045166,0.5768674612045288,
29760,0,0.69069504737854,-0.7657191753387451,-0.6254873275756836,0.46499937772750854,
29840,0,0.6733962297439575,-0.9139108657836914,-0.51241534948349,0.400953084230423,
29920,1,0.690708577632904,-0.7655133008956909,-0.6256664991378784,0.5349048376083374,
30000,1,0.6789599657058716,-0.8771275281906128,-0.5378133058547974,0.5840239524841309,
30080,0,0.6890280246734619,-0.788231372833252,-0.6063242554664612,0.4546482264995575,
30160,1,0.6779109239578247,-0.8844516277313232,-0.532629132270813,0.587059497833252,
30240,1,0.6729136109352112,-0.9168946743011475,-0.5104231834411621,0.600241482257843,
30320,1,0.6812829971313477,-0.8600698113441467,-0.550142765045166,0.5768674612045288,
30400,0,0.6789556741714478,-0.8771584033966064,-0.5377914905548096,0.4159632623195648,
30480,0,0.6843775510787964,-0.8349891901016235,-0.5689477324485779,0.43387916684150696,
30560,0,0.6902879476547241,-0.7717418074607849,-0.6202821731567383,0.4622073173522949,
30640,0,0.6837658882141113,-0.8402121067047119,-0.5649632215499878,0.43161895871162415,
30720,1,0.6738698482513428,-0.9109550714492798,-0.5143986344337463,0.5978600382804871,
30800,0,0.6899954080581665,-0.7758252620697021,-0.6167857646942139,0.460323691368103,
30880,1,0.6914187669754028,-0.7537235021591187,-0.6360316276550293,0.5293890833854675,
30960,1,0.6887179613113403,-0.7919185757637024,-0.6032607555389404,0.5470250248908997,
31040,0,0.6807146072387695,-0.8643620014190674,-0.5470060110092163,0.42132025957107544,
31120,0,0.6733511686325073,-0.9141903519630432,-0.5122283101081848,0.40084102749824524,
31200,0,0.6733511686325073,-0.9141902923583984,-0.5122283101081848,0.4008410573005676,
31280,0,0.6733511686325073,-0.9141902923583984,-0.5122283101081848,0.4008410573005676,
31360,1,0.6821103096008301,-0.8536660671234131,-0.5548660755157471,0.5741491317749023,
31440,0,0.6902761459350586,-0.7719085216522217,-0.6201387643814087,0.46213021874427795,
31520,0,0.6736932396888733,-0.9120604395866394,-0.5136557817459106,0.40169572830200195,
31600,1,0.6829458475112915,-0.8469908237457275,-0.559846043586731,0.5712969899177551,
31680,1,0.6716540455818176,-0.9245560765266418,-0.5053530931472778,0.6032925248146057,
31760,0,0.6733511686325073,-0.9141902923583984,-0.5122283101081848,0.4008410573005676,
31840,1,0.6690343022346497,-0.9399645328521729,-0.49534887075424194,0.6093583106994629,
31920,1,0.6802833676338196,-0.8675645589828491,-0.5446808934211731,0.5800268650054932,
32000,1,0.6803804636001587,-0.8668472766876221,-0.5452004671096802,0.5797255635261536,
32080,1,0.6768866777420044,-0.8914095759391785,-0.5277637839317322,0.5899227261543274,
32160,1,0.6764864921569824,-0.8940802812576294,-0.5259114503860474,0.591016411781311,
32240,1,0.6764832735061646,-0.8941016793251038,-0.5258966684341431,0.591025173664093,
32320,1,0.6803804636001587,-0.8668472766876221,-0.5452004671096802,0.5797255635261536,
32400,1,0.6768574118614197,-0.8916059732437134,-0.5276272892951965,0.590003252029419,
32480,1,0.6764845252037048,-0.8940929770469666,-0.5259026885032654,0.5910215973854065,
32560,1,0.6764962077140808,-0.8940159678459167,-0.5259560346603394,0.5909901261329651,
32640,1,0.6764843463897705,-0.8940945863723755,-0.5259016156196594,0.591022253036499,
32720,0,0.6765291690826416,-0.8937968611717224,-0.526107668876648,0.4090995192527771,
32800,1,0.6928985714912415,-0.7156968116760254,-0.6710948348045349,0.5111486315727234,
32880,1,0.6928357481956482,-0.7184198498725891,-0.6684975028038025,0.5124779939651489,
32960,1,0.6925797462463379,-0.7274110317230225,-0.6600184440612793,0.5168417692184448,
33040,0,0.6929422616958618,-0.7135941982269287,-0.673109769821167,0.4898802936077118,
33120,1,0.6929069757461548,-0.7153052687644958,-0.6714693307876587,0.5109572410583496,
33200,1,0.6928945183753967,-0.7158812284469604,-0.6709184646606445,0.5112388134002686,
33280,1,0.6929422616958618,-0.7135996222496033,-0.6731047630310059,0.5101222991943359,
33360,1,0.6929430365562439,-0.7135623693466187,-0.6731405854225159,0.5101040601730347,
33440,1,0.6929416656494141,-0.7136304974555969,-0.6730751395225525,0.5101374387741089,
33520,1,0.6929401159286499,-0.7137066125869751,-0.6730019450187683,0.5101747512817383,
33600,0,0.692631721496582,-0.7257777452468872,-0.6615477204322815,0.4839480221271515,
33680,0,0.6929429173469543,-0.7135686874389648,-0.6731345057487488,0.4898928105831146,
33760,0,0.692207932472229,-0.7374501824378967,-0.650723934173584,0.4783320128917694,
33840,1,0.6929423809051514,-0.7135937213897705,-0.6731104254722595,0.5101194381713867,
33920,0,0.6927122473716736,-0.7230842709541321,-0.6640804409980774,0.48525330424308777,
34000,1,0.6929098963737488,-0.71517413854599,-0.67159503698349,0.5108930468559265,
34080,1,0.6920088529586792,-0.7420293092727661,-0.646543562412262,0.5238533616065979,
34160,1,0.6927229166030884,-0.7227063775062561,-0.6644367575645447,0.514563262462616,
34240,0,0.69266676902771,-0.724632203578949,-0.6626233458518982,0.48450273275375366,
34320,0,0.6927226781845093,-0.7227156162261963,-0.6644280552864075,0.4854322373867035,
34400,0,0.6927251815795898,-0.7226292490959167,-0.664509654045105,0.48547419905662537,
34480,0,0.6929035186767578,-0.7154713869094849,-0.671310544013977,0.4889616072177887,
34560,0,0.6929733753204346,-0.7119672894477844,-0.6746747493743896,0.49067795276641846,
34640,1,0.6930855512619019,-0.7043126225471497,-0.6821050047874451,0.5055516958236694,
34720,1,0.6930859088897705,-0.7042836546897888,-0.6821333169937134,0.5055373907089233,
34800,1,0.6930858492851257,-0.7042838931083679,-0.682133138179779,0.5055374503135681,
34880,0,0.6930859088897705,-0.7042835354804993,-0.6821334362030029,0.4944627285003662,
34960,1,0.6930803656578064,-0.7047766447067261,-0.6816514730453491,0.5057810544967651,
35040,1,0.6929910182952881,-0.6756253838539124,-0.7109816074371338,0.49116188287734985,
35120,1,0.6931337118148804,-0.6879732608795166,-0.6983480453491211,0.49740633368492126,
35200,1,0.693114161491394,-0.7013088464736938,-0.6850515604019165,0.5040642619132996,
35280,1,0.6931073665618896,-0.6842603087425232,-0.702113687992096,0.49553677439689636,
35360,1,0.6931130886077881,-0.684931218624115,-0.701431155204773,0.49587512016296387,
35440,1,0.6931076645851135,-0.7020787000656128,-0.6842947602272034,0.5044458508491516,
35520,1,0.6931337118148804,-0.6879732608795166,-0.6983480453491211,0.49740633368492126,
35600,1,0.6931337118148804,-0.6879732608795166,-0.6983480453491211,0.49740633368492126,
35680,0,0.6931076049804688,-0.7020858526229858,-0.6842876672744751,0.49555057287216187,
35760,1,0.6931073069572449,-0.6842604875564575,-0.7021135091781616,0.4955368638038635,
35840,1,0.6931337118148804,-0.6879732608795166,-0.6983480453491211,0.49740633368492126,
35920,0,0.6921833753585815,-0.7380374073982239,-0.6501858234405518,0.47805121541023254,
36000,0,0.6930793523788452,-0.7048673033714294,-0.6815629601478577,0.49417418241500854,
36080,0,0.6931024789810181,-0.7026416659355164,-0.6837419271469116,0.49527519941329956,
36160,1,0.6931073665618896,-0.6842603087425232,-0.7021137475967407,0.495536744594574,
36240,0,0.6931073069572449,-0.7021201848983765,-0.6842541098594666,0.4955335855484009,
36320,0,0.6931337118148804,-0.6879732608795166,-0.6983480453491211,0.5025936961174011,
36400,1,0.6931196451187134,-0.6857590675354004,-0.700590193271637,0.49629226326942444,
36480,0,0.6931072473526001,-0.6842597723007202,-0.7021141052246094,0.5044634938240051,
36560,0,0.692183256149292,-0.738038182258606,-0.6501849889755249,0.4780508279800415,
36640,0,0.6931337118148804,-0.6879735589027405,-0.6983477473258972,0.5025935173034668,
36720,1,0.6931072473526001,-0.6842615604400635,-0.7021123766899109,0.4955374002456665,
36800,0,0.6931073665618896,-0.684259831905365,-0.7021141648292542,0.5044634938240051,
36880,0,0.6927759647369385,-0.7207698225975037,-0.6662670969963074,0.48637768626213074,
36960,0,0.6925625205039978,-0.7279356718063354,-0.6595283150672913,0.4829048216342926,
37040,1,0.6927284598350525,-0.7225108742713928,-0.6646211743354797,0.5144683718681335,
37120,0,0.6930755376815796,-0.7051894068717957,-0.6812482476234436,0.49401500821113586,
37200,0,0.6931073665618896,-0.6842610836029053,-0.7021129131317139,0.5044628381729126,
37280,1,0.6921867728233337,-0.7379581332206726,-0.6502585411071777,0.5219108462333679,
37360,1,0.6931392550468445,-0.6971362233161926,-0.6891739964485168,0.501990556716919,
37440,0,0.6931073665618896,-0.684259831905365,-0.7021141648292542,0.5044634938240051,
37520,1,0.6931073665618896,-0.6842665672302246,-0.7021073698997498,0.49553990364074707,
37600,1,0.6931337118148804,-0.6879732608795166,-0.6983480453491211,0.49740633368492126,
37680,1,0.6931073665618896,-0.684259831905365,-0.7021141052246094,0.49553656578063965,
37760,0,0.6922617554664612,-0.7361323237419128,-0.6519337892532349,0.478962779045105,
37840,0,0.6927415132522583,-0.7220423221588135,-0.6650636196136475,0.4857591986656189,
37920,0,0.6931421756744385,-0.6962993144989014,-0.6900048851966858,0.4984263777732849,
38000,0,0.6931073665618896,-0.684259831905365,-0.7021141648292542,0.5044634938240051,
38080,1,0.6927284598350525,-0.7225108742713928,-0.6646211743354797,0.5144683718681335,
38160,0,0.693146824836731,-0.6922438740730286,-0.6940513253211975,0.5004518628120422,
38240,1,0.6931467652320862,-0.6922288537025452,-0.6940663456916809,0.49954065680503845,
38320,0,0.6931073665618896,-0.684259831905365,-0.7021141648292542,0.5044634938240051,
38400,0,0.6922617554664612,-0.7361325025558472,-0.6519337296485901,0.4789627194404602,
38480,1,0.6931073665618896,-0.684259831905365,-0.7021141648292542,0.49553653597831726,
38560,0,0.6931076049804688,-0.6842881441116333,-0.7020854353904724,0.504449188709259,
38640,1,0.6931073665618896,-0.684259831905365,-0.7021141052246094,0.49553656578063965,
38720,1,0.6927472352981567,-0.7218353152275085,-0.6652591824531555,0.514140248298645,
38800,0,0.6930675506591797,-0.7058486938476562,-0.6806050539016724,0.4936894178390503,
38880,1,0.6930675506591797,-0.7058486938476562,-0.6806050539016724,0.5063105821609497,
38960,1,0.692743182182312,-0.7219844460487366,-0.6651182770729065,0.5142127275466919,
39040,1,0.6930675506591797,-0.7058486938476562,-0.6806050539016724,0.5063105821609497,
39120,1,0.6930675506591797,-0.7058486938476562,-0.6806050539016724,0.5063105821609497,
39200,0,0.6922154426574707,-0.7372693419456482,-0.6508899927139282,0.47841858863830566,
39280,1,0.6701382994651794,-0.4994813799858093,-0.9335520267486572,0.39315471053123474,
39360,1,0.692743182182312,-0.7219844460487366,-0.6651182770729065,0.5142127275466919,
39440,1,0.692728579044342,-0.7225067019462585,-0.6646250486373901,0.514466404914856,
39520,1,0.692743182182312,-0.7219844460487366,-0.6651182770729065,0.5142127275466919,
39600,0,0.6926466226577759,-0.725299596786499,-0.6619964838027954,0.4841795265674591,
39680,0,0.6926465630531311,-0.7252994775772095,-0.6619964838027954,0.4841795563697815,
39760,1,0.6926466226577759,-0.725299596786499,-0.6619964838027954,0.5158205032348633,
39840,0,0.692743182182312,-0.7219844460487366,-0.6651182770729065,0.4857873022556305,
39920,0,0.6930675506591797,-0.7058486938476562,-0.6806050539016724,0.4936894178390503,
40000,0,0.6923848390579224,-0.7329713106155396,-0.6548484563827515,0.4804792106151581,
40080,1,0.6923313140869141,-0.7343757748603821,-0.6535512804985046,0.5201951265335083,
40160,1,0.6930675506591797,-0.7058486938476562,-0.6806050539016724,0.5063105821609497,
40240,1,0.6930675506591797,-0.7058486938476562,-0.6806050539016724,0.5063105821609497,
40320,1,0.6931469440460205,-0.6938464045524597,-0.6924483776092529,0.5003495216369629,
40400,1,0.6930675506591797,-0.7058486938476562,-0.6806050539016724,0.5063105821609497,
40480,1,0.6921526193618774,-0.7387660145759583,-0.6495190262794495,0.5222969651222229,
40560,0,0.6930675506591797,-0.7058486938476562,-0.6806050539016724,0.4936894178390503,
40640,1,0.6917622089385986,-0.7471996545791626,-0.6418671607971191,0.5263087749481201,
40720,1,0.6921321749687195,-0.7392414808273315,-0.6490843296051025,0.5225239992141724,
40800,1,0.6930649280548096,-0.7060562372207642,-0.6804026365280151,0.5064130425453186,
40880,0,0.6920202970504761,-0.7417786717414856,-0.6467715501785278,0.476266086101532,
40960,1,0.6929134130477905,-0.7150068879127502,-0.6717550754547119,0.5108112692832947,
41040,0,0.6930910348892212,-0.7038096785545349,-0.682597279548645,0.49469709396362305,
41120,0,0.6929222345352173,-0.714584231376648,-0.6721600890159607,0.4893955588340759,
41200,0,0.6931139826774597,-0.7013294696807861,-0.6850312352180481,0.49592554569244385,
41280,1,0.6921446323394775,-0.7389519810676575,-0.64934903383255,0.5223857164382935,
41360,1,0.6927430629730225,-0.7219839096069336,-0.6651187539100647,0.514212429523468,
41440,1,0.6923408508300781,-0.734128475189209,-0.6537793874740601,0.5200765132904053,
41520,0,0.6927230358123779,-0.7227025628089905,-0.6644403338432312,0.4854385554790497,
41600,1,0.691990852355957,-0.7424216270446777,-0.6461871266365051,0.5240400433540344,
41680,1,0.692801833152771,-0.7197776436805725,-0.6672074794769287,0.513139545917511,
41760,1,0.6920681595802307,-0.7407071590423584,-0.6477468013763428,0.5232234001159668,
41840,0,0.692879319190979,-0.7165639400482178,-0.6702662706375122,0.48842766880989075,
41920,1,0.693045973777771,-0.7074804902076721,-0.6790164113044739,0.5071155428886414,
42000,1,0.693045973777771,-0.7074805498123169,-0.6790164113044739,0.5071155428886414,
42080,0,0.6920083165168762,-0.7420399785041809,-0.6465338468551636,0.4761416018009186,
42160,0,0.6930221319198608,-0.7090903520584106,-0.6774542927742004,0.4920916259288788,
42240,1,0.690585732460022,-0.767380952835083,-0.6240454316139221,0.5357726812362671,
42320,0,0.6908142566680908,-0.7638711333274841,-0.6270965337753296,0.4658595621585846,
42400,1,0.6921446323394775,-0.7389519810676575,-0.64934903383255,0.5223857164382935,
42480,0,0.6929141283035278,-0.7149720191955566,-0.6717885732650757,0.48920580744743347,
42560,0,0.6921446323394775,-0.7389519214630127,-0.64934903383255,0.47761422395706177,
42640,0,0.6921446323394775,-0.7389519810676575,-0.64934903383255,0.47761422395706177,
42720,1,0.6921446323394775,-0.7389519810676575,-0.64934903383255,0.5223857164382935,
42800,0,0.6929107904434204,-0.7151322960853577,-0.671635091304779,0.48912742733955383,
42880,0,0.6921446323394775,-0.7389519810676575,-0.64934903383255,0.47761422395706177,
42960,0,0.6931073665618896,-0.6842602491378784,-0.7021138072013855,0.5044633150100708,
43040,1,0.6930718421936035,-0.7054968476295471,-0.6809481978416443,0.5061368346214294,
43120,0,0.692273736000061,-0.7358360290527344,-0.652206301689148,0.47910475730895996,
43200,1,0.6920082569122314,-0.7420411705970764,-0.6465327739715576,0.5238589644432068,
43280,1,0.6920392513275146,-0.7413567900657654,-0.6471553444862366,0.5235329270362854,
43360,1,0.6906437873840332,-0.76650071144104,-0.6248084902763367,0.5353638529777527,
43440,1,0.6921446323394775,-0.7389518618583679,-0.64934903383255,0.5223857164382935,
43520,1,0.6930177211761475,-0.7093663811683655,-0.6771868467330933,0.5080441832542419,
43600,1,0.6885801553726196,-0.7935196757316589,-0.6019366979598999,0.5477497577667236,
43680,0,0.6903307437896729,-0.7711287140846252,-0.6208094358444214,0.4624907970428467,
43760,1,0.6927759647369385,-0.7207698225975037,-0.6662670969963074,0.5136222839355469,
43840,0,0.6931074857711792,-0.6842678189277649,-0.702106237411499,0.5044594407081604,
43920,0,0.6931076049804688,-0.7020764350891113,-0.6842969059944153,0.49555522203445435,
44000,0,0.6929630041122437,-0.7125270366668701,-0.6741357445716858,0.4904033839702606,
44080,1,0.691901445388794,-0.7443393468856812,-0.6444485783576965,0.5249519348144531,
44160,1,0.6930755376815796,-0.7051903605461121,-0.6812472939491272,0.5059854984283447,
44240,0,0.6929494142532349,-0.7132365703582764,-0.6734535694122314,0.49005556106567383,
44320,0,0.6928282380104065,-0.7187280654907227,-0.6682044267654419,0.4873717725276947,
44400,1,0.6906437873840332,-0.76650071144104,-0.6248084902763367,0.5353638529777527,
44480,0,0.6927759647369385,-0.7207698225975037,-0.6662670969963074,0.48637768626213074,
44560,1,0.690924882888794,-0.762115478515625,-0.6286302208900452,0.5333218574523926,
44640,1,0.6931337118148804,-0.6879732608795166,-0.6983480453491211,0.49740633368492126,
44720,0,0.6928931474685669,-0.715944230556488,-0.6708583235740662,0.48873043060302734,
44800,0,0.6921354532241821,-0.7391670942306519,-0.6491522789001465,0.4775114953517914,
44880,0,0.6931073069572449,-0.6842599511146545,-0.7021139860153198,0.5044634342193604,
44960,1,0.6927415132522583,-0.7220423221588135,-0.6650636196136475,0.5142408013343811,
45040,1,0.6914863586425781,-0.7524915337562561,-0.6371281147003174,0.5288088917732239,
45120,0,0.6927415132522583,-0.7220423221588135,-0.6650636196136475,0.4857591986656189,
45200,0,0.6922617554664612,-0.7361323833465576,-0.6519337296485901,0.478962779045105,
45280,1,0.6931074857711792,-0.6842788457870483,-0.7020948529243469,0.4955461323261261,
45360,1,0.6931337118148804,-0.6879732608795166,-0.6983480453491211,0.49740633368492126,
45440,1,0.6921718716621399,-0.738309919834137,-0.649936318397522,0.5220789909362793,
45520,1,0.6931073665618896,-0.684259831905365,-0.7021141052246094,0.49553656578063965,
45600,0,0.6916829943656921,-0.6404589414596558,-0.7487664818763733,0.5270504951477051,
45680,0,0.6927284598350525,-0.7225108742713928,-0.6646211743354797,0.48553162813186646,
45760,1,0.6922617554664612,-0.7361323833465576,-0.6519337296485901,0.521037220954895,
45840,0,0.6860436797142029,-0.8199042677879333,-0.580665111541748,0.44047385454177856,
45920,0,0.692980170249939,-0.7115973830223083,-0.6750313639640808,0.4908595383167267,
46000,1,0.692422091960907,-0.7319703698158264,-0.6557751893997192,0.5190396308898926,
46080,0,0.6923083066940308,-0.7349653840065002,-0.6530078053474426,0.47952204942703247,
46160,1,0.6931471824645996,-0.6928165555000305,-0.6934779286384583,0.49983465671539307,
46240,0,0.6920561790466309,-0.7409746646881104,-0.6475030779838562,0.47664910554885864,
46320,1,0.6898342967033386,-0.7780007719993591,-0.6149338483810425,0.5406765937805176,
46400,1,0.6930614709854126,-0.6801341772079468,-0.7063318490982056,0.49345093965530396,
46480,0,0.692422091960907,-0.7319703698158264,-0.6557751893997192,0.4809604287147522,
46560,1,0.6931471824645996,-0.6928165555000305,-0.6934779286384583,0.49983465671539307,
46640,0,0.6931250095367432,-0.6865052580833435,-0.6998334527015686,0.5033320188522339,
46720,0,0.6923234462738037,-0.7345765233039856,-0.6533661484718323,0.47970855236053467,
46800,0,0.6899065971374512,-0.777030885219574,-0.6157586574554443,0.4597690999507904,
46880,0,0.692422091960907,-0.7319703698158264,-0.6557751893997192,0.4809604287147522,
46960,1,0.6899073719978333,-0.7770205736160278,-0.6157674193382263,0.54022616147995,
47040,1,0.6931471824645996,-0.6928165555000305,-0.6934779286384583,0.49983465671539307,
47120,1,0.693145751953125,-0.6914799809455872,-0.6948171854019165,0.49916568398475647,
47200,1,0.6924766302108765,-0.730451226234436,-0.6571848392486572,0.5183084011077881,
47280,1,0.6898342967033386,-0.7780007719993591,-0.6149338483810425,0.5406765937805176,
47360,0,0.6926566362380981,-0.6623046398162842,-0.7249715328216553,0.5156615972518921,
47440,0,0.6898099184036255,-0.778326153755188,-0.6146575808525085,0.45917394757270813,
47520,1,0.6899073123931885,-0.7770214080810547,-0.6157666444778442,0.5402265787124634,
47600,1,0.6931203603744507,-0.6858489513397217,-0.7004991173744202,0.49633750319480896,
47680,0,0.6931455135345459,-0.691325306892395,-0.6949722766876221,0.5009117722511292,
47760,1,0.6927778124809265,-0.7207003831863403,-0.6663328409194946,0.513588547706604,
47840,1,0.6926966905593872,-0.7236227989196777,-0.6635729670524597,0.5150079727172852,
47920,0,0.6925632953643799,-0.7279133200645447,-0.6595492362976074,0.48291563987731934,
48000,0,0.6926208734512329,-0.7261279821395874,-0.6612195372581482,0.48377856612205505,
48080,1,0.6928755640983582,-0.7167301177978516,-0.6701076030731201,0.5116535425186157,
48160,0,0.6929435729980469,-0.7135328054428101,-0.6731687784194946,0.489910364151001,
48240,1,0.6922730803489685,-0.7358508706092834,-0.6521926522254944,0.5209023356437683,
48320,1,0.6929177045822144,-0.714805006980896,-0.6719486117362976,0.5107124447822571,
48400,0,0.6929354667663574,-0.7139409780502319,-0.6727771162986755,0.4897104799747467,
48480,0,0.6929184198379517,-0.7147665619850159,-0.6719853281974792,0.4893063008785248,
48560,1,0.6929019689559937,-0.7155444025993347,-0.6712406873703003,0.5110741257667542,
48640,0,0.6929420232772827,-0.7136074900627136,-0.6730970740318298,0.4898737668991089,
48720,1,0.6929420232772827,-0.713611900806427,-0.6730929017066956,0.510128378868103,
48800,0,0.6929296255111694,-0.7142274379730225,-0.6725021004676819,0.48957017064094543,
48880,1,0.6928986310958862,-0.7156943082809448,-0.6710972785949707,0.5111474394798279,
48960,1,0.6929287910461426,-0.7142714858055115,-0.6724600195884705,0.5104513168334961,
49040,1,0.6929363012313843,-0.7138975858688354,-0.672818660736084,0.5102682709693909,
49120,1,0.6929395198822021,-0.7137401103973389,-0.6729698777198792,0.5101911425590515,
49200,1,0.6866794228553772,-0.8137470483779907,-0.5855388641357422,0.5568057298660278,
49280,0,0.686665415763855,-0.8138856291770935,-0.5854285359382629,0.4431328773498535,
49360,1,0.6865677833557129,-0.8148462772369385,-0.5846648216247559,0.5572925806045532,
49440,0,0.6866520047187805,-0.8140182495117188,-0.5853231549263,0.4430740773677826,
49520,1,0.6860766410827637,-0.8195900917053223,-0.5809123516082764,0.559387743473053,
49600,1,0.6849701404571533,-0.8297785520553589,-0.5729596614837646,0.5638541579246521,
49680,1,0.6812587976455688,-0.8602544665336609,-0.5500074625015259,0.5769455432891846,
49760,0,0.6812587380409241,-0.86025470495224,-0.550007164478302,0.4230543375015259,
49840,1,0.6834044456481934,-0.8432301878929138,-0.5626774430274963,0.5696817636489868,
49920,0,0.6812587380409241,-0.8602548837661743,-0.5500069856643677,0.4230542778968811,
50000,1,0.6884732842445374,-0.7947461009025574,-0.6009251475334167,0.5483041405677795,
50080,0,0.6812587380409241,-0.8602548837661743,-0.5500069856643677,0.4230542778968811,
50160,0,0.6798647046089172,-0.8706313371658325,-0.5424661636352539,0.4186871349811554,
50240,0,0.6812529563903809,-0.8602991104125977,-0.5499746799468994,0.42303553223609924,
50320,1,0.6809118986129761,-0.8628815412521362,-0.5480853319168091,0.5780555605888367,
50400,0,0.6804666519165039,-0.8662084341049194,-0.5456637740135193,0.42054301500320435,
50480,0,0.6807364225387573,-0.8641988039016724,-0.5471249222755432,0.42138904333114624,
50560,1,0.6811823844909668,-0.8608356714248657,-0.5495814681053162,0.5771913528442383,
50640,0,0.6811236143112183,-0.8612818717956543,-0.5492547154426575,0.4226199984550476,
50720,1,0.6812414526939392,-0.8603861927986145,-0.5499107241630554,0.5770013332366943,
50800,0,0.6821202039718628,-0.8535885214805603,-0.5549236536026001,0.4258839190006256,
50880,0,0.6845011711120605,-0.8339159488677979,-0.5697711110115051,0.4343450963497162,
50960,0,0.6830637454986572,-0.8460310697555542,-0.5605669617652893,0.4291146695613861,
51040,0,0.6766759157180786,-0.892819344997406,-0.5267849564552307,0.4094995856285095,
51120,0,0.6839898824691772,-0.8383172750473022,-0.5664045810699463,0.43243759870529175,
51200,0,0.6798652410507202,-0.8706274032592773,-0.5424690246582031,0.4186887741088867,
51280,0,0.6755799651145935,-0.9000377655029297,-0.5218096971511841,0.40655434131622314,
51360,0,0.6755805015563965,-0.9000338315963745,-0.521812379360199,0.4065559208393097,
51440,1,0.6755805611610413,-0.9000336527824402,-0.5218124389648438,0.5934440493583679,
51520,0,0.6755805015563965,-0.9000335931777954,-0.521812379360199,0.40655601024627686,
51600,1,0.6772068738937378,-0.8892542123794556,-0.5292648077011108,0.5890378952026367,
51680,0,0.6772083044052124,-0.8892439603805542,-0.5292719602584839,0.41096633672714233,
51760,0,0.6772083044052124,-0.8892439603805542,-0.5292719602584839,0.41096633672714233,
51840,1,0.6772083044052124,-0.8892439603805542,-0.5292719602584839,0.5890336632728577,
51920,1,0.6772083044052124,-0.8892439603805542,-0.5292719602584839,0.5890336632728577,
52000,1,0.6772083044052124,-0.8892439603805542,-0.5292719602584839,0.5890336632728577,
52080,1,0.6753530502319336,-0.9015091061592102,-0.520802915096283,0.5940433740615845,
52160,0,0.6755805015563965,-0.9000335931777954,-0.521812379360199,0.40655601024627686,
52240,1,0.6772083044052124,-0.8892439603805542,-0.5292719602584839,0.5890336632728577,
52320,1,0.6755805015563965,-0.9000335335731506,-0.5218124985694885,0.5934439301490784,
52400,1,0.6772083044052124,-0.8892439603805542,-0.5292719602584839,0.5890336632728577,
52480,1,0.6772083044052124,-0.8892439603805542,-0.5292719602584839,0.5890336632728577,
52560,1,0.671420693397522,-0.9259564876556396,-0.5044333934783936,0.6038476228713989,
52640,1,0.6866796016693115,-0.8137461543083191,-0.585539698600769,0.5568053126335144,
52720,1,0.6866796016693115,-0.8137462139129639,-0.585539698600769,0.5568053126335144,
52800,0,0.6891213655471802,-0.787095844745636,-0.6072718501091003,0.45516473054885864,
52880,1,0.6766313314437866,-0.893116295337677,-0.5265790224075317,0.5906220078468323,
52960,1,0.6866796016693115,-0.8137461543083191,-0.585539698600769,0.5568053126335144,
53040,1,0.6866796016693115,-0.8137461543083191,-0.585539698600769,0.5568053126335144,
53120,1,0.6866796016693115,-0.8137461543083191,-0.585539698600769,0.5568053126335144,
53200,1,0.686679482460022,-0.8137460947036743,-0.5855395793914795,0.5568053126335144,
53280,1,0.6891213655471802,-0.787095844745636,-0.6072718501091003,0.5448352098464966,
53360,1,0.6896390914916992,-0.7805741429328918,-0.6127530932426453,0.5418570637702942,
53440,1,0.6866793632507324,-0.8137471079826355,-0.5855388045310974,0.5568057298660278,
53520,1,0.689157247543335,-0.7866572737693787,-0.6076383590698242,0.5446355938911438,
53600,0,0.686679482460022,-0.8137462139129639,-0.5855395197868347,0.4431946277618408,
53680,1,0.6891213655471802,-0.787095844745636,-0.6072718501091003,0.5448352098464966,
53760,0,0.6762421131134033,-0.8956986665725708,-0.5247931480407715,0.4083222448825836,
53840,0,0.6762421131134033,-0.8956986665725708,-0.5247931480407715,0.4083222448825836,
53920,1,0.6763540506362915,-0.8949576020240784,-0.5253046751022339,0.5913751125335693,
54000,1,0.6812587380409241,-0.8602548837661743,-0.5500069856643677,0.5769457817077637,
54080,0,0.6762427091598511,-0.8956945538520813,-0.5247960090637207,0.40832391381263733,
54160,1,0.6829161047935486,-0.8472325205802917,-0.5596647262573242,0.5714005827903748,
54240,1,0.6813624501228333,-0.8594630360603333,-0.5505881309509277,0.5766105651855469,
54320,0,0.6801127195358276,-0.8688194155693054,-0.5437732934951782,0.4194464683532715,
54400,1,0.6891213655471802,-0.787095844745636,-0.6072718501091003,0.5448352098464966,
54480,0,0.6812587380409241,-0.8602548837661743,-0.5500069856643677,0.4230542778968811,
54560,1,0.6889995336532593,-0.7885737419128418,-0.6060387492179871,0.5455074906349182,
54640,0,0.6812587380409241,-0.8602548837661743,-0.5500069856643677,0.4230542778968811,
54720,1,0.6789703369140625,-0.8770540356636047,-0.5378656387329102,0.5839933753013611,
54800,1,0.6823128461837769,-0.8520687818527222,-0.5560525059700012,0.5734683871269226,
54880,0,0.6817529797554016,-0.8564560413360596,-0.5528018474578857,0.4246644377708435,
54960,1,0.6795477867126465,-0.8729268908500671,-0.5408161282539368,0.5822728276252747,
55040,0,0.6817529201507568,-0.8564559817314148,-0.552801787853241,0.4246644377708435,
55120,0,0.6800734400749207,-0.8691074848175049,-0.5435652732849121,0.41932564973831177,
55200,1,0.6890662312507629,-0.7877679467201233,-0.6067107319831848,0.5451410412788391,
55280,1,0.6811650395393372,-0.8609673380851746,-0.5494849681854248,0.5772470235824585,
55360,0,0.6812413334846497,-0.8603870868682861,-0.5499100089073181,0.422998309135437,
55440,1,0.6847660541534424,-0.8315916657447815,-0.5715595483779907,0.5646441578865051,
55520,0,0.669647753238678,-0.9364153742790222,-0.497630774974823,0.39203059673309326,
55600,1,0.6762477159500122,-0.8956612944602966,-0.5248187780380249,0.5916625261306763,
55680,1,0.6757252812385559,-0.8990902304649353,-0.5224591493606567,0.593060314655304,
55760,0,0.6757535934448242,-0.8989058136940002,-0.5225857496261597,0.40701475739479065,
55840,1,0.6838729381561279,-0.8393086194992065,-0.5656499266624451,0.5679908990859985,
55920,1,0.6836048364639282,-0.8415628671646118,-0.5639387369155884,0.5689636468887329,
56000,1,0.671420693397522,-0.9259564876556396,-0.5044333934783936,0.6038476228713989,
56080,0,0.6866796016693115,-0.8137461543083191,-0.585539698600769,0.4431946873664856,
56160,0,0.6891409158706665,-0.7868577241897583,-0.6074708700180054,0.45527318120002747,
56240,1,0.6891213655471802,-0.787095844745636,-0.6072718501091003,0.5448352098464966,
56320,0,0.6866960525512695,-0.813582718372345,-0.5856696367263794,0.4432671070098877,
56400,1,0.6906131505966187,-0.7669654488563538,-0.6244054436683655,0.5355797410011292,
56480,1,0.6908305883407593,-0.7636147141456604,-0.6273201107978821,0.5340210199356079,
56560,0,0.6891220808029175,-0.7870871424674988,-0.6072791218757629,0.4551687240600586,
56640,0,0.6891213655471802,-0.787095844745636,-0.6072718501091003,0.45516473054885864,
56720,0,0.6866796016693115,-0.8137461543083191,-0.585539698600769,0.4431946873664856,
56800,1,0.6866796016693115,-0.8137460350990295,-0.5855397582054138,0.5568052530288696,
56880,0,0.6909061670303345,-0.7624157071113586,-0.62836754322052,0.46653810143470764,
56960,1,0.6866773366928101,-0.813768208026886,-0.5855221748352051,0.5568150281906128,
57040,1,0.6866796016693115,-0.8137461543083191,-0.585539698600769,0.5568053126335144,
57120,0,0.6891213655471802,-0.787095844745636,-0.6072718501091003,0.45516473054885864,
57200,0,0.6757922172546387,-0.8986530303955078,-0.522759199142456,0.407117635011673,
57280,1,0.6892008781433105,-0.7861214876174927,-0.6080866456031799,0.5443915128707886,
57360,1,0.6894465088844299,-0.7830480337142944,-0.610666036605835,0.5429890751838684,
57440,0,0.6891214847564697,-0.7870954871177673,-0.6072722673416138,0.45516493916511536,
57520,0,0.6866793632507324,-0.8137477040290833,-0.5855383276939392,0.4431940019130707,
57600,0,0.689663827419281,-0.780251145362854,-0.6130261421203613,0.4582909047603607,
57680,0,0.6866782307624817,-0.8137587308883667,-0.5855295658111572,0.4431890845298767,
57760,0,0.6762421131134033,-0.8956986665725708,-0.5247931480407715,0.4083222448825836,
57840,1,0.6891213655471802,-0.7870954275131226,-0.6072721481323242,0.5448350310325623,
57920,0,0.6762421131134033,-0.8956986665725708,-0.5247931480407715,0.4083222448825836,
58000,1,0.6762421131134033,-0.895698606967926,-0.5247931480407715,0.591677725315094,
58080,0,0.6762435436248779,-0.8956888914108276,-0.5247998237609863,0.40832623839378357,
58160,1,0.6762421131134033,-0.8956986665725708,-0.5247931480407715,0.591677725315094,
58240,1,0.6823177337646484,-0.8520292639732361,-0.5560818314552307,0.5734515190124512,
58320,1,0.6891213655471802,-0.787095844745636,-0.6072718501091003,0.5448352098464966,
58400,1,0.6801127195358276,-0.8688200116157532,-0.5437729358673096,0.5805537700653076,
58480,1,0.6891229152679443,-0.7870779037475586,-0.6072868704795837,0.5448271036148071,
58560,0,0.679966151714325,-0.8698921203613281,-0.5429990291595459,0.41899675130844116,
58640,1,0.6894336938858032,-0.7832102179527283,-0.6105296015739441,0.5430631637573242,
58720,0,0.677847146987915,-0.8848903179168701,-0.5323207378387451,0.4127594530582428,
58800,1,0.6812587380409241,-0.8602548837661743,-0.5500069856643677,0.5769457817077637,
58880,0,0.6697261333465576,-0.9359596967697144,-0.4979247450828552,0.39220932126045227,
58960,0,0.669647753238678,-0.9364153742790222,-0.497630774974823,0.39203059673309326,
59040,1,0.6701992750167847,-0.9331945180892944,-0.49971315264701843,0.6067046523094177,
59120,1,0.6764333248138428,-0.8944329619407654,-0.5256675481796265,0.5911605954170227,
59200,0,0.669647753238678,-0.9364153742790222,-0.497630774974823,0.39203059673309326,
59280,0,0.6845972537994385,-0.8330756425857544,-0.5704167485237122,0.43471023440361023,
59360,1,0.669647753238678,-0.9364153742790222,-0.497630774974823,0.607969343662262,
59440,1,0.681164562702179,-0.8609708547592163,-0.5494823455810547,0.5772485136985779,
59520,0,0.669647753238678,-0.9364153742790222,-0.497630774974823,0.39203059673309326,
59600,0,0.6874016523361206,-0.8064194917678833,-0.5914098620414734,0.446453720331192,
59680,1,0.6894336938858032,-0.7832102179527283,-0.6105296015739441,0.5430631637573242,
59760,1,0.6786872148513794,-0.879051685333252,-0.5364450216293335,0.5848236083984375,
59840,1,0.6821364760398865,-0.8534605503082275,-0.5550186038017273,0.5740615725517273,
59920,0,0.6757148504257202,-0.8991585373878479,-0.5224123597145081,0.4069119095802307,
60000,1,0.6757183074951172,-0.8991357088088989,-0.5224279165267944,0.5930788516998291,
60080,1,0.6764342784881592,-0.8944266438484192,-0.5256717801094055,0.5911580920219421,
60160,0,0.6829242706298828,-0.8471669554710388,-0.5597140192985535,0.42862755060195923,
60240,0,0.6879701614379883,-0.8003607392311096,-0.5963233709335327,0.4491668939590454,
60320,0,0.685632586479187,-0.8237572312355042,-0.5776423215866089,0.4387799799442291,
60400,1,0.669647753238678,-0.9364153742790222,-0.497630774974823,0.607969343662262,
60480,1,0.6714160442352295,-0.9259847402572632,-0.5044147968292236,0.6038588881492615,
60560,0,0.6772083044052124,-0.8892439603805542,-0.5292719602584839,0.41096633672714233,
60640,0,0.6772083044052124,-0.8892439603805542,-0.5292719602584839,0.41096633672714233,
60720,1,0.671420693397522,-0.9259564876556396,-0.5044333934783936,0.6038476228713989,
60800,0,0.6808723211288452,-0.8631784319877625,-0.5478686094284058,0.42181921005249023,
60880,0,0.671420693397522,-0.9259564876556396,-0.5044333934783936,0.3961523473262787,
60960,1,0.6868018507957458,-0.8125327229499817,-0.5865066051483154,0.5562672019004822,
61040,1,0.6824749112129211,-0.8507803082466125,-0.5570118427276611,0.5729184746742249,
61120,1,0.6714208126068115,-0.9259556531906128,-0.5044338703155518,0.6038473844528198,
61200,0,0.6777173280715942,-0.8857812285423279,-0.5316950082778931,0.41239187121391296,
61280,1,0.6786730289459229,-0.8791518807411194,-0.536374032497406,0.5848650932312012,
61360,0,0.6786872148513794,-0.879051685333252,-0.5364450216293335,0.4151764214038849,
61440,1,0.6810853481292725,-0.8615713119506836,-0.549042820930481,0.5775023102760315,
61520,0,0.677688717842102,-0.8859771490097046,-0.531557559967041,0.4123111069202423,
61600,1,0.6885850429534912,-0.7934627532958984,-0.6019836664199829,0.5477240681648254,
61680,0,0.6924330592155457,-0.7316659688949585,-0.6560571789741516,0.48110681772232056,
61760,1,0.6924238801002502,-0.6558247208595276,-0.7319166660308838,0.48098617792129517,
61840,0,0.6921267509460449,-0.7393679618835449,-0.6489686965942383,0.4774155616760254,
61920,0,0.6910357475280762,-0.7603129148483276,-0.6302100419998169,0.4675200879573822,
62000,1,0.6924331188201904,-0.7316662073135376,-0.6560570001602173,0.518893301486969,
62080,1,0.6910359263420105,-0.7603127360343933,-0.6302103996276855,0.5324798226356506,
62160,0,0.6910357475280762,-0.7603129148483276,-0.6302100419998169,0.4675200879573822,
62240,0,0.6799933910369873,-0.8696930408477783,-0.543142557144165,0.4190801978111267,
62320,0,0.6929977536201477,-0.6760085821151733,-0.7105846405029297,0.5086431503295898,
62400,0,0.6697220802307129,-0.9359825849533081,-0.49790993332862854,0.3922002911567688,
62480,1,0.6831739544868469,-0.8451295495033264,-0.5612450838088989,0.5704982876777649,
62560,0,0.688607394695282,-0.7932051420211792,-0.602196455001831,0.4523925185203552,
62640,0,0.6620066165924072,-0.9785090684890747,-0.47139841318130493,0.37587112188339233,
62720,1,0.6723202466964722,-0.920525848865509,-0.5080121755599976,0.601690411567688,
62800,1,0.6733303070068359,-0.9143202304840088,-0.5121414661407471,0.5992110371589661,
62880,0,0.666174054145813,-0.9560888409614563,-0.4851472079753876,0.3843934237957001,
62960,0,0.6733303666114807,-0.9143202304840088,-0.5121415257453918,0.4007890224456787,
63040,1,0.6733303070068359,-0.9143201112747192,-0.5121414661407471,0.5992109775543213,
63120,0,0.6723202466964722,-0.920525848865509,-0.5080121755599976,0.39830952882766724,
63200,0,0.6809114217758179,-0.8628851175308228,-0.5480828285217285,0.42194297909736633,
63280,1,0.684224009513855,-0.83631432056427,-0.5679333209991455,0.5666953921318054,
63360,0,0.6774066686630249,-0.8878997564315796,-0.5302108526229858,0.4115191400051117,
63440,1,0.6901902556419373,-0.7731263041496277,-0.6190937757492065,0.5384321808815002,
63520,1,0.6815420389175415,-0.8580856323242188,-0.5516006946563721,0.5760270357131958,
63600,1,0.6809114217758179,-0.8628848791122437,-0.5480828285217285,0.5780569911003113,
63680,1,0.6714928150177002,-0.9255244731903076,-0.5047168731689453,0.6036764979362488,
63760,0,0.6907576322555542,-0.7647546529769897,-0.6263264417648315,0.4654481112957001,
63840,0,0.6909043788909912,-0.7624438405036926,-0.6283429861068726,0.4665249288082123,
63920,1,0.6908971667289734,-0.7625588178634644,-0.6282424330711365,0.5335286855697632,
64000,0,0.6908893585205078,-0.7626841068267822,-0.6281329989433289,0.46641287207603455,
64080,0,0.69090735912323,-0.762394905090332,-0.628385603427887,0.46654772758483887,
64160,0,0.6903014183044434,-0.7715485692024231,-0.620448112487793,0.46229660511016846,
64240,1,0.6908388137817383,-0.7634849548339844,-0.6274333000183105,0.5339605808258057,
64320,0,0.6909050941467285,-0.7624316811561584,-0.6283535361289978,0.46653062105178833,
64400,0,0.6907641887664795,-0.764653742313385,-0.62641441822052,0.46549510955810547,
64480,0,0.6909016966819763,-0.7624859809875488,-0.6283060908317566,0.4665052592754364,
64560,1,0.6908988952636719,-0.7625303268432617,-0.6282672882080078,0.5335153937339783,
64640,0,0.686679482460022,-0.8137466907501221,-0.5855391621589661,0.4431944489479065,
64720,1,0.686679482460022,-0.8137469291687012,-0.5855389833450317,0.5568056702613831,
64800,0,0.686679482460022,-0.8137461543083191,-0.5855395197868347,0.4431946575641632,
64880,0,0.6866793036460876,-0.8137485384941101,-0.5855376720428467,0.443193644285202,
64960,0,0.6866779923439026,-0.8137609958648682,-0.5855276584625244,0.4431881010532379,
65040,0,0.686678946018219,-0.8137518763542175,-0.5855350494384766,0.44319212436676025,
65120,0,0.686679482460022,-0.8137474060058594,-0.5855386853218079,0.4431941509246826,
65200,1,0.6866793632507324,-0.8137479424476624,-0.5855382084846497,0.5568060874938965,
65280,1,0.6866788864135742,-0.8137524724006653,-0.5855345726013184,0.5568081140518188,
65360,1,0.6865206956863403,-0.8153085708618164,-0.584297776222229,0.5574972033500671,
65440,0,0.6817530393600464,-0.8564561605453491,-0.5528018474578857,0.4246644079685211,
65520,1,0.6813597679138184,-0.8594831824302673,-0.5505732893943787,0.5766191482543945,
