ticker,run_label,seed,timesteps,learning_rate,gamma,ent_coef,include_news,use_stationary_features,threshold,horizon,transaction_cost_rate,trade_penalty,execution_mode,spread_bps,slippage_bps,max_weight_delta_per_step,reward_mode,rolling_reward_window,reward_epsilon,reward_return_scale,reward_direction_scale,reward_hold_penalty_scale,reward_drawdown_penalty_scale,reward_action_bonus_scale,reward_turnover_penalty_scale,reward_clip,reward_ignore_transaction_cost,val_overall_accuracy,val_actionable_accuracy,val_actionable_support,val_trade_count,val_trade_rate,val_trade_win_rate,val_cumulative_signal_return,test_overall_accuracy,test_actionable_accuracy,test_actionable_support,test_trade_count,test_trade_rate,test_trade_win_rate,test_cumulative_signal_return,val_alpha_vs_qqq,test_alpha_vs_qqq,ranking_score,run_duration_seconds,val_reward_total_mean,val_reward_total_sum,val_reward_portfolio_return_mean,val_reward_direction_mean,val_reward_hold_penalty_mean,val_reward_action_bonus_mean,val_reward_turnover_penalty_mean,val_reward_drawdown_penalty_mean,val_reward_drawdown_mean,test_reward_total_mean,test_reward_total_sum,test_reward_portfolio_return_mean,test_reward_direction_mean,test_reward_hold_penalty_mean,test_reward_action_bonus_mean,test_reward_turnover_penalty_mean,test_reward_drawdown_penalty_mean,test_reward_drawdown_mean,val_cumulative_return,val_sharpe_ratio,val_sortino_ratio,val_max_drawdown,test_cumulative_return,test_sharpe_ratio,test_sortino_ratio,test_max_drawdown,val_benchmark_cumulative_return,val_benchmark_sharpe_ratio,val_benchmark_sortino_ratio,val_benchmark_max_drawdown,test_benchmark_cumulative_return,test_benchmark_sharpe_ratio,test_benchmark_sortino_ratio,test_benchmark_max_drawdown,model_path,test_return_mean_by_config,test_return_std_by_config,config_seed_count,test_return_cv_by_config,high_return_cv_risk,robustness_score
NVDA,nvda-rx-v2-maxdelta-025,84,40000,0.0003,0.99,0.05,0,0,0.002,1,0.001,0.05,next_bar,0.0,0.0,0.25,sharpe,100,1e-06,1.0,0.35,0.1,0.1,0.02,0.05,1.0,1,0.4935483870967742,0.5757575757575758,264,281,0.9064516129032258,0.5587188612099644,1.5949260061551485,0.4662379421221865,0.55,260,280,0.9003215434083601,0.5321428571428571,0.2666194370118635,-0.23602287294143598,-0.10102419568522292,0.6554944462417772,77.92394065856934,0.14716589499861998,45.621427449572195,0.000475660648839533,0.0006819542843004531,-0.00015747068665184858,0.002129032258064516,0.0,-0.000872898837949588,0.00872898837949588,0.025602537438921373,7.962389143504547,9.4360878026902e-05,0.00019670495884892142,-0.00018877489719235763,0.002057877813504823,0.0,-0.0018114753576406442,0.01811475357640644,0.15591845831299,1.8688090484365965,2.7802718491187006,-0.05202926851267853,0.027017690216066148,0.36071414648319156,0.4492930973116731,-0.05596269884490945,0.391941331254426,1.625408332669604,2.208505179591514,-0.13557738905659367,0.12804188590128907,0.5431946432399444,0.7349245650013833,-0.228833069215711,D:\code\agentic-development\reinforcement-learning-stocks\data\experiment_snapshots\model_20260405-234932Z_nvda-rx-v2-maxdelta-025_seed84.zip,0.0846895992065064,0.251023978537307,5,2.9640473079251715,1,0.6144636748061243
NVDA,nvda-rx-v2-maxdelta-025,13,40000,0.0003,0.99,0.05,0,0,0.002,1,0.001,0.05,next_bar,0.0,0.0,0.25,sharpe,100,1e-06,1.0,0.35,0.1,0.1,0.02,0.05,1.0,1,0.5419354838709678,0.5773195876288659,291,309,0.9967741935483871,0.5598705501618123,1.932223946499949,0.5016077170418006,0.5416666666666666,288,310,0.9967845659163987,0.5225806451612903,0.17613604105117853,-0.09298198067611607,-0.08847550607188182,0.6566209588629767,78.42627358436584,0.12685018215713956,39.323556468713264,0.0008647711094514443,0.000994668445769418,-3.740757965694257e-06,0.0023870967741935483,0.0,-0.0011946656249515733,0.011946656249515733,0.02240949373192038,6.969352550627239,0.00014825297648197926,0.00022688056551472071,-1.1039333733143128e-05,0.0008360128617363344,0.0,-0.0021828786314427072,0.021828786314427077,0.2989593505783099,2.1324993631378963,3.3435442497171426,-0.05717403399573373,0.03956637982940725,0.34393201767832077,0.4144181708040064,-0.09632290456316495,0.391941331254426,1.625408332669604,2.208505179591514,-0.13557738905659367,0.12804188590128907,0.5431946432399444,0.7349245650013833,-0.228833069215711,D:\code\agentic-development\reinforcement-learning-stocks\data\experiment_snapshots\model_20260405-233613Z_nvda-rx-v2-maxdelta-025_seed13.zip,0.0846895992065064,0.251023978537307,5,2.9640473079251715,1,0.6163502891284267
NVDA,nvda-rx-v2-maxdelta-025,84,20000,0.0003,0.99,0.05,0,0,0.002,1,0.001,0.05,next_bar,0.0,0.0,0.25,sharpe,100,1e-06,1.0,0.35,0.1,0.1,0.02,0.05,1.0,1,0.46774193548387094,0.5748987854251012,247,262,0.8451612903225807,0.5610687022900763,1.639287207651726,0.17684887459807075,0.5692307692307692,65,69,0.22186495176848875,0.5507246376811594,-0.24526461150086842,-0.2885064549307248,-0.16865956990702435,0.6557700033995735,50.77506923675537,0.12307622513864992,38.15362979298148,0.0003223513206728828,0.00044676575355213666,-0.00027469287158486536,0.0017419354838709678,0.0,-0.0007611274232220295,0.007611274232220295,-0.029724129616331574,-9.24420431067912,-0.00013037629986813865,-0.00011808471252832855,-0.001439539698616916,0.002829581993569132,0.0,-0.004029432649778122,0.04029432649778122,0.10343487632370119,1.6527023080960475,2.3759244339151047,-0.036757846976752884,-0.04061768400573529,-0.8554990251713332,-0.49117852761010433,-0.06923810140113329,0.391941331254426,1.625408332669604,2.208505179591514,-0.13557738905659367,0.12804188590128907,0.5431946432399444,0.7349245650013833,-0.228833069215711,D:\code\agentic-development\reinforcement-learning-stocks\data\experiment_snapshots\model_20260405-234652Z_nvda-rx-v2-maxdelta-025_seed84.zip,0.10690281573242363,0.19835810846599805,5,1.8554993814427285,1,0.6200656517847272
NVDA,nvda-rx-v2-maxdelta-025,13,20000,0.0003,0.99,0.05,0,0,0.002,1,0.001,0.05,next_bar,0.0,0.0,0.25,sharpe,100,1e-06,1.0,0.35,0.1,0.1,0.02,0.05,1.0,1,0.532258064516129,0.5749128919860628,287,305,0.9838709677419355,0.5573770491803278,1.9282562649069557,0.49517684887459806,0.5422535211267606,284,306,0.9839228295819936,0.5228758169934641,0.192058520122103,0.10053938596588297,-0.14828359570200833,0.6546695607471298,46.52107858657837,0.12147283569315821,37.65657906487905,0.0013575304324045848,0.0014721992987661086,-2.948074183466743e-05,0.004838709677419355,0.0,-0.002163991343740015,0.021639913437400144,0.001001500049861445,0.3114665155069094,7.990048781492121e-07,7.711940396012724e-05,-2.69609376218928e-05,0.002122186495176849,0.0,-0.0040106669478153795,0.0401066694781538,0.49248071722030895,1.8879756133748016,2.781384403070845,-0.09294171404221208,-0.020241709800719265,0.0011056104677975801,0.001222177409616902,-0.15870372502628738,0.391941331254426,1.625408332669604,2.208505179591514,-0.13557738905659367,0.12804188590128907,0.5431946432399444,0.7349245650013833,-0.228833069215711,D:\code\agentic-development\reinforcement-learning-stocks\data\experiment_snapshots\model_20260405-233338Z_nvda-rx-v2-maxdelta-025_seed13.zip,0.10690281573242363,0.19835810846599805,5,1.8554993814427285,1,0.6196532388195366
NVDA,nvda-rx-v2-maxdelta-025,42,20000,0.0003,0.99,0.05,0,0,0.002,1,0.001,0.05,next_bar,0.0,0.0,0.25,sharpe,100,1e-06,1.0,0.35,0.1,0.1,0.02,0.05,1.0,1,0.5419354838709678,0.5773195876288659,291,309,0.9967741935483871,0.5598705501618123,1.932223946499949,0.5016077170418006,0.5416666666666666,288,310,0.9967845659163987,0.5225806451612903,0.17613604105117853,0.5809118962808235,-0.06361382344706246,0.6566209588629767,53.20927715301514,0.12075515029625844,37.43409659184012,0.0024353082923956244,0.0025976529600881012,-3.740757965694257e-06,0.011419354838709678,0.0,-0.004398390886338699,0.04398390886338698,0.02045166430255769,6.3604675980954415,0.00034258074965361977,0.0005679016725315048,-1.1039333733143128e-05,0.006495176848874599,0.0,-0.006542009526156219,0.06542009526156219,0.9728532275352495,1.751965563139358,2.7476474240079254,-0.17972034488207933,0.06442806245422661,0.3235351199835789,0.4284417264771126,-0.21585914437800735,0.391941331254426,1.625408332669604,2.208505179591514,-0.13557738905659367,0.12804188590128907,0.5431946432399444,0.7349245650013833,-0.228833069215711,D:\code\agentic-development\reinforcement-learning-stocks\data\experiment_snapshots\model_20260405-234220Z_nvda-rx-v2-maxdelta-025_seed42.zip,0.10690281573242363,0.19835810846599805,5,1.8554993814427285,1,0.6299219366557332
NVDA,nvda-rx-v2-maxdelta-025,13,20000,0.0003,0.99,0.02,0,0,0.002,1,0.001,0.05,next_bar,0.0,0.0,0.25,sharpe,100,1e-06,1.0,0.35,0.1,0.1,0.02,0.05,1.0,1,0.5419354838709678,0.5773195876288659,291,309,0.9967741935483871,0.5598705501618123,1.932223946499949,0.5016077170418006,0.5416666666666666,288,310,0.9967845659163987,0.5225806451612903,0.17613604105117853,0.5625094327149998,-0.06647288274271834,0.6566209588629767,47.51512622833252,0.118657582941435,36.78385071184485,0.002408831234037845,0.0027020758250695096,-3.740757965694257e-06,0.015806451612903227,0.0,-0.005794263004871986,0.057942630048719856,0.014252302716737018,4.432466144905213,0.0003576229605635145,0.00043282996985544126,-1.1039333733143128e-05,0.013183279742765272,0.0,-0.0077224869807255596,0.07722486980725558,0.9544507639694257,1.7257151835618256,2.6263490631778925,-0.24574257505754638,0.06156900315857072,0.31371694170560993,0.3908050260822675,-0.2527781919872776,0.391941331254426,1.625408332669604,2.208505179591514,-0.13557738905659367,0.12804188590128907,0.5431946432399444,0.7349245650013833,-0.228833069215711,D:\code\agentic-development\reinforcement-learning-stocks\data\experiment_snapshots\model_20260405-233252Z_nvda-rx-v2-maxdelta-025_seed13.zip,-0.16291275838543248,0.3122188378731299,5,1.9164787397096101,1,0.6290262371434987
NVDA,nvda-rx-v2-maxdelta-025,21,40000,0.0003,0.99,0.05,0,0,0.002,1,0.001,0.05,next_bar,0.0,0.0,0.25,sharpe,100,1e-06,1.0,0.35,0.1,0.1,0.02,0.05,1.0,1,0.535483870967742,0.578397212543554,287,305,0.9838709677419355,0.5606557377049181,1.9635613874923736,0.2572347266881029,0.5652173913043478,115,122,0.39228295819935693,0.5491803278688525,0.1177734588918029,-0.2560998975157165,-0.111863550787763,0.6573953275832525,83.00397443771362,0.1182293128612295,36.65108698698114,0.0004173271470047807,0.0005747265429364364,-3.6235054491421434e-05,0.0012258064516129032,0.0,-0.000728449330213051,0.0072844933021305085,0.027400199847639917,8.521462152616014,5.628010023369881e-05,9.845139922880096e-05,-0.001017951421522859,0.0007717041800643087,0.0,-0.0010282482249218791,0.010282482249218792,0.1358414337387095,1.855921156303327,3.0044617024376175,-0.03224780953669104,0.016178335113526066,0.2925515359186574,0.22449314599494166,-0.05960453205871563,0.391941331254426,1.625408332669604,2.208505179591514,-0.13557738905659367,0.12804188590128907,0.5431946432399444,0.7349245650013833,-0.228833069215711,D:\code\agentic-development\reinforcement-learning-stocks\data\experiment_snapshots\model_20260405-234034Z_nvda-rx-v2-maxdelta-025_seed21.zip,0.0846895992065064,0.251023978537307,5,2.9640473079251715,1,0.6159095083632642
NVDA,nvda-rx-v2-maxdelta-025,7,20000,0.0003,0.99,0.05,0,0,0.002,1,0.001,0.05,next_bar,0.0,0.0,0.25,sharpe,100,1e-06,1.0,0.35,0.1,0.1,0.02,0.05,1.0,1,0.5419354838709678,0.5773195876288659,291,309,0.9967741935483871,0.5598705501618123,1.932223946499949,0.5016077170418006,0.5416666666666666,288,310,0.9967845659163987,0.5225806451612903,0.17613604105117853,0.04130212048584436,-0.04140314977152637,0.6566209588629767,49.43226432800293,0.11718391445576604,36.32701348128747,0.0012411148806188157,0.0014570109412692237,-3.740757965694257e-06,0.008451612903225807,0.0,-0.002659580523035742,0.026595805230357417,0.029763238002329804,9.25636701872457,0.0003233719068080887,0.00042293077533593577,-1.1039333733143128e-05,0.003794212218649518,0.0,-0.0028089160602649678,0.02808916060264968,0.43324345174027035,1.5623894334405908,2.3782634464396475,-0.12330379698979388,0.0866387361297627,0.4836921353692519,0.6833493975076407,-0.10708609510803169,0.391941331254426,1.625408332669604,2.208505179591514,-0.13557738905659367,0.12804188590128907,0.5431946432399444,0.7349245650013833,-0.228833069215711,D:\code\agentic-development\reinforcement-learning-stocks\data\experiment_snapshots\model_20260405-232931Z_nvda-rx-v2-maxdelta-025_seed7.zip,0.10690281573242363,0.19835810846599805,5,1.8554993814427285,1,0.6321430040232868
NVDA,nvda-rx-v2-maxdelta-025,42,40000,0.0003,0.99,0.02,0,0,0.002,1,0.001,0.05,next_bar,0.0,0.0,0.25,sharpe,100,1e-06,1.0,0.35,0.1,0.1,0.02,0.05,1.0,1,0.5419354838709678,0.5773195876288659,291,309,0.9967741935483871,0.5598705501618123,1.932223946499949,0.5016077170418006,0.5416666666666666,288,310,0.9967845659163987,0.5225806451612903,0.17613604105117853,0.5911275480142248,0.016053284798785095,0.6566209588629767,86.59657645225525,0.11556758962111435,35.82595278254545,0.002453631337556915,0.00263637494314239,-3.740757965694257e-06,0.013548387096774195,0.0,-0.005076922577266932,0.05076922577266932,0.026447933908077294,8.225307445412039,0.000613137541689282,0.0007130470497917508,-1.1039333733143128e-05,0.004437299035369774,0.0,-0.006263613005625225,0.06263613005625225,0.9830688792686508,1.7634029253661436,2.695017182418498,-0.21916671378077812,0.14409517070007416,0.5139454834004529,0.659224564547932,-0.24460174076945196,0.391941331254426,1.625408332669604,2.208505179591514,-0.13557738905659367,0.12804188590128907,0.5431946432399444,0.7349245650013833,-0.228833069215711,D:\code\agentic-development\reinforcement-learning-stocks\data\experiment_snapshots\model_20260405-234346Z_nvda-rx-v2-maxdelta-025_seed42.zip,0.07812116915227915,0.27524544221357033,5,3.5233144255309723,1,0.6212104970394354
NVDA,nvda-rx-v2-maxdelta-025,7,40000,0.0003,0.99,0.02,0,0,0.002,1,0.001,0.05,next_bar,0.0,0.0,0.25,sharpe,100,1e-06,1.0,0.35,0.1,0.1,0.02,0.05,1.0,1,0.5419354838709678,0.5773195876288659,291,309,0.9967741935483871,0.5598705501618123,1.932223946499949,0.5016077170418006,0.5416666666666666,288,310,0.9967845659163987,0.5225806451612903,0.17613604105117853,0.040220042616425644,-0.04394946706278624,0.6566209588629767,77.10846781730652,0.11555381536414729,35.82168276288566,0.0012181031244852154,0.0013921163147736341,-3.740757965694257e-06,0.002774193548387097,0.0,-0.002087074976014492,0.020870749760144917,0.03143980048551491,9.777777950995137,0.00029558188635904877,0.00033410778519510196,-1.1039333733143128e-05,0.002829581993569132,0.0,-0.0028208557140999993,0.028208557140999985,0.43216137387085163,1.780450198158398,2.8685450644386177,-0.09846081450752675,0.08409241883850282,0.5530821052476836,0.7592926653141417,-0.1052872090118433,0.391941331254426,1.625408332669604,2.208505179591514,-0.13557738905659367,0.12804188590128907,0.5431946432399444,0.7349245650013833,-0.228833069215711,D:\code\agentic-development\reinforcement-learning-stocks\data\experiment_snapshots\model_20260405-233048Z_nvda-rx-v2-maxdelta-025_seed7.zip,0.07812116915227915,0.27524544221357033,5,3.5233144255309723,1,0.6152102218532783
NVDA,nvda-rx-v2-maxdelta-025,7,40000,0.0003,0.99,0.05,0,0,0.002,1,0.001,0.05,next_bar,0.0,0.0,0.25,sharpe,100,1e-06,1.0,0.35,0.1,0.1,0.02,0.05,1.0,1,0.45161290322580644,0.5679012345679012,243,259,0.8354838709677419,0.5482625482625483,1.425535492349956,0.2347266881028939,0.5894736842105263,95,100,0.3215434083601286,0.57,0.21653652205180385,-0.29186547226852455,-0.10338744759257268,0.6484293817627151,76.27210474014282,0.11417672305082097,35.3947841457545,0.00031323526527988,0.00048116231675597435,-0.0003338994061879192,0.0013548387096774194,0.0,-0.0008219299858161395,0.008219299858161395,0.04923067641328271,15.310740364530922,8.245844912602912e-05,0.00012329073687655933,-0.001125968784478234,0.0009003215434083602,0.0,-0.0006114305277333972,0.006114305277333971,0.10007585898590143,1.4961345706638651,2.34350974774603,-0.03688602504523397,0.024654438308716387,0.4553605961620184,0.31506323610537995,-0.04528439351952496,0.391941331254426,1.625408332669604,2.208505179591514,-0.13557738905659367,0.12804188590128907,0.5431946432399444,0.7349245650013833,-0.228833069215711,D:\code\agentic-development\reinforcement-learning-stocks\data\experiment_snapshots\model_20260405-233204Z_nvda-rx-v2-maxdelta-025_seed7.zip,0.0846895992065064,0.251023978537307,5,2.9640473079251715,1,0.6073715414420751
NVDA,nvda-rx-v2-maxdelta-025,42,20000,0.0003,0.99,0.02,0,0,0.002,1,0.001,0.05,next_bar,0.0,0.0,0.25,sharpe,100,1e-06,1.0,0.35,0.1,0.1,0.02,0.05,1.0,1,0.5419354838709678,0.5773195876288659,291,309,0.9967741935483871,0.5598705501618123,1.932223946499949,0.5016077170418006,0.5416666666666666,288,310,0.9967845659163987,0.5225806451612903,0.17613604105117853,0.49424096369796944,0.003977060868425086,0.6566209588629767,52.998512983322144,0.1091466413470789,33.83545881759446,0.0022907307681195956,0.0024537763574065743,-3.740757965694257e-06,0.011870967741935485,0.0,-0.005499893736722486,0.054998937367224845,0.021923496502839118,6.818207412382966,0.000584696801354882,0.0006495984330540085,-1.1039333733143128e-05,0.002379421221864952,0.0,-0.006502362257547419,0.06502362257547419,0.8861822949523954,1.6502902659621825,2.506341971282429,-0.2342803732548846,0.13201894676971415,0.48254721906269404,0.6233930534118763,-0.2512662889613019,0.391941331254426,1.625408332669604,2.208505179591514,-0.13557738905659367,0.12804188590128907,0.5431946432399444,0.7349245650013833,-0.228833069215711,D:\code\agentic-development\reinforcement-learning-stocks\data\experiment_snapshots\model_20260405-234127Z_nvda-rx-v2-maxdelta-025_seed42.zip,-0.16291275838543248,0.3122188378731299,5,1.9164787397096101,1,0.6360712315046131
NVDA,nvda-rx-v2-maxdelta-025,21,20000,0.0003,0.99,0.05,0,0,0.002,1,0.001,0.05,next_bar,0.0,0.0,0.25,sharpe,100,1e-06,1.0,0.35,0.1,0.1,0.02,0.05,1.0,1,0.5387096774193548,0.5758620689655173,290,308,0.9935483870967742,0.5584415584415584,1.9144730157514718,0.5016077170418006,0.5454545454545454,286,308,0.9903536977491961,0.525974025974026,0.23544808793852656,-0.08948920499175439,-0.1164137259205118,0.6554635020152262,47.0588173866272,0.10214598955535371,31.66525676215965,0.0009081965509231327,0.0011119903029587924,-5.705472225222588e-06,0.010709677419354836,0.0,-0.00271635306843123,0.027163530684312296,0.0289915952352289,9.016386118156188,7.112801084444303e-05,0.0002941801968297714,-2.6537924761726187e-05,0.005337620578778135,0.0,-0.003042404733386797,0.03042404733386797,0.3024521262626716,1.368260227756139,2.032412005599405,-0.10116799479244687,0.011628159980777264,0.13726712215651218,0.1657045546310718,-0.11974447412109246,0.391941331254426,1.625408332669604,2.208505179591514,-0.13557738905659367,0.12804188590128907,0.5431946432399444,0.7349245650013833,-0.228833069215711,D:\code\agentic-development\reinforcement-learning-stocks\data\experiment_snapshots\model_20260405-233748Z_nvda-rx-v2-maxdelta-025_seed21.zip,0.10690281573242363,0.19835810846599805,5,1.8554993814427285,1,0.6237467594331991
NVDA,nvda-rx-v2-maxdelta-025,21,40000,0.0003,0.99,0.02,0,0,0.002,1,0.001,0.05,next_bar,0.0,0.0,0.25,sharpe,100,1e-06,1.0,0.35,0.1,0.1,0.02,0.05,1.0,1,0.38064516129032255,0.5402843601895735,211,225,0.7258064516129032,0.5244444444444445,0.34415384783565783,0.15755627009646303,0.6,50,53,0.17041800643086816,0.5660377358490566,0.23997096953499275,-0.3352952444166557,-0.10404326688273358,0.49630628299525165,82.38001012802124,0.08162273278713379,25.303047164011474,0.0001821130658472118,0.00030211803662639596,-0.0005626204891798887,0.0024516129032258064,0.0,-0.0008276359886830785,0.008276359886830785,0.052460626868152366,16.315254955995385,7.837916965392433e-05,0.00010958894037105046,-0.0014997558743168001,0.0010289389067524115,0.0,-0.00023895362126231191,0.002389536212623119,0.05664608683777028,0.9793959098825116,1.3295314555398832,-0.03411687011547215,0.02399861901855549,0.6032918820334136,0.41302039632290716,-0.033397323099995324,0.391941331254426,1.625408332669604,2.208505179591514,-0.13557738905659367,0.12804188590128907,0.5431946432399444,0.7349245650013833,-0.228833069215711,D:\code\agentic-development\reinforcement-learning-stocks\data\experiment_snapshots\model_20260405-233911Z_nvda-rx-v2-maxdelta-025_seed21.zip,0.07812116915227915,0.27524544221357033,5,3.5233144255309723,1,0.44768303006114724
NVDA,nvda-rx-v2-maxdelta-025,13,40000,0.0003,0.99,0.02,0,0,0.002,1,0.001,0.05,next_bar,0.0,0.0,0.25,sharpe,100,1e-06,1.0,0.35,0.1,0.1,0.02,0.05,1.0,1,0.5290322580645161,0.5780141843971631,282,299,0.964516129032258,0.5585284280936454,1.792180123079543,0.47266881028938906,0.5390334572490706,269,289,0.9292604501607717,0.5224913494809689,0.21030206630091364,-0.20070025664657476,-0.053276175803019576,0.6565656206266752,76.55538892745972,0.08135472738056862,25.21996548797627,0.0005840172788323638,0.0007465777577446045,-8.954036896845518e-05,0.003806451612903226,0.0,-0.0017268896026210812,0.01726889602621081,0.01892386369302844,5.885321608531845,0.0002501567802939566,0.00030920389444403736,-0.00012382637177707747,0.004951768488745981,0.0,-0.002401280671775834,0.02401280671775834,0.19124107460785122,1.488564771568421,2.0153506088664317,-0.06499314131497735,0.07476571009826949,0.65623133317583,0.9348229679803225,-0.08123881471520089,0.391941331254426,1.625408332669604,2.208505179591514,-0.13557738905659367,0.12804188590128907,0.5431946432399444,0.7349245650013833,-0.228833069215711,D:\code\agentic-development\reinforcement-learning-stocks\data\experiment_snapshots\model_20260405-233455Z_nvda-rx-v2-maxdelta-025_seed13.zip,0.07812116915227915,0.27524544221357033,5,3.5233144255309723,1,0.6140558224336589
NVDA,nvda-rx-v2-maxdelta-025,7,20000,0.0003,0.99,0.02,0,0,0.002,1,0.001,0.05,next_bar,0.0,0.0,0.25,sharpe,100,1e-06,1.0,0.35,0.1,0.1,0.02,0.05,1.0,1,0.3161290322580645,0.44651162790697674,215,231,0.7451612903225806,0.4588744588744589,-0.6412380654629932,0.4115755627009646,0.4551971326164875,279,300,0.9646302250803859,0.47,-0.3572633189676758,-0.6041184368223577,-0.19279620831950162,0.23267053852322736,57.639493227005005,-0.1263998276150155,-39.1839465606548,-0.0007428615015477446,-0.0004916104445717915,-0.00044945193710301445,0.0005161290322580645,0.0,-0.012004929852720728,0.12004929852720732,-0.02335432619913592,-7.263195447931271,-0.00018645201559182084,-0.000113748660968464,-9.935819378747994e-05,0.0007717041800643086,0.0,-0.008588150970116361,0.08588150970116361,-0.21217710556793168,-1.632556721094177,-2.144145752019874,-0.23503062558095966,-0.06475432241821255,-0.3902552104156095,-0.5692974081032895,-0.16820108676497347,0.391941331254426,1.625408332669604,2.208505179591514,-0.13557738905659367,0.12804188590128907,0.5431946432399444,0.7349245650013833,-0.228833069215711,D:\code\agentic-development\reinforcement-learning-stocks\data\experiment_snapshots\model_20260405-232841Z_nvda-rx-v2-maxdelta-025_seed7.zip,-0.16291275838543248,0.3122188378731299,5,1.9164787397096101,1,0.19379185505870555
NVDA,nvda-rx-v2-maxdelta-025,84,40000,0.0003,0.99,0.02,0,0,0.002,1,0.001,0.05,next_bar,0.0,0.0,0.25,sharpe,100,1e-06,1.0,0.35,0.1,0.1,0.02,0.05,1.0,1,0.1967741935483871,0.4491525423728814,118,128,0.4129032258064516,0.46875,-0.30747859575174075,0.2282958199356913,0.4068965517241379,145,155,0.4983922829581994,0.41935483870967744,-0.41193927217686765,-0.510409837037504,-0.22163695403178008,0.3037055520360925,81.69831657409668,-0.12954551560288907,-40.15910983689561,-0.0003964318695568942,-0.0002826417712363388,-0.0015263499013619195,0.004967741935483871,0.0,-0.009911207145337728,0.09911207145337728,-0.059435888307647435,-18.48456126367835,-0.0003029504318689002,-0.00023147315255911088,-0.0009737840179167073,0.0034726688102893893,0.0,-0.009823324993339228,0.09823324993339227,-0.118468505783078,-1.3900679605435,-2.0024203399453895,-0.17572112610983648,-0.09359506813049101,-0.945266917078101,-1.2162557036578279,-0.16322708697344157,0.391941331254426,1.625408332669604,2.208505179591514,-0.13557738905659367,0.12804188590128907,0.5431946432399444,0.7349245650013833,-0.228833069215711,D:\code\agentic-development\reinforcement-learning-stocks\data\experiment_snapshots\model_20260405-234814Z_nvda-rx-v2-maxdelta-025_seed84.zip,0.07812116915227915,0.27524544221357033,5,3.5233144255309723,1,0.24419591284516762
NVDA,nvda-rx-v2-maxdelta-025,21,20000,0.0003,0.99,0.02,0,0,0.002,1,0.001,0.05,next_bar,0.0,0.0,0.25,sharpe,100,1e-06,1.0,0.35,0.1,0.1,0.02,0.05,1.0,1,0.33225806451612905,0.42677824267782427,239,256,0.8258064516129032,0.4375,-0.7228201491445194,0.36012861736334406,0.453781512605042,238,256,0.8231511254019293,0.46875,-0.4559550920877269,-0.8208396217588796,-0.30643844246561835,0.20007509151000827,48.14142346382141,-0.13788448151614618,-42.744189270005315,-0.0015742631377105756,-0.0014456594085551834,-0.0003185000292559852,0.002193548387096774,0.0,-0.022912253121743137,0.2291225312174313,-0.05694186378199482,-17.70891963620039,-0.0005175224212888023,-0.00045349901581147534,-0.0005652245723996563,0.0019935691318327974,0.0,-0.01642926375383292,0.16429263753832918,-0.4288982905044536,-1.163721642020777,-1.576375491971086,-0.48700598742240064,-0.1783965565643293,-0.5445492540795206,-0.7700040651025136,-0.319821783285254,0.391941331254426,1.625408332669604,2.208505179591514,-0.13557738905659367,0.12804188590128907,0.5431946432399444,0.7349245650013833,-0.228833069215711,D:\code\agentic-development\reinforcement-learning-stocks\data\experiment_snapshots\model_20260405-233701Z_nvda-rx-v2-maxdelta-025_seed21.zip,-0.16291275838543248,0.3122188378731299,5,1.9164787397096101,1,0.14891629636998946
NVDA,nvda-rx-v2-maxdelta-025,42,40000,0.0003,0.99,0.05,0,0,0.002,1,0.001,0.05,next_bar,0.0,0.0,0.25,sharpe,100,1e-06,1.0,0.35,0.1,0.1,0.02,0.05,1.0,1,0.3967741935483871,0.422680412371134,291,309,0.9967741935483871,0.4336569579288026,-0.7487697872079593,0.42443729903536975,0.4583333333333333,288,310,0.9967845659163987,0.47419354838709676,-0.3536174629741168,-0.7383884855970742,-0.2534721045902534,0.19168333612261595,83.98368239402771,-0.1402205238023737,-43.46836237873585,-0.0012889809073537597,-0.000998311443122327,-3.740757965694257e-06,0.00438709677419355,0.0,-0.02013746669827414,0.2013746669827414,-0.04305118135424479,-13.38891740117013,-0.00037009221803114455,-0.00025351953841078304,-1.1039333733143128e-05,0.001093247588424437,0.0,-0.012976494020918331,0.12976494020918333,-0.34644715434264817,-1.598414666209899,-2.2082624011489695,-0.3867357115836221,-0.1254302186889643,-0.532733597450538,-0.8406372444824041,-0.24046226004437443,0.391941331254426,1.625408332669604,2.208505179591514,-0.13557738905659367,0.12804188590128907,0.5431946432399444,0.7349245650013833,-0.228833069215711,D:\code\agentic-development\reinforcement-learning-stocks\data\experiment_snapshots\model_20260405-234510Z_nvda-rx-v2-maxdelta-025_seed42.zip,0.0846895992065064,0.251023978537307,5,2.9640473079251715,1,0.13491300653622895
NVDA,nvda-rx-v2-maxdelta-025,84,20000,0.0003,0.99,0.02,0,0,0.002,1,0.001,0.05,next_bar,0.0,0.0,0.25,sharpe,100,1e-06,1.0,0.35,0.1,0.1,0.02,0.05,1.0,1,0.3967741935483871,0.422680412371134,291,309,0.9967741935483871,0.4336569579288026,-0.7487697872079593,0.42443729903536975,0.4583333333333333,288,310,0.9967845659163987,0.47419354838709676,-0.3536174629741168,-1.0371258267874142,-0.42563520392497456,0.19168333612261595,51.29484462738037,-0.17087233106901864,-52.97042263139578,-0.0030679596179124025,-0.002698227274920124,-3.740757965694257e-06,0.004645161290322581,0.0,-0.04842275719932549,0.48422757199325506,-0.07278527229094284,-22.636219682483222,-0.0007912669535897133,-0.0008805055418839773,-1.1039333733143128e-05,0.003408360128617364,0.0,-0.036945999835079096,0.3694599983507909,-0.6451844955329882,-2.1086078124215524,-3.1191520934718304,-0.7015179526311542,-0.2975933180236855,-0.47998167256512514,-0.6570623951743709,-0.540762292648304,0.391941331254426,1.625408332669604,2.208505179591514,-0.13557738905659367,0.12804188590128907,0.5431946432399444,0.7349245650013833,-0.228833069215711,D:\code\agentic-development\reinforcement-learning-stocks\data\experiment_snapshots\model_20260405-234602Z_nvda-rx-v2-maxdelta-025_seed84.zip,-0.16291275838543248,0.3122188378731299,5,1.9164787397096101,1,0.12817238228491246
