seed,timesteps,learning_rate,gamma,ent_coef,include_news,threshold,horizon,transaction_cost_rate,trade_penalty,reward_mode,rolling_reward_window,reward_epsilon,reward_return_scale,reward_direction_scale,reward_hold_penalty_scale,reward_drawdown_penalty_scale,reward_action_bonus_scale,reward_clip,reward_ignore_transaction_cost,val_overall_accuracy,val_actionable_accuracy,val_trade_win_rate,val_cumulative_signal_return,test_overall_accuracy,test_actionable_accuracy,test_trade_win_rate,test_cumulative_signal_return,val_alpha_vs_qqq,test_alpha_vs_qqq,ranking_score,run_duration_seconds,val_reward_total_mean,val_reward_total_sum,val_reward_portfolio_return_mean,val_reward_direction_mean,val_reward_hold_penalty_mean,val_reward_action_bonus_mean,val_reward_drawdown_penalty_mean,val_reward_drawdown_mean,test_reward_total_mean,test_reward_total_sum,test_reward_portfolio_return_mean,test_reward_direction_mean,test_reward_hold_penalty_mean,test_reward_action_bonus_mean,test_reward_drawdown_penalty_mean,test_reward_drawdown_mean,val_cumulative_return,val_sharpe_ratio,val_sortino_ratio,val_max_drawdown,test_cumulative_return,test_sharpe_ratio,test_sortino_ratio,test_max_drawdown,val_benchmark_cumulative_return,val_benchmark_sharpe_ratio,val_benchmark_sortino_ratio,val_benchmark_max_drawdown,test_benchmark_cumulative_return,test_benchmark_sharpe_ratio,test_benchmark_sortino_ratio,test_benchmark_max_drawdown,model_path,test_return_mean_by_config,test_return_std_by_config,config_seed_count,test_return_cv_by_config,high_return_cv_risk
7,40000,0.0003,0.99,0.05,1,0.002,1,0.001,0.05,sharpe,100,1e-06,1.0,0.35,0.1,0.1,0.02,1.0,1,0.2297734627831715,0.4568965517241379,0.425531914893617,-0.0288706836113726,0.1736334405144694,0.4615384615384615,0.5217391304347826,-0.0131293176751127,-0.5047334288281242,-0.1099302563784352,0.3503337136078795,83.47533321380615,0.3200248483600314,98.8876781432497,-0.0001559454218152,0.0008525801652361,-0.0006575384945092,0.0062135922330097,-0.0023491681000713,0.0234916810007133,0.2340619285080709,72.79325976601005,-8.625765790618996e-05,0.0005405862632594,-0.0010446586786206,0.0046945337620578,-0.0028750534082671,0.0287505340826717,-0.0478765496237576,-1.0436492781150628,-1.1636353640519144,-0.0554532244099765,-0.0271738219462773,-0.6341238947093368,-0.600997683784349,-0.0578631663962604,0.4568568792043666,1.8417693046949544,2.4848237072969352,-0.1355773890565937,0.0827564344321578,0.3976988806903395,0.5367961186734007,-0.2288330692157109,D:\code\agentic-development\reinforcement-learning-stocks\data\experiment_snapshots\model_20260401-090815Z_run_seed7.zip,0.0162455511876944,0.0768227376501068,5,4.728847717293709,1
42,15000,0.0003,0.99,0.05,1,0.002,1,0.001,0.05,sharpe,100,1e-06,1.0,0.35,0.1,0.1,0.02,1.0,1,0.47249190938511326,0.562015503875969,0.5433333333333333,0.5174868325688331,0.4340836012861736,0.5096525096525096,0.5083612040133779,-0.18262743284646266,-0.3354967007252545,-0.38372263073864765,0.5475051184517511,39.94733023643494,0.16070251957880866,49.657078549851875,0.0004159177081585402,0.0017759195116324373,-3.858431647588651e-05,0.017087378640776696,-0.004211729221820418,0.042117292218204185,0.05651504516768554,17.5761790471502,-0.0010921631068187456,0.0005451724788483477,-7.082456204971544e-05,0.01562700964630225,-0.017780385272341697,0.1778038527234169,0.12136017847911207,0.6771248810880269,0.8703119873866942,-0.13184533578717517,-0.3009661963064898,-1.5617211589501598,-1.8993167340511383,-0.31900667398160354,0.4568568792043666,1.8417693046949546,2.4848237072969352,-0.13557738905659378,0.08275643443215785,0.3976988806903395,0.5367961186734007,-0.2288330692157109,D:\code\agentic-development\reinforcement-learning-stocks\data\experiment_snapshots\model_20260401-234856Z_short-ent-confirm_seed42.zip,-0.06826366038885365,0.06509078906689789,5,0.9535203459075886,0
13,20000,0.0003,0.99,0.02,1,0.002,1,0.001,0.05,sharpe,100,1e-06,1.0,0.35,0.1,0.1,0.02,1.0,1,0.4886731391585761,0.5741444866920152,0.5555555555555556,0.6442006563092135,0.4405144694533762,0.5150375939849624,0.5080906148867314,-0.0629119929238721,-0.2740630348734769,-0.1704391191159793,0.582579041274517,45.240567207336426,0.1473608657643536,45.53450752118526,0.0005799760455411,0.001514552568295,-1.7919061865316363e-05,0.014757281553398,-0.0031145519312839,0.0311455193128394,0.0294187970620722,9.14924588630446,-0.0002380907797441,-5.4654509227581945e-05,-1.0988450136974375e-05,0.0071382636655948,-0.0050436770345477,0.0504367703454774,0.1827938443308896,1.0463669415322778,1.342209650368129,-0.1201991114840792,-0.0876826846838214,-0.3388255538812475,-0.4850027394088699,-0.1819283248370597,0.4568568792043666,1.8417693046949544,2.4848237072969352,-0.1355773890565937,0.0827564344321578,0.3976988806903395,0.5367961186734007,-0.2288330692157109,D:\code\agentic-development\reinforcement-learning-stocks\data\experiment_snapshots\model_20260401-090901Z_run_seed13.zip,-0.0494499872181573,0.0076321838764838,5,0.1543414731901375,0
21,40000,0.0003,0.99,0.05,1,0.002,1,0.001,0.05,sharpe,100,1e-06,1.0,0.35,0.1,0.1,0.02,1.0,1,0.4886731391585761,0.5741444866920152,0.5555555555555556,0.6481344891605554,0.247588424437299,0.4854368932038835,0.4957983193277311,-0.0544212776952743,-0.3367064609658214,-0.1398416176368657,0.5833658078447854,89.20692706108093,0.1376825971633891,42.54392252348724,0.0003732647600922,0.0007764941304592,-8.692879339332565e-06,0.0033009708737864,-0.0010563943426885,0.0105639434268854,0.1077417409837375,33.50768144594238,-0.0001817030586701,0.000362850986667,-0.0006095401754506,0.0061736334405144,-0.0037309762260579,0.037309762260579,0.1201504182385451,1.611183279462681,2.1668966913333487,-0.0462574511009327,-0.0570851832047079,-0.6945410865011736,-0.7594938904068873,-0.0939257102943998,0.4568568792043666,1.8417693046949544,2.4848237072969352,-0.1355773890565937,0.0827564344321578,0.3976988806903395,0.5367961186734007,-0.2288330692157109,D:\code\agentic-development\reinforcement-learning-stocks\data\experiment_snapshots\model_20260401-091615Z_run_seed21.zip,0.0162455511876944,0.0768227376501068,5,4.728847717293709,1
42,8000,0.0003,0.99,0.08,1,0.002,1,0.001,0.05,sharpe,100,1e-06,1.0,0.3,0.1,0.1,0.02,1.0,1,0.4951456310679611,0.575187969924812,0.5566343042071198,0.6977890042706454,0.4437299035369775,0.5131086142322098,0.5080906148867314,-0.0554830328573618,-0.2689930060929222,-0.2326391790088159,0.5941420770786711,29.54204297065735,0.1336030980907011,41.283357310026645,0.0005776925602054,0.0012028398713291,0.0,0.0093851132686084,-0.0015775928545562,0.0157759285455622,0.0257479416543796,8.007609854512063,-0.0004954148449801,-1.2279029784036617e-05,-7.743156362559768e-06,0.0088745980707395,-0.0069011968077093,0.0690119680770938,0.1878638731114443,1.3573312531018291,1.746686343682961,-0.0682818735079223,-0.149882744576658,-1.0327767434134456,-1.3108859984535426,-0.174616958703636,0.4568568792043666,1.8417693046949544,2.4848237072969352,-0.1355773890565937,0.0827564344321578,0.3976988806903395,0.5367961186734007,-0.2288330692157109,D:\code\agentic-development\reinforcement-learning-stocks\data\experiment_snapshots\model_20260401-233152Z_short-ent-b_seed42.zip,-0.0554830328573618,0.0,1,0.0,0
42,8000,0.0003,0.99,0.08,1,0.002,1,0.001,0.05,sharpe,100,1e-06,1.0,0.35,0.1,0.1,0.02,1.0,1,0.4951456310679611,0.575187969924812,0.5566343042071198,0.6977890042706454,0.4437299035369775,0.5131086142322098,0.5080906148867314,-0.0554830328573618,-0.2689930060929222,-0.2326391790088159,0.5941420770786711,30.71723341941833,0.1336030980907011,41.283357310026645,0.0005776925602054,0.0012028398713291,0.0,0.0093851132686084,-0.0015775928545562,0.0157759285455622,0.0257479416543796,8.007609854512063,-0.0004954148449801,-1.2279029784036617e-05,-7.743156362559768e-06,0.0088745980707395,-0.0069011968077093,0.0690119680770938,0.1878638731114443,1.3573312531018291,1.746686343682961,-0.0682818735079223,-0.149882744576658,-1.0327767434134456,-1.3108859984535426,-0.174616958703636,0.4568568792043666,1.8417693046949544,2.4848237072969352,-0.1355773890565937,0.0827564344321578,0.3976988806903395,0.5367961186734007,-0.2288330692157109,D:\code\agentic-development\reinforcement-learning-stocks\data\experiment_snapshots\model_20260401-233223Z_short-ent-b_seed42.zip,-0.0554830328573618,0.0,1,0.0,0
13,15000,0.0003,0.99,0.05,1,0.002,1,0.001,0.05,sharpe,100,1e-06,1.0,0.35,0.1,0.1,0.02,1.0,1,0.47572815533980584,0.5568181818181818,0.5374592833876222,0.6140453393142347,0.4437299035369775,0.5149253731343284,0.5080385852090032,-0.04535026705320622,-0.22838292025662965,-0.1117449853336756,0.5624559437882245,42.297759771347046,0.13127206896801508,40.56306931111666,0.000710081256172049,0.0015641324947266286,-4.078110081892385e-06,0.008090614886731391,-0.004226727502367009,0.04226727502367007,0.023228474750843657,7.224055647512377,-3.4665048734795226e-05,-5.9486313099870594e-05,0.0,6.430868167202572e-05,-0.004550229450028015,0.04550229450028014,0.22847395894773692,1.1728681532685281,1.6053608120240563,-0.14934084969948358,-0.02898855090151775,-0.046071489350685224,-0.06870407159050856,-0.1812769062135715,0.4568568792043666,1.8417693046949546,2.4848237072969352,-0.13557738905659378,0.08275643443215785,0.3976988806903395,0.5367961186734007,-0.2288330692157109,D:\code\agentic-development\reinforcement-learning-stocks\data\experiment_snapshots\model_20260401-234614Z_short-ent-confirm_seed13.zip,-0.06826366038885365,0.06509078906689789,5,0.9535203459075886,0
7,8000,0.0003,0.99,0.03,1,0.002,1,0.001,0.05,sharpe,100,1e-06,1.0,0.35,0.1,0.1,0.02,1.0,1,0.4951456310679611,0.575187969924812,0.5566343042071198,0.6977890042706454,0.4437299035369775,0.5149253731343284,0.5080385852090032,-0.0453502670532062,-0.027012638538669,-0.1151029685178788,0.5941420770786711,31.756080150604248,0.1295991778477453,40.04614595495331,0.0012123887985282,0.0015012528532226,0.0,0.0142394822006472,-0.0025420117151805,0.0254201171518051,0.0242998520373394,7.557253983612556,-4.6180027360908456e-05,4.891776360657201e-06,0.0,0.000192926045016,-0.0045696510930061,0.045696510930061,0.4298442406656975,1.805152702341712,2.4486861948983005,-0.128067187735954,-0.0323465340857209,-0.0606457388253347,-0.0902838517165785,-0.1819283248370597,0.4568568792043666,1.8417693046949544,2.4848237072969352,-0.1355773890565937,0.0827564344321578,0.3976988806903395,0.5367961186734007,-0.2288330692157109,D:\code\agentic-development\reinforcement-learning-stocks\data\experiment_snapshots\model_20260401-231545Z_short-ent-a_seed7.zip,-0.0453502670532062,0.0,1,0.0,0
7,8000,0.0003,0.99,0.03,1,0.002,1,0.001,0.05,sharpe,100,1e-06,1.0,0.3,0.1,0.1,0.02,1.0,1,0.4951456310679611,0.575187969924812,0.5566343042071198,0.6977890042706454,0.4437299035369775,0.5149253731343284,0.5080385852090032,-0.0453502670532062,-0.027012638538669,-0.1151029685178788,0.5941420770786711,44.099385261535645,0.1295991778477453,40.04614595495331,0.0012123887985282,0.0015012528532226,0.0,0.0142394822006472,-0.0025420117151805,0.0254201171518051,0.0242998520373394,7.557253983612556,-4.6180027360908456e-05,4.891776360657201e-06,0.0,0.000192926045016,-0.0045696510930061,0.045696510930061,0.4298442406656975,1.805152702341712,2.4486861948983005,-0.128067187735954,-0.0323465340857209,-0.0606457388253347,-0.0902838517165785,-0.1819283248370597,0.4568568792043666,1.8417693046949544,2.4848237072969352,-0.1355773890565937,0.0827564344321578,0.3976988806903395,0.5367961186734007,-0.2288330692157109,D:\code\agentic-development\reinforcement-learning-stocks\data\experiment_snapshots\model_20260401-231511Z_short-ent-a_seed7.zip,-0.0453502670532062,0.0,1,0.0,0
7,15000,0.0003,0.99,0.05,1,0.002,1,0.001,0.05,sharpe,100,1e-06,1.0,0.35,0.1,0.1,0.02,1.0,1,0.49514563106796117,0.5773584905660377,0.5584415584415584,0.7202955170869867,0.44694533762057875,0.5168539325842697,0.5080906148867314,-0.018674194353873852,-0.23509702762769136,-0.08952874948866307,0.6002708162328837,41.19855880737305,0.12811828190924504,39.588549109956716,0.0006589063913354385,0.000817961415689467,-1.7636392022250316e-05,0.0012297734627831716,-0.0007097459813853687,0.007097459813853686,0.011069305108215927,3.442553888655153,-8.303182620101394e-06,-0.0001297162488060522,-1.36756547341708e-05,0.0003215434083601286,-0.0023710996508649424,0.023710996508649426,0.22175985157667522,2.1453758956256372,3.005517376740728,-0.047120024194983845,-0.006772315056505218,-0.020783400146118253,-0.030873301809862266,-0.09169271114163158,0.4568568792043666,1.8417693046949546,2.4848237072969352,-0.13557738905659378,0.08275643443215785,0.3976988806903395,0.5367961186734007,-0.2288330692157109,D:\code\agentic-development\reinforcement-learning-stocks\data\experiment_snapshots\model_20260401-234452Z_short-ent-confirm_seed7.zip,-0.06826366038885365,0.06509078906689789,5,0.9535203459075886,0
7,40000,0.0003,0.99,0.02,1,0.002,1,0.001,0.05,sharpe,100,1e-06,1.0,0.35,0.1,0.1,0.02,1.0,1,0.4951456310679611,0.575187969924812,0.5566343042071198,0.6977890042706454,0.4437299035369775,0.5149253731343284,0.5080385852090032,-0.0453502670532062,-0.1412471552145302,-0.1344766747442437,0.5941420770786711,75.8554196357727,0.1280400121807343,39.56436376384691,0.0009283927225062,0.0013975737170624,0.0,0.0075728155339805,-0.0024525275886162,0.0245252758861623,0.0300517651475923,9.346098960901234,-0.0001137530913701,8.3671637937519e-05,0.0,0.0083601286173633,-0.0052046940617285,0.0520469406172859,0.3156097239898363,1.5951884430323378,2.175469350689029,-0.1086366525378044,-0.0517202403120858,-0.1622185964003433,-0.2345042170447208,-0.1945968702142433,0.4568568792043666,1.8417693046949544,2.4848237072969352,-0.1355773890565937,0.0827564344321578,0.3976988806903395,0.5367961186734007,-0.2288330692157109,D:\code\agentic-development\reinforcement-learning-stocks\data\experiment_snapshots\model_20260401-090652Z_run_seed7.zip,-0.0371480903039699,0.0217179673407179,5,0.5846321348690414,0
21,15000,0.0003,0.99,0.05,1,0.002,1,0.001,0.05,sharpe,100,1e-06,1.0,0.35,0.1,0.1,0.02,1.0,1,0.49838187702265374,0.575187969924812,0.5551948051948052,0.6956760094057313,0.4437299035369775,0.5131086142322098,0.5080906148867314,-0.04931614063751932,-0.2717907214559716,-0.10043171638590342,0.5932876284019939,41.636067152023315,0.12683606978362533,39.19234556314022,0.0005596678269721034,0.0008268921443036754,-1.073623057960971e-05,0.003106796116504854,-0.0009225377126896953,0.009225377126896953,0.022794812881689327,7.08918680620538,-4.352998784174302e-05,-2.0893213344119357e-05,-3.793236699503323e-06,0.0003215434083601286,-0.002428406065321437,0.024284060653214375,0.18506615774839497,1.8617102866991897,2.6818194955851027,-0.04250744038359011,-0.01767528195374557,-0.12258941903050928,-0.1822330662220311,-0.09169271114163158,0.4568568792043666,1.8417693046949546,2.4848237072969352,-0.13557738905659378,0.08275643443215785,0.3976988806903395,0.5367961186734007,-0.2288330692157109,D:\code\agentic-development\reinforcement-learning-stocks\data\experiment_snapshots\model_20260401-234736Z_short-ent-confirm_seed21.zip,-0.06826366038885365,0.06509078906689789,5,0.9535203459075886,0
7,20000,0.0003,0.99,0.05,1,0.002,1,0.001,0.05,sharpe,100,1e-06,1.0,0.35,0.1,0.1,0.02,1.0,1,0.4951456310679611,0.575187969924812,0.5566343042071198,0.6977890042706454,0.4437299035369775,0.5168539325842697,0.5096774193548387,-0.02848145348934,-0.1796945990989351,-0.1504648037901844,0.5941420770786711,49.52100443840027,0.126565827510786,39.10884070083287,0.0008272935686931,0.0012639256228043,0.0,0.0088025889967637,-0.0028842055014147,0.028842055014147,0.033817179001098,10.517142669341483,-0.0001692601719271,1.97302167008672e-05,-2.138953439335604e-06,0.0071382636655948,-0.0044613385884409,0.0446133858844097,0.2771622801054314,1.501635799670254,2.061215571649862,-0.1148181515562253,-0.0677083693580266,-0.2410784636957,-0.3462261063891346,-0.1819283248370597,0.4568568792043666,1.8417693046949544,2.4848237072969352,-0.1355773890565937,0.0827564344321578,0.3976988806903395,0.5367961186734007,-0.2288330692157109,D:\code\agentic-development\reinforcement-learning-stocks\data\experiment_snapshots\model_20260401-090536Z_run_seed7.zip,0.0156270440285308,0.1029388914372911,5,6.587227325228737,1
84,20000,0.0003,0.99,0.05,1,0.002,1,0.001,0.05,sharpe,100,1e-06,1.0,0.35,0.1,0.1,0.02,1.0,1,0.4951456310679611,0.575187969924812,0.5566343042071198,0.6977890042706454,0.4437299035369775,0.5149253731343284,0.5080385852090032,-0.0453502670532062,-0.0634430914339343,-0.110701708347212,0.5941420770786711,48.179006576538086,0.1259737354920692,38.92588426704938,0.001116744624987,0.0014109782590542,0.0,0.0037540453074433,-0.0021737229106458,0.0217372291064583,0.0203328830341474,6.323526623619851,-3.126658771387378e-05,-2.348999340382349e-05,0.0,0.000192926045016,-0.0045205847438883,0.0452058474388837,0.3934137877704322,1.8702810537702248,2.549958742546066,-0.1094307657181637,-0.0279452739150541,-0.0412653738234746,-0.0614975548943423,-0.1802582709877656,0.4568568792043666,1.8417693046949544,2.4848237072969352,-0.1355773890565937,0.0827564344321578,0.3976988806903395,0.5367961186734007,-0.2288330692157109,D:\code\agentic-development\reinforcement-learning-stocks\data\experiment_snapshots\model_20260401-092209Z_run_seed84.zip,0.0156270440285308,0.1029388914372911,5,6.587227325228737,1
42,8000,0.0001,0.99,0.08,1,0.002,1,0.001,0.05,sharpe,100,1e-06,1.0,0.35,0.1,0.1,0.02,1.0,1,0.4919093851132686,0.5735849056603773,0.5551948051948052,0.6519081066688792,0.4437299035369775,0.5168539325842697,0.5096774193548387,-0.0335294569480711,-0.2778953138271451,-0.0939087859576796,0.583732515722406,31.30281686782837,0.1245698325916019,38.49207827080501,0.0005483464253891,0.0008896864298763,-6.933471741637712e-06,0.0050485436893203,-0.0017490808983564,0.0174908089835642,0.0283535602789091,8.817957246740736,-2.2281437872127648e-05,6.0215184059258576e-05,-4.784796000914714e-06,0.000192926045016,-0.0023494118419788,0.0234941184197887,0.1789615653772214,1.5049732986173168,1.9415774270213897,-0.0795456667803056,-0.0111523515255217,-0.061134636653859,-0.0905162281932718,-0.0916927111416315,0.4568568792043666,1.8417693046949544,2.4848237072969352,-0.1355773890565937,0.0827564344321578,0.3976988806903395,0.5367961186734007,-0.2288330692157109,D:\code\agentic-development\reinforcement-learning-stocks\data\experiment_snapshots\model_20260401-233530Z_short-ent-b_seed42.zip,-0.0335294569480711,0.0,1,0.0,0
42,8000,0.0001,0.99,0.08,1,0.002,1,0.001,0.05,sharpe,100,1e-06,1.0,0.3,0.1,0.1,0.02,1.0,1,0.4919093851132686,0.5735849056603773,0.5551948051948052,0.6519081066688792,0.4437299035369775,0.5168539325842697,0.5096774193548387,-0.0335294569480711,-0.2778953138271451,-0.0939087859576796,0.583732515722406,32.34723353385925,0.1245698325916019,38.49207827080501,0.0005483464253891,0.0008896864298763,-6.933471741637712e-06,0.0050485436893203,-0.0017490808983564,0.0174908089835642,0.0283535602789091,8.817957246740736,-2.2281437872127648e-05,6.0215184059258576e-05,-4.784796000914714e-06,0.000192926045016,-0.0023494118419788,0.0234941184197887,0.1789615653772214,1.5049732986173168,1.9415774270213897,-0.0795456667803056,-0.0111523515255217,-0.061134636653859,-0.0905162281932718,-0.0916927111416315,0.4568568792043666,1.8417693046949544,2.4848237072969352,-0.1355773890565937,0.0827564344321578,0.3976988806903395,0.5367961186734007,-0.2288330692157109,D:\code\agentic-development\reinforcement-learning-stocks\data\experiment_snapshots\model_20260401-233458Z_short-ent-b_seed42.zip,-0.0335294569480711,0.0,1,0.0,0
13,40000,0.0003,0.99,0.05,1,0.002,1,0.001,0.05,sharpe,100,1e-06,1.0,0.35,0.1,0.1,0.02,1.0,1,0.4951456310679611,0.575187969924812,0.5566343042071198,0.6977890042706454,0.2861736334405145,0.5339805825242718,0.5446428571428571,0.0759354149457793,-0.1866483637957408,-0.116690437227485,0.5941420770786711,68.28740358352661,0.1238761942784671,38.27774403204634,0.0007932885928233,0.0010024224797314,0.0,0.0005177993527508,-0.0014051775672768,0.0140517756727688,0.1661940982140022,51.6863645445547,-0.0001074873631581,0.0005897169964608,-0.0007813954157283,0.0113183279742765,-0.0030463476333412,0.0304634763334129,0.2702085154086258,2.0076099049225635,2.688247998523817,-0.0778964329339834,-0.0339340027953272,-0.5502979802650232,-0.6211370249241707,-0.0900644485190415,0.4568568792043666,1.8417693046949544,2.4848237072969352,-0.1355773890565937,0.0827564344321578,0.3976988806903395,0.5367961186734007,-0.2288330692157109,D:\code\agentic-development\reinforcement-learning-stocks\data\experiment_snapshots\model_20260401-091208Z_run_seed13.zip,0.0162455511876944,0.0768227376501068,5,4.728847717293709,1
84,15000,0.0003,0.99,0.05,1,0.002,1,0.001,0.05,sharpe,100,1e-06,1.0,0.35,0.1,0.1,0.02,1.0,1,0.49514563106796117,0.575187969924812,0.5566343042071198,0.6977890042706454,0.4437299035369775,0.5149253731343284,0.5080385852090032,-0.04535026705320622,-0.03411919114243167,-0.11661833437732949,0.5941420770786711,40.82954692840576,0.12377065269017705,38.24513168126471,0.0011893811837928685,0.0015290124373141887,0.0,0.005889967637540452,-0.0024335051166734485,0.02433505116673448,0.021177040680898148,6.5860596517593235,-5.101433906152447e-05,-3.090400995343916e-05,0.0,0.00012861736334405144,-0.004576987762940011,0.04576987762940011,0.4227376880619349,1.8747080660674005,2.611849750532726,-0.11724505673846242,-0.033861899945171636,-0.06736333396904598,-0.10041070605630818,-0.18219878359487207,0.4568568792043666,1.8417693046949546,2.4848237072969352,-0.13557738905659378,0.08275643443215785,0.3976988806903395,0.5367961186734007,-0.2288330692157109,D:\code\agentic-development\reinforcement-learning-stocks\data\experiment_snapshots\model_20260401-235018Z_short-ent-confirm_seed84.zip,-0.06826366038885365,0.06509078906689789,5,0.9535203459075886,0
7,12000,0.0001,0.99,0.05,1,0.002,1,0.001,0.05,sharpe,100,1e-06,1.0,0.35,0.1,0.1,0.02,1.0,1,0.4951456310679611,0.575187969924812,0.5566343042071198,0.6977890042706454,0.4437299035369775,0.5149253731343284,0.5080385852090032,-0.0453502670532062,-0.0875983094853127,-0.1139546530401161,0.5941420770786711,35.99852752685547,0.1233628939513536,38.11913423096826,0.0010552646708628,0.0013215074364964,0.0,0.0038187702265372,-0.0019944144437505,0.0199441444375058,0.028867275701101,8.977722743042419,-5.4299044340971294e-05,-6.742731980423908e-05,0.0,0.0034726688102893,-0.0032163308114396,0.0321633081143964,0.3692585697190538,1.8838949238783205,2.518039097665904,-0.1115331926379306,-0.0311982186079582,-0.0850458814192834,-0.1254251142228742,-0.1508227294640444,0.4568568792043666,1.8417693046949544,2.4848237072969352,-0.1355773890565937,0.0827564344321578,0.3976988806903395,0.5367961186734007,-0.2288330692157109,D:\code\agentic-development\reinforcement-learning-stocks\data\experiment_snapshots\model_20260401-232708Z_short-ent-a_seed7.zip,-0.0453502670532062,0.0,1,0.0,0
7,12000,0.0001,0.99,0.05,1,0.002,1,0.001,0.05,sharpe,100,1e-06,1.0,0.3,0.1,0.1,0.02,1.0,1,0.4951456310679611,0.575187969924812,0.5566343042071198,0.6977890042706454,0.4437299035369775,0.5149253731343284,0.5080385852090032,-0.0453502670532062,-0.0875983094853127,-0.1139546530401161,0.5941420770786711,36.6257472038269,0.1233628939513536,38.11913423096826,0.0010552646708628,0.0013215074364964,0.0,0.0038187702265372,-0.0019944144437505,0.0199441444375058,0.028867275701101,8.977722743042419,-5.4299044340971294e-05,-6.742731980423908e-05,0.0,0.0034726688102893,-0.0032163308114396,0.0321633081143964,0.3692585697190538,1.8838949238783205,2.518039097665904,-0.1115331926379306,-0.0311982186079582,-0.0850458814192834,-0.1254251142228742,-0.1508227294640444,0.4568568792043666,1.8417693046949544,2.4848237072969352,-0.1355773890565937,0.0827564344321578,0.3976988806903395,0.5367961186734007,-0.2288330692157109,D:\code\agentic-development\reinforcement-learning-stocks\data\experiment_snapshots\model_20260401-232632Z_short-ent-a_seed7.zip,-0.0453502670532062,0.0,1,0.0,0
42,15000,0.0003,0.99,0.03,1,0.002,1,0.001,0.05,sharpe,100,1e-06,1.0,0.35,0.1,0.1,0.02,1.0,1,0.4886731391585761,0.571969696969697,0.5537459283387622,0.6584295359313992,0.4405144694533762,0.5112781954887218,0.5032467532467533,-0.06807933030623392,-0.2733355498363159,-0.10792668306559783,0.583794534172757,39.55341291427612,0.12329009312926936,38.09663877694423,0.0005543036946494609,0.0007829894442947391,-9.508625446774847e-06,0.0015533980582524273,-0.0008562632669023376,0.008562632669023374,0.026306127727508326,8.18120572325509,-6.811696380225717e-05,3.5650380514949547e-07,-1.1270568343023222e-05,0.0004501607717041801,-0.0025566611836608942,0.025566611836608938,0.18352132936805066,1.9433948140221018,2.8042539121697043,-0.04678274510489688,-0.025170248633439973,-0.19352530804035198,-0.28720456104422576,-0.09169271114163158,0.4568568792043666,1.8417693046949546,2.4848237072969352,-0.13557738905659378,0.08275643443215785,0.3976988806903395,0.5367961186734007,-0.2288330692157109,D:\code\agentic-development\reinforcement-learning-stocks\data\experiment_snapshots\model_20260401-234815Z_short-ent-confirm_seed42.zip,-0.05157883232469858,0.009917492112821004,5,0.19227833717499654,0
84,40000,0.0003,0.99,0.05,1,0.002,1,0.001,0.05,sharpe,100,1e-06,1.0,0.35,0.1,0.1,0.02,1.0,1,0.4951456310679611,0.575187969924812,0.5566343042071198,0.6977890042706454,0.4437299035369775,0.5149253731343284,0.5080385852090032,-0.0453502670532062,-0.1884102128969202,-0.116804784020947,0.5941420770786711,77.55588054656982,0.1231630381782822,38.0573787970892,0.0007939491344773,0.0011550209033641,0.0,0.0053074433656957,-0.0018230026207345,0.0182300262073454,0.0289856507130282,9.014537371751796,-6.920542887696683e-05,-6.191778767459728e-05,0.0,0.0123472668810289,-0.004427583240735,0.0442758324073508,0.2684466663074463,1.7302536061629743,2.2359170580785768,-0.1004998813752896,-0.0340483495887892,-0.1123036968793734,-0.1637373764796014,-0.1828897703801862,0.4568568792043666,1.8417693046949544,2.4848237072969352,-0.1355773890565937,0.0827564344321578,0.3976988806903395,0.5367961186734007,-0.2288330692157109,D:\code\agentic-development\reinforcement-learning-stocks\data\experiment_snapshots\model_20260401-092443Z_run_seed84.zip,0.0162455511876944,0.0768227376501068,5,4.728847717293709,1
42,20000,0.0003,0.99,0.05,1,0.002,1,0.001,0.05,sharpe,100,1e-06,1.0,0.35,0.1,0.1,0.02,1.0,1,0.4951456310679611,0.575187969924812,0.5566343042071198,0.6977890042706454,0.4437299035369775,0.5149253731343284,0.5080385852090032,0.000640347571202,-0.1547217634035456,-0.0544920723117099,0.5941420770786711,53.40721607208252,0.1229555883546706,37.99327680159322,0.0008769944063243,0.0011346020016692,0.0,0.0019417475728155,-0.0015307582414537,0.0153075824145376,0.0321924138876725,10.011840719066171,0.0001294312903733,0.0001357282968538,0.0,0.0063665594855305,-0.0029239123028827,0.0292391230288273,0.302135115800821,2.0027164140445377,2.776934063366202,-0.0758863585810689,0.0282643621204479,0.226777899244841,0.345258442261603,-0.1547593763124493,0.4568568792043666,1.8417693046949544,2.4848237072969352,-0.1355773890565937,0.0827564344321578,0.3976988806903395,0.5367961186734007,-0.2288330692157109,D:\code\agentic-development\reinforcement-learning-stocks\data\experiment_snapshots\model_20260401-091800Z_run_seed42.zip,0.0156270440285308,0.1029388914372911,5,6.587227325228737,1
42,20000,0.0003,0.99,0.02,1,0.002,1,0.001,0.05,sharpe,100,1e-06,1.0,0.35,0.1,0.1,0.02,1.0,1,0.4951456310679611,0.575187969924812,0.5566343042071198,0.6977890042706454,0.4437299035369775,0.5149253731343284,0.5080385852090032,-0.0453502670532062,-0.0357033465645035,-0.1156862100186837,0.5941420770786711,51.93191838264465,0.1228832287128098,37.97091767225825,0.0011805629146619,0.0014200496916201,0.0,0.0029773462783171,-0.0021269737673757,0.0212697376737572,0.0192959036865322,6.001026046511529,-4.768016308986683e-05,-0.0001349931235981,0.0,0.0005787781350482,-0.0045899414572466,0.0458994145724663,0.421153532639863,1.977756458525268,2.713393194467246,-0.107086674896759,-0.0329297755865258,-0.0645183271254748,-0.0961845555805834,-0.1812769062135715,0.4568568792043666,1.8417693046949544,2.4848237072969352,-0.1355773890565937,0.0827564344321578,0.3976988806903395,0.5367961186734007,-0.2288330692157109,D:\code\agentic-development\reinforcement-learning-stocks\data\experiment_snapshots\model_20260401-091706Z_run_seed42.zip,-0.0494499872181573,0.0076321838764838,5,0.1543414731901375,0
21,20000,0.0003,0.99,0.05,1,0.002,1,0.001,0.05,sharpe,100,1e-06,1.0,0.35,0.1,0.1,0.02,1.0,1,0.4951456310679611,0.575187969924812,0.5566343042071198,0.6977890042706454,0.1864951768488746,0.6,0.5757575757575758,0.1966768601672048,-0.2518913980719595,-0.0559107877287068,0.5941420770786711,43.82416486740112,0.122093746767772,37.72696775124157,0.0006130012856548,0.0008012957230276,0.0,0.0020711974110032,-0.000838704161782,0.0083870416178202,-0.073808967177369,-22.95458879216176,9.031448372295492e-05,-0.0002384604249562,-0.0010231836639549,0.0042443729903536,-0.0003251127411706,0.0032511274117069,0.2049654811324071,2.155226270724348,3.015353620516557,-0.041007003258993,0.026845646703451,0.4459519076748958,0.3331462872228757,-0.0523439117100283,0.4568568792043666,1.8417693046949544,2.4848237072969352,-0.1355773890565937,0.0827564344321578,0.3976988806903395,0.5367961186734007,-0.2288330692157109,D:\code\agentic-development\reinforcement-learning-stocks\data\experiment_snapshots\model_20260401-091336Z_run_seed21.zip,0.0156270440285308,0.1029388914372911,5,6.587227325228737,1
84,15000,0.0003,0.99,0.03,1,0.002,1,0.001,0.05,sharpe,100,1e-06,1.0,0.35,0.1,0.1,0.02,1.0,1,0.49514563106796117,0.575187969924812,0.5566343042071198,0.6977890042706454,0.4437299035369775,0.5149253731343284,0.5080385852090032,-0.04535026705320622,0.0051224214912608534,-0.15363616960488746,0.5941420770786711,41.7309844493866,0.12181806725832461,37.641782782822304,0.001291069781953,0.0016122316074717387,0.0,0.0065372168284789645,-0.00316299031868047,0.031629903186804705,0.02266875015184196,7.04998129722285,-0.0001572342437259162,0.00011243612522517447,0.0,0.004758842443729904,-0.006821297237245378,0.06821297237245377,0.4619793006956274,1.8102715750757008,2.464954292185418,-0.1341357912985599,-0.07087973517272961,-0.19011392758606147,-0.26583959712744676,-0.2541575902654899,0.4568568792043666,1.8417693046949546,2.4848237072969352,-0.13557738905659378,0.08275643443215785,0.3976988806903395,0.5367961186734007,-0.2288330692157109,D:\code\agentic-development\reinforcement-learning-stocks\data\experiment_snapshots\model_20260401-234937Z_short-ent-confirm_seed84.zip,-0.05157883232469858,0.009917492112821004,5,0.19227833717499654,0
84,20000,0.0003,0.99,0.02,1,0.002,1,0.001,0.05,sharpe,100,1e-06,1.0,0.35,0.1,0.1,0.02,1.0,1,0.4951456310679611,0.575187969924812,0.5566343042071198,0.6977890042706454,0.4437299035369775,0.5149253731343284,0.5080385852090032,-0.0453502670532062,-0.0008398044076545,-0.0834658093059269,0.5941420770786711,47.90113520622253,0.1216509660817512,37.59014851926112,0.0012700346463441,0.0014475637166633,0.0,0.0108737864077669,-0.0024046474074883,0.0240464740748835,0.0214654965759045,6.675769435106312,7.296250231398668e-05,-6.680973562086056e-05,0.0,0.0024437299035369,-0.0039232602269457,0.0392326022694574,0.456017074796712,1.89801162661503,2.653405588538598,-0.1249766570194518,-0.000709374873769,0.0955698826348587,0.1516259096765434,-0.1894650587064997,0.4568568792043666,1.8417693046949544,2.4848237072969352,-0.1355773890565937,0.0827564344321578,0.3976988806903395,0.5367961186734007,-0.2288330692157109,D:\code\agentic-development\reinforcement-learning-stocks\data\experiment_snapshots\model_20260401-092121Z_run_seed84.zip,-0.0494499872181573,0.0076321838764838,5,0.1543414731901375,0
13,20000,0.0003,0.99,0.05,1,0.002,1,0.001,0.05,sharpe,100,1e-06,1.0,0.35,0.1,0.1,0.02,1.0,1,0.4951456310679611,0.575187969924812,0.5566343042071198,0.6977890042706454,0.4437299035369775,0.5149253731343284,0.5080385852090032,-0.0453502670532062,-0.0941488080397208,-0.1205050986403041,0.5941420770786711,49.43500804901123,0.1213513684456966,37.49757284972027,0.0010446848523611,0.0014372278418387,0.0,0.0059546925566343,-0.00273978805627,0.0273978805627005,0.0287134046514557,8.929868846602735,-6.522960904752604e-05,-6.198130670358289e-05,0.0,0.002508038585209,-0.0047041006509803,0.0470410065098035,0.3627080711646457,1.748650362698095,2.272494550035632,-0.12504818354434,-0.0377486642081462,-0.090479878529985,-0.1339624030953772,-0.1911869657884848,0.4568568792043666,1.8417693046949544,2.4848237072969352,-0.1355773890565937,0.0827564344321578,0.3976988806903395,0.5367961186734007,-0.2288330692157109,D:\code\agentic-development\reinforcement-learning-stocks\data\experiment_snapshots\model_20260401-090950Z_run_seed13.zip,0.0156270440285308,0.1029388914372911,5,6.587227325228737,1
42,12000,0.0001,0.99,0.05,1,0.002,1,0.001,0.05,sharpe,100,1e-06,1.0,0.3,0.1,0.1,0.02,1.0,1,0.4919093851132686,0.5735849056603773,0.5551948051948052,0.6868026306414101,0.4469453376205787,0.5149253731343284,0.5096774193548387,-0.0439306480892568,-0.3047968954925628,-0.0979395783648008,0.5907114205169123,38.29596900939941,0.1206439692045275,37.278986484199024,0.0004688202984688,0.0008496884155609,-2.024602857585825e-06,0.002135922330097,-0.000957309106157,0.0095730910615709,0.0289636589283297,9.00769792671054,-3.53815387047192e-05,4.001682674870615e-05,-3.25391855088304e-07,0.0002572347266881,-0.0023668725650909,0.023668725650909,0.1520599837118037,1.5220221503512197,1.9179436677536024,-0.0541597313592837,-0.0151831439326429,-0.0989926970108398,-0.1470021323813927,-0.0916927111416315,0.4568568792043666,1.8417693046949544,2.4848237072969352,-0.1355773890565937,0.0827564344321578,0.3976988806903395,0.5367961186734007,-0.2288330692157109,D:\code\agentic-development\reinforcement-learning-stocks\data\experiment_snapshots\model_20260401-234103Z_short-ent-b_seed42.zip,-0.0439306480892568,0.0,1,0.0,0
42,12000,0.0001,0.99,0.05,1,0.002,1,0.001,0.05,sharpe,100,1e-06,1.0,0.35,0.1,0.1,0.02,1.0,1,0.4919093851132686,0.5735849056603773,0.5551948051948052,0.6868026306414101,0.4469453376205787,0.5149253731343284,0.5096774193548387,-0.0439306480892568,-0.3047968954925628,-0.0979395783648008,0.5907114205169123,37.19090390205383,0.1206439692045275,37.278986484199024,0.0004688202984688,0.0008496884155609,-2.024602857585825e-06,0.002135922330097,-0.000957309106157,0.0095730910615709,0.0289636589283297,9.00769792671054,-3.53815387047192e-05,4.001682674870615e-05,-3.25391855088304e-07,0.0002572347266881,-0.0023668725650909,0.023668725650909,0.1520599837118037,1.5220221503512197,1.9179436677536024,-0.0541597313592837,-0.0151831439326429,-0.0989926970108398,-0.1470021323813927,-0.0916927111416315,0.4568568792043666,1.8417693046949544,2.4848237072969352,-0.1355773890565937,0.0827564344321578,0.3976988806903395,0.5367961186734007,-0.2288330692157109,D:\code\agentic-development\reinforcement-learning-stocks\data\experiment_snapshots\model_20260401-234140Z_short-ent-b_seed42.zip,-0.0439306480892568,0.0,1,0.0,0
7,8000,0.0003,0.99,0.08,1,0.002,1,0.001,0.05,sharpe,100,1e-06,1.0,0.35,0.1,0.1,0.02,1.0,1,0.4951456310679611,0.575187969924812,0.5566343042071198,0.6977890042706454,0.4437299035369775,0.5149253731343284,0.5080385852090032,-0.0453502670532062,0.0620030534241924,-0.0871467541465436,0.5941420770786711,31.176345586776733,0.1199279206685248,37.05772748657417,0.0014218317111481,0.0017909754254256,0.0,0.0036893203883495,-0.002747751217255,0.0274775121725505,0.0240017364906179,7.464540048582184,0.0001162300954915,3.1589274039594035e-05,0.0,0.0013504823151125,-0.0058288391669441,0.058288391669441,0.518859932628559,1.8932041741142625,2.5578718850310787,-0.1369289852408577,-0.0043903197143857,0.1152958098017101,0.1752836142153622,-0.2502956380472652,0.4568568792043666,1.8417693046949544,2.4848237072969352,-0.1355773890565937,0.0827564344321578,0.3976988806903395,0.5367961186734007,-0.2288330692157109,D:\code\agentic-development\reinforcement-learning-stocks\data\experiment_snapshots\model_20260401-231753Z_short-ent-a_seed7.zip,-0.0453502670532062,0.0,1,0.0,0
7,8000,0.0003,0.99,0.08,1,0.002,1,0.001,0.05,sharpe,100,1e-06,1.0,0.3,0.1,0.1,0.02,1.0,1,0.4951456310679611,0.575187969924812,0.5566343042071198,0.6977890042706454,0.4437299035369775,0.5149253731343284,0.5080385852090032,-0.0453502670532062,0.0620030534241924,-0.0871467541465436,0.5941420770786711,29.773606300354004,0.1199279206685248,37.05772748657417,0.0014218317111481,0.0017909754254256,0.0,0.0036893203883495,-0.002747751217255,0.0274775121725505,0.0240017364906179,7.464540048582184,0.0001162300954915,3.1589274039594035e-05,0.0,0.0013504823151125,-0.0058288391669441,0.058288391669441,0.518859932628559,1.8932041741142625,2.5578718850310787,-0.1369289852408577,-0.0043903197143857,0.1152958098017101,0.1752836142153622,-0.2502956380472652,0.4568568792043666,1.8417693046949544,2.4848237072969352,-0.1355773890565937,0.0827564344321578,0.3976988806903395,0.5367961186734007,-0.2288330692157109,D:\code\agentic-development\reinforcement-learning-stocks\data\experiment_snapshots\model_20260401-231722Z_short-ent-a_seed7.zip,-0.0453502670532062,0.0,1,0.0,0
42,8000,0.0001,0.99,0.03,1,0.002,1,0.001,0.05,sharpe,100,1e-06,1.0,0.3,0.1,0.1,0.02,1.0,1,0.4951456310679611,0.575187969924812,0.5566343042071198,0.6977890042706454,0.4437299035369775,0.5149253731343284,0.5080385852090032,-0.0453502670532062,-0.0481588827698669,-0.072070453329593,0.5941420770786711,30.212686777114868,0.1198174066212574,37.02357864596856,0.0011459228191664,0.001260342341552,0.0,0.0031715210355987,-0.0020275720885729,0.0202757208857295,0.0264954183421403,8.240075104405662,8.124660047737467e-05,-7.668668308926461e-05,0.0,0.0079099678456591,-0.0035220105637137,0.0352201056371374,0.4086979964344996,2.0794174089516564,2.957366436047487,-0.0953458890469005,0.0106859811025648,0.1329133812411157,0.2005564781190184,-0.1491334573065688,0.4568568792043666,1.8417693046949544,2.4848237072969352,-0.1355773890565937,0.0827564344321578,0.3976988806903395,0.5367961186734007,-0.2288330692157109,D:\code\agentic-development\reinforcement-learning-stocks\data\experiment_snapshots\model_20260401-233253Z_short-ent-b_seed42.zip,-0.0453502670532062,0.0,1,0.0,0
42,8000,0.0001,0.99,0.03,1,0.002,1,0.001,0.05,sharpe,100,1e-06,1.0,0.35,0.1,0.1,0.02,1.0,1,0.4951456310679611,0.575187969924812,0.5566343042071198,0.6977890042706454,0.4437299035369775,0.5149253731343284,0.5080385852090032,-0.0453502670532062,-0.0481588827698669,-0.072070453329593,0.5941420770786711,31.11322546005249,0.1198174066212574,37.02357864596856,0.0011459228191664,0.001260342341552,0.0,0.0031715210355987,-0.0020275720885729,0.0202757208857295,0.0264954183421403,8.240075104405662,8.124660047737467e-05,-7.668668308926461e-05,0.0,0.0079099678456591,-0.0035220105637137,0.0352201056371374,0.4086979964344996,2.0794174089516564,2.957366436047487,-0.0953458890469005,0.0106859811025648,0.1329133812411157,0.2005564781190184,-0.1491334573065688,0.4568568792043666,1.8417693046949544,2.4848237072969352,-0.1355773890565937,0.0827564344321578,0.3976988806903395,0.5367961186734007,-0.2288330692157109,D:\code\agentic-development\reinforcement-learning-stocks\data\experiment_snapshots\model_20260401-233324Z_short-ent-b_seed42.zip,-0.0453502670532062,0.0,1,0.0,0
7,20000,0.0003,0.99,0.02,1,0.002,1,0.001,0.05,sharpe,100,1e-06,1.0,0.35,0.1,0.1,0.02,1.0,1,0.4951456310679611,0.575187969924812,0.5566343042071198,0.6977890042706454,0.4437299035369775,0.5149253731343284,0.5080385852090032,-0.0453502670532062,-0.0379985168752552,-0.1117449853336756,0.5941420770786711,51.97350192070007,0.1196933664193768,36.98525022358744,0.001173997117264,0.0013963181078185,0.0,0.0005825242718446,-0.0020673860167587,0.0206738601675871,0.0228200705460116,7.097041939809609,-3.4665048734795226e-05,4.0795128010103634e-05,0.0,6.430868167202572e-05,-0.004550229450028,0.0455022945002801,0.4188583623291113,2.009878797250767,2.746348835515695,-0.1072538342393351,-0.0289885509015177,-0.0460714893506852,-0.0687040715905085,-0.1812769062135715,0.4568568792043666,1.8417693046949544,2.4848237072969352,-0.1355773890565937,0.0827564344321578,0.3976988806903395,0.5367961186734007,-0.2288330692157109,D:\code\agentic-development\reinforcement-learning-stocks\data\experiment_snapshots\model_20260401-090447Z_run_seed7.zip,-0.0494499872181573,0.0076321838764838,5,0.1543414731901375,0
7,12000,0.0003,0.99,0.03,1,0.002,1,0.001,0.05,sharpe,100,1e-06,1.0,0.35,0.1,0.1,0.02,1.0,1,0.4951456310679611,0.575187969924812,0.5566343042071198,0.6977890042706454,0.4437299035369775,0.5149253731343284,0.5080385852090032,-0.0453502670532062,0.0585690866899144,-0.1298303512052883,0.5941420770786711,36.7788622379303,0.1193236994641669,36.87102313442757,0.0014074841058829,0.0015635451412594,0.0,0.0042718446601941,-0.0025409771528184,0.025409771528184,0.0252004786387708,7.837348856657722,-8.858779657601657e-05,1.3972459414340798e-05,0.0,0.0016720257234726,-0.004890830105657,0.0489083010565708,0.515425965894281,1.971592634556036,2.7118443600488527,-0.1340382182091101,-0.0470739167731304,-0.1144944590781263,-0.1644194802731065,-0.2026955453861614,0.4568568792043666,1.8417693046949544,2.4848237072969352,-0.1355773890565937,0.0827564344321578,0.3976988806903395,0.5367961186734007,-0.2288330692157109,D:\code\agentic-development\reinforcement-learning-stocks\data\experiment_snapshots\model_20260401-232213Z_short-ent-a_seed7.zip,-0.0453502670532062,0.0,1,0.0,0
7,12000,0.0003,0.99,0.03,1,0.002,1,0.001,0.05,sharpe,100,1e-06,1.0,0.3,0.1,0.1,0.02,1.0,1,0.4951456310679611,0.575187969924812,0.5566343042071198,0.6977890042706454,0.4437299035369775,0.5149253731343284,0.5080385852090032,-0.0453502670532062,0.0585690866899144,-0.1298303512052883,0.5941420770786711,37.15959334373474,0.1193236994641669,36.87102313442757,0.0014074841058829,0.0015635451412594,0.0,0.0042718446601941,-0.0025409771528184,0.025409771528184,0.0252004786387708,7.837348856657722,-8.858779657601657e-05,1.3972459414340798e-05,0.0,0.0016720257234726,-0.004890830105657,0.0489083010565708,0.515425965894281,1.971592634556036,2.7118443600488527,-0.1340382182091101,-0.0470739167731304,-0.1144944590781263,-0.1644194802731065,-0.2026955453861614,0.4568568792043666,1.8417693046949544,2.4848237072969352,-0.1355773890565937,0.0827564344321578,0.3976988806903395,0.5367961186734007,-0.2288330692157109,D:\code\agentic-development\reinforcement-learning-stocks\data\experiment_snapshots\model_20260401-232137Z_short-ent-a_seed7.zip,-0.0453502670532062,0.0,1,0.0,0
42,12000,0.0001,0.99,0.03,1,0.002,1,0.001,0.05,sharpe,100,1e-06,1.0,0.35,0.1,0.1,0.02,1.0,1,0.4951456310679611,0.575187969924812,0.5566343042071198,0.6977890042706454,0.4437299035369775,0.5149253731343284,0.5080385852090032,-0.0453502670532062,-0.0564872368824127,-0.1579242886944065,0.5941420770786711,39.29996871948242,0.1190265566345386,36.77920600007245,0.0011280620538733,0.001308529049778,0.0,0.0028478964401294,-0.0022161119278951,0.0221611192789511,0.02678360372171,8.329700757451814,-0.0001951477752411,-1.6900435221986333e-05,0.0,0.0063665594855305,-0.0049654236126093,0.0496542361260934,0.4003696423219538,1.9983573693040773,2.7284741216514248,-0.1081883347479785,-0.0751678542622487,-0.2826285268339015,-0.4241765266507835,-0.1812769062135715,0.4568568792043666,1.8417693046949544,2.4848237072969352,-0.1355773890565937,0.0827564344321578,0.3976988806903395,0.5367961186734007,-0.2288330692157109,D:\code\agentic-development\reinforcement-learning-stocks\data\experiment_snapshots\model_20260401-234024Z_short-ent-b_seed42.zip,-0.0453502670532062,0.0,1,0.0,0
42,12000,0.0001,0.99,0.03,1,0.002,1,0.001,0.05,sharpe,100,1e-06,1.0,0.3,0.1,0.1,0.02,1.0,1,0.4951456310679611,0.575187969924812,0.5566343042071198,0.6977890042706454,0.4437299035369775,0.5149253731343284,0.5080385852090032,-0.0453502670532062,-0.0564872368824127,-0.1579242886944065,0.5941420770786711,35.55260753631592,0.1190265566345386,36.77920600007245,0.0011280620538733,0.001308529049778,0.0,0.0028478964401294,-0.0022161119278951,0.0221611192789511,0.02678360372171,8.329700757451814,-0.0001951477752411,-1.6900435221986333e-05,0.0,0.0063665594855305,-0.0049654236126093,0.0496542361260934,0.4003696423219538,1.9983573693040773,2.7284741216514248,-0.1081883347479785,-0.0751678542622487,-0.2826285268339015,-0.4241765266507835,-0.1812769062135715,0.4568568792043666,1.8417693046949544,2.4848237072969352,-0.1355773890565937,0.0827564344321578,0.3976988806903395,0.5367961186734007,-0.2288330692157109,D:\code\agentic-development\reinforcement-learning-stocks\data\experiment_snapshots\model_20260401-233945Z_short-ent-b_seed42.zip,-0.0453502670532062,0.0,1,0.0,0
7,15000,0.0003,0.99,0.03,1,0.002,1,0.001,0.05,sharpe,100,1e-06,1.0,0.35,0.1,0.1,0.02,1.0,1,0.49514563106796117,0.575187969924812,0.5566343042071198,0.6977890042706454,0.4437299035369775,0.5149253731343284,0.5080385852090032,-0.04535026705320622,-0.13823367609607962,-0.11215338679524278,0.5941420770786711,42.22534489631653,0.11885779582673835,36.72705891046215,0.0009219530524736811,0.0011872558889244938,0.0,0.0006472491909385113,-0.0015754530654127651,0.01575453065412765,0.025206986621889246,7.839372839407556,-5.234862982706959e-05,4.217332209176781e-05,0.0,0.001157556270096463,-0.0037250966690075076,0.03725096669007507,0.31862320310828696,1.9422453439259555,2.76684002109945,-0.07530344323767835,-0.029396952363084927,-0.08278285084099796,-0.11550454572465413,-0.18041140640543707,0.4568568792043666,1.8417693046949546,2.4848237072969352,-0.13557738905659378,0.08275643443215785,0.3976988806903395,0.5367961186734007,-0.2288330692157109,D:\code\agentic-development\reinforcement-learning-stocks\data\experiment_snapshots\model_20260401-234411Z_short-ent-confirm_seed7.zip,-0.05157883232469858,0.009917492112821004,5,0.19227833717499654,0
7,8000,0.0001,0.99,0.05,1,0.002,1,0.001,0.05,sharpe,100,1e-06,1.0,0.35,0.1,0.1,0.02,1.0,1,0.4951456310679611,0.575187969924812,0.5566343042071198,0.6977890042706454,0.4437299035369775,0.5149253731343284,0.5080385852090032,-0.0453502670532062,-0.0400388127562629,-0.0885505045287528,0.5941420770786711,31.0584237575531,0.1187668935689759,36.69897011281357,0.0011675852298119,0.0014312451690963,0.0,0.0003883495145631,-0.0020362804253808,0.0203628042538084,0.0170954117983167,5.316673069276519,3.7922198358095385e-05,-0.0001646548908405,0.0,0.0014790996784565,-0.0042854528964791,0.0428545289647919,0.4168180664481036,2.026312260924321,2.7668107912383464,-0.1078379474465147,-0.0057940700965949,0.0585442638057464,0.0882906533936198,-0.1838796734694798,0.4568568792043666,1.8417693046949544,2.4848237072969352,-0.1355773890565937,0.0827564344321578,0.3976988806903395,0.5367961186734007,-0.2288330692157109,D:\code\agentic-development\reinforcement-learning-stocks\data\experiment_snapshots\model_20260401-231958Z_short-ent-a_seed7.zip,-0.0453502670532062,0.0,1,0.0,0
7,8000,0.0001,0.99,0.05,1,0.002,1,0.001,0.05,sharpe,100,1e-06,1.0,0.3,0.1,0.1,0.02,1.0,1,0.4951456310679611,0.575187969924812,0.5566343042071198,0.6977890042706454,0.4437299035369775,0.5149253731343284,0.5080385852090032,-0.0453502670532062,-0.0400388127562629,-0.0885505045287528,0.5941420770786711,30.85288619995117,0.1187668935689759,36.69897011281357,0.0011675852298119,0.0014312451690963,0.0,0.0003883495145631,-0.0020362804253808,0.0203628042538084,0.0170954117983167,5.316673069276519,3.7922198358095385e-05,-0.0001646548908405,0.0,0.0014790996784565,-0.0042854528964791,0.0428545289647919,0.4168180664481036,2.026312260924321,2.7668107912383464,-0.1078379474465147,-0.0057940700965949,0.0585442638057464,0.0882906533936198,-0.1838796734694798,0.4568568792043666,1.8417693046949544,2.4848237072969352,-0.1355773890565937,0.0827564344321578,0.3976988806903395,0.5367961186734007,-0.2288330692157109,D:\code\agentic-development\reinforcement-learning-stocks\data\experiment_snapshots\model_20260401-231926Z_short-ent-a_seed7.zip,-0.0453502670532062,0.0,1,0.0,0
42,12000,0.0003,0.99,0.05,1,0.002,1,0.001,0.05,sharpe,100,1e-06,1.0,0.35,0.1,0.1,0.02,1.0,1,0.4951456310679611,0.575187969924812,0.5566343042071198,0.6977890042706454,0.4469453376205787,0.5168539325842697,0.5080906148867314,-0.0227215981870513,0.0595294736681781,-0.1527151023179853,0.5941420770786711,37.71150875091553,0.1187031752480685,36.67928115165318,0.0014163533910066,0.001741608687225,0.0,0.0017475728155339,-0.0026731659569638,0.0267316595696383,0.0404523497817869,12.58068078213574,-0.0001335891232913,1.2386075328017932e-05,-5.653093016788981e-06,0.0122186495176848,-0.0056214474380027,0.0562144743800272,0.5163863528725448,1.8871948424682607,2.5713116004119185,-0.1371802238746365,-0.0699586678858275,-0.1430166743726617,-0.213806606348606,-0.2417690676456738,0.4568568792043666,1.8417693046949544,2.4848237072969352,-0.1355773890565937,0.0827564344321578,0.3976988806903395,0.5367961186734007,-0.2288330692157109,D:\code\agentic-development\reinforcement-learning-stocks\data\experiment_snapshots\model_20260401-233758Z_short-ent-b_seed42.zip,-0.0227215981870513,0.0,1,0.0,0
42,12000,0.0003,0.99,0.05,1,0.002,1,0.001,0.05,sharpe,100,1e-06,1.0,0.3,0.1,0.1,0.02,1.0,1,0.4951456310679611,0.575187969924812,0.5566343042071198,0.6977890042706454,0.4469453376205787,0.5168539325842697,0.5080906148867314,-0.0227215981870513,0.0595294736681781,-0.1527151023179853,0.5941420770786711,37.79064607620239,0.1187031752480685,36.67928115165318,0.0014163533910066,0.001741608687225,0.0,0.0017475728155339,-0.0026731659569638,0.0267316595696383,0.0404523497817869,12.58068078213574,-0.0001335891232913,1.2386075328017932e-05,-5.653093016788981e-06,0.0122186495176848,-0.0056214474380027,0.0562144743800272,0.5163863528725448,1.8871948424682607,2.5713116004119185,-0.1371802238746365,-0.0699586678858275,-0.1430166743726617,-0.213806606348606,-0.2417690676456738,0.4568568792043666,1.8417693046949544,2.4848237072969352,-0.1355773890565937,0.0827564344321578,0.3976988806903395,0.5367961186734007,-0.2288330692157109,D:\code\agentic-development\reinforcement-learning-stocks\data\experiment_snapshots\model_20260401-233721Z_short-ent-b_seed42.zip,-0.0227215981870513,0.0,1,0.0,0
42,8000,0.0003,0.99,0.05,1,0.002,1,0.001,0.05,sharpe,100,1e-06,1.0,0.35,0.1,0.1,0.02,1.0,1,0.4886731391585761,0.578544061302682,0.5592105263157895,0.7207219534319447,0.4372990353697749,0.5171102661596958,0.5098039215686274,-0.0250081575028739,-0.208615631798138,-0.194501707140724,0.6011795792324668,30.06075382232666,0.1183667608376308,36.57532909882792,0.0007409408267829,0.0009658631347361,-1.714372806264054e-05,0.0144336569579288,-0.0017998572296817,0.0179985722968178,0.0394909130981596,12.28167397352765,-0.0003524206861275,0.0001097274149766,-1.3833230912093414e-05,0.0093247588424437,-0.0065110947492686,0.0651109474926865,0.2482412474062285,1.644117861475807,2.3496324427321222,-0.0811963223412022,-0.1117452727085661,-0.7093499822962028,-0.9223450753342224,-0.193273851146181,0.4568568792043666,1.8417693046949544,2.4848237072969352,-0.1355773890565937,0.0827564344321578,0.3976988806903395,0.5367961186734007,-0.2288330692157109,D:\code\agentic-development\reinforcement-learning-stocks\data\experiment_snapshots\model_20260401-233122Z_short-ent-b_seed42.zip,-0.0250081575028739,0.0,1,0.0,0
42,8000,0.0003,0.99,0.05,1,0.002,1,0.001,0.05,sharpe,100,1e-06,1.0,0.3,0.1,0.1,0.02,1.0,1,0.4886731391585761,0.578544061302682,0.5592105263157895,0.7207219534319447,0.4372990353697749,0.5171102661596958,0.5098039215686274,-0.0250081575028739,-0.208615631798138,-0.194501707140724,0.6011795792324668,32.48251438140869,0.1183667608376308,36.57532909882792,0.0007409408267829,0.0009658631347361,-1.714372806264054e-05,0.0144336569579288,-0.0017998572296817,0.0179985722968178,0.0394909130981596,12.28167397352765,-0.0003524206861275,0.0001097274149766,-1.3833230912093414e-05,0.0093247588424437,-0.0065110947492686,0.0651109474926865,0.2482412474062285,1.644117861475807,2.3496324427321222,-0.0811963223412022,-0.1117452727085661,-0.7093499822962028,-0.9223450753342224,-0.193273851146181,0.4568568792043666,1.8417693046949544,2.4848237072969352,-0.1355773890565937,0.0827564344321578,0.3976988806903395,0.5367961186734007,-0.2288330692157109,D:\code\agentic-development\reinforcement-learning-stocks\data\experiment_snapshots\model_20260401-233052Z_short-ent-b_seed42.zip,-0.0250081575028739,0.0,1,0.0,0
21,20000,0.0003,0.99,0.02,1,0.002,1,0.001,0.05,sharpe,100,1e-06,1.0,0.35,0.1,0.1,0.02,1.0,1,0.4951456310679611,0.575187969924812,0.5566343042071198,0.6977890042706454,0.4405144694533762,0.5131086142322098,0.5064516129032258,-0.0482871420072961,-0.1969945382292333,-0.1521556805464886,0.5941420770786711,43.88363742828369,0.1181073146674737,36.495160232249376,0.0007667913827201,0.0009659638370994,0.0,0.0005177993527508,-0.0015152384852753,0.0151523848527539,0.0256991591703678,7.9924385019844,-0.0001929752599875,-6.362119547092945e-05,-5.527786726359148e-06,0.0023151125401929,-0.0035910669849645,0.0359106698496455,0.2598623409751333,1.856434203314148,2.623242981248579,-0.0751110594771222,-0.0693992461143307,-0.3349590974867882,-0.475618472974502,-0.1626903320948153,0.4568568792043666,1.8417693046949544,2.4848237072969352,-0.1355773890565937,0.0827564344321578,0.3976988806903395,0.5367961186734007,-0.2288330692157109,D:\code\agentic-development\reinforcement-learning-stocks\data\experiment_snapshots\model_20260401-091252Z_run_seed21.zip,-0.0494499872181573,0.0076321838764838,5,0.1543414731901375,0
7,12000,0.0001,0.99,0.03,1,0.002,1,0.001,0.05,sharpe,100,1e-06,1.0,0.35,0.1,0.1,0.02,1.0,1,0.4951456310679611,0.575187969924812,0.5566343042071198,0.6977890042706454,0.4437299035369775,0.5149253731343284,0.5080385852090032,-0.0453502670532062,-0.0378809550017571,-0.1117449853336756,0.5941420770786711,36.89092922210693,0.1180067522977075,36.46408645999163,0.0011771387180113,0.0014370932476633,0.0,0.002588996763754,-0.0021947009559629,0.0219470095596295,0.0221541823251656,6.889950703126528,-3.4665048734795226e-05,3.0005153762152098e-05,0.0,6.430868167202572e-05,-0.004550229450028,0.0455022945002801,0.4189759242026094,1.9390943946566337,2.685126430716562,-0.1072670508606563,-0.0289885509015177,-0.0460714893506852,-0.0687040715905085,-0.1812769062135715,0.4568568792043666,1.8417693046949544,2.4848237072969352,-0.1355773890565937,0.0827564344321578,0.3976988806903395,0.5367961186734007,-0.2288330692157109,D:\code\agentic-development\reinforcement-learning-stocks\data\experiment_snapshots\model_20260401-232555Z_short-ent-a_seed7.zip,-0.0453502670532062,0.0,1,0.0,0
7,12000,0.0001,0.99,0.03,1,0.002,1,0.001,0.05,sharpe,100,1e-06,1.0,0.3,0.1,0.1,0.02,1.0,1,0.4951456310679611,0.575187969924812,0.5566343042071198,0.6977890042706454,0.4437299035369775,0.5149253731343284,0.5080385852090032,-0.0453502670532062,-0.0378809550017571,-0.1117449853336756,0.5941420770786711,35.75754690170288,0.1180067522977075,36.46408645999163,0.0011771387180113,0.0014370932476633,0.0,0.002588996763754,-0.0021947009559629,0.0219470095596295,0.0221541823251656,6.889950703126528,-3.4665048734795226e-05,3.0005153762152098e-05,0.0,6.430868167202572e-05,-0.004550229450028,0.0455022945002801,0.4189759242026094,1.9390943946566337,2.685126430716562,-0.1072670508606563,-0.0289885509015177,-0.0460714893506852,-0.0687040715905085,-0.1812769062135715,0.4568568792043666,1.8417693046949544,2.4848237072969352,-0.1355773890565937,0.0827564344321578,0.3976988806903395,0.5367961186734007,-0.2288330692157109,D:\code\agentic-development\reinforcement-learning-stocks\data\experiment_snapshots\model_20260401-232519Z_short-ent-a_seed7.zip,-0.0453502670532062,0.0,1,0.0,0
21,15000,0.0003,0.99,0.03,1,0.002,1,0.001,0.05,sharpe,100,1e-06,1.0,0.35,0.1,0.1,0.02,1.0,1,0.49514563106796117,0.575187969924812,0.5566343042071198,0.6977890042706454,0.4437299035369775,0.5149253731343284,0.5080385852090032,-0.04535026705320622,-0.04690628570089572,-0.10760480579773857,0.5941420770786711,40.55631351470947,0.11734786180347437,36.26048929727358,0.001154210822865501,0.0014175766217375256,0.0,0.000453074433656958,-0.0020890080726212643,0.02089008072621264,0.022267427724986265,6.925170022470728,-2.0621295011334993e-05,-5.093881920356638e-05,0.0,0.00012861736334405144,-0.0045285034268750714,0.0452850342687507,0.40995059350347085,1.9621624149361314,2.651887953194809,-0.10799801661965969,-0.024848371365580713,-0.027739698309117038,-0.04131404468488981,-0.18049236107871025,0.4568568792043666,1.8417693046949546,2.4848237072969352,-0.13557738905659378,0.08275643443215785,0.3976988806903395,0.5367961186734007,-0.2288330692157109,D:\code\agentic-development\reinforcement-learning-stocks\data\experiment_snapshots\model_20260401-234654Z_short-ent-confirm_seed21.zip,-0.05157883232469858,0.009917492112821004,5,0.19227833717499654,0
7,8000,0.0001,0.99,0.03,1,0.002,1,0.001,0.05,sharpe,100,1e-06,1.0,0.3,0.1,0.1,0.02,1.0,1,0.4951456310679611,0.575187969924812,0.5566343042071198,0.6977890042706454,0.4437299035369775,0.5149253731343284,0.5080385852090032,-0.0453502670532062,-0.0650981687278444,-0.1636589312588958,0.5941420770786711,31.841118812561035,0.1173050982276659,36.247275352348765,0.0011100859653416,0.0013225025658934,0.0,0.0011650485436893,-0.0020873030550349,0.0208730305503497,0.0362628748569917,11.277754080524442,-0.0002193581106712,8.279713729196012e-05,0.0,0.0090032154340836,-0.0047884918942295,0.0478849189422951,0.3917587104765221,1.919867045104756,2.582668531630043,-0.1081184389806138,-0.080902496826738,-0.3303249478931455,-0.4632712371358568,-0.1812769062135715,0.4568568792043666,1.8417693046949544,2.4848237072969352,-0.1355773890565937,0.0827564344321578,0.3976988806903395,0.5367961186734007,-0.2288330692157109,D:\code\agentic-development\reinforcement-learning-stocks\data\experiment_snapshots\model_20260401-231825Z_short-ent-a_seed7.zip,-0.0453502670532062,0.0,1,0.0,0
7,8000,0.0001,0.99,0.03,1,0.002,1,0.001,0.05,sharpe,100,1e-06,1.0,0.35,0.1,0.1,0.02,1.0,1,0.4951456310679611,0.575187969924812,0.5566343042071198,0.6977890042706454,0.4437299035369775,0.5149253731343284,0.5080385852090032,-0.0453502670532062,-0.0650981687278444,-0.1636589312588958,0.5941420770786711,30.647949934005737,0.1173050982276659,36.247275352348765,0.0011100859653416,0.0013225025658934,0.0,0.0011650485436893,-0.0020873030550349,0.0208730305503497,0.0362628748569917,11.277754080524442,-0.0002193581106712,8.279713729196012e-05,0.0,0.0090032154340836,-0.0047884918942295,0.0478849189422951,0.3917587104765221,1.919867045104756,2.582668531630043,-0.1081184389806138,-0.080902496826738,-0.3303249478931455,-0.4632712371358568,-0.1812769062135715,0.4568568792043666,1.8417693046949544,2.4848237072969352,-0.1355773890565937,0.0827564344321578,0.3976988806903395,0.5367961186734007,-0.2288330692157109,D:\code\agentic-development\reinforcement-learning-stocks\data\experiment_snapshots\model_20260401-231856Z_short-ent-a_seed7.zip,-0.0453502670532062,0.0,1,0.0,0
13,40000,0.0003,0.99,0.02,1,0.002,1,0.001,0.05,sharpe,100,1e-06,1.0,0.35,0.1,0.1,0.02,1.0,1,0.4951456310679611,0.575187969924812,0.5566343042071198,0.6977890042706454,0.4437299035369775,0.5168539325842697,0.5096774193548387,-0.0386600181527773,-0.0608144632975007,-0.1063592930567267,0.5941420770786711,69.48235440254211,0.11710267758653,36.1847273742378,0.0011199652894568,0.0013811606562491,0.0,0.0003236245954692,-0.001977188159116,0.0197718815911608,0.036237545825243,11.269876751650576,-1.995814868832369e-05,9.109397701611535e-05,-4.52462659204852e-06,0.0002572347266881,-0.0040623144092897,0.0406231440928971,0.3960424159068658,1.979839534797381,2.667169974297613,-0.1091340108528414,-0.0236028586245689,-0.0275749587505363,-0.0396950379402966,-0.1673308471909181,0.4568568792043666,1.8417693046949544,2.4848237072969352,-0.1355773890565937,0.0827564344321578,0.3976988806903395,0.5367961186734007,-0.2288330692157109,D:\code\agentic-development\reinforcement-learning-stocks\data\experiment_snapshots\model_20260401-091100Z_run_seed13.zip,-0.0371480903039699,0.0217179673407179,5,0.5846321348690414,0
7,8000,0.0003,0.99,0.05,1,0.002,1,0.001,0.05,sharpe,100,1e-06,1.0,0.3,0.1,0.1,0.02,1.0,1,0.4951456310679611,0.575187969924812,0.5566343042071198,0.6977890042706454,0.4437299035369775,0.5149253731343284,0.5080385852090032,-0.0453502670532062,0.0901164840837254,-0.1166183343773294,0.5941420770786711,34.10480451583862,0.1165837318398214,36.02437313850483,0.0014781951840978,0.001562889774454,0.0,0.0003236245954692,-0.0025998920353694,0.0259989203536949,0.0248319414269543,7.722733783782796,-5.101433906152447e-05,1.120962159910821e-05,0.0,0.000128617363344,-0.00457698776294,0.0457698776294001,0.546973363288092,2.0186804943937244,2.7719085816360622,-0.1341075160780612,-0.0338618999451716,-0.0673633339690459,-0.1004107060563081,-0.182198783594872,0.4568568792043666,1.8417693046949544,2.4848237072969352,-0.1355773890565937,0.0827564344321578,0.3976988806903395,0.5367961186734007,-0.2288330692157109,D:\code\agentic-development\reinforcement-learning-stocks\data\experiment_snapshots\model_20260401-231619Z_short-ent-a_seed7.zip,-0.0453502670532062,0.0,1,0.0,0
7,8000,0.0003,0.99,0.05,1,0.002,1,0.001,0.05,sharpe,100,1e-06,1.0,0.35,0.1,0.1,0.02,1.0,1,0.4951456310679611,0.575187969924812,0.5566343042071198,0.6977890042706454,0.4437299035369775,0.5149253731343284,0.5080385852090032,-0.0453502670532062,0.0901164840837254,-0.1166183343773294,0.5941420770786711,33.301971197128296,0.1165837318398214,36.02437313850483,0.0014781951840978,0.001562889774454,0.0,0.0003236245954692,-0.0025998920353694,0.0259989203536949,0.0248319414269543,7.722733783782796,-5.101433906152447e-05,1.120962159910821e-05,0.0,0.000128617363344,-0.00457698776294,0.0457698776294001,0.546973363288092,2.0186804943937244,2.7719085816360622,-0.1341075160780612,-0.0338618999451716,-0.0673633339690459,-0.1004107060563081,-0.182198783594872,0.4568568792043666,1.8417693046949544,2.4848237072969352,-0.1355773890565937,0.0827564344321578,0.3976988806903395,0.5367961186734007,-0.2288330692157109,D:\code\agentic-development\reinforcement-learning-stocks\data\experiment_snapshots\model_20260401-231652Z_short-ent-a_seed7.zip,-0.0453502670532062,0.0,1,0.0,0
42,8000,0.0001,0.99,0.05,1,0.002,1,0.001,0.05,sharpe,100,1e-06,1.0,0.35,0.1,0.1,0.02,1.0,1,0.4951456310679611,0.575187969924812,0.5566343042071198,0.6977890042706454,0.4405144694533762,0.5131086142322098,0.5064516129032258,-0.0555604661766793,-0.1940026017927079,-0.1068898070704245,0.5941420770786711,30.643636226654053,0.1163885071523443,35.964048710074394,0.000774356412717,0.0009771927370739,0.0,0.0034304207119741,-0.0015014338922242,0.0150143389222429,0.0270650370048209,8.417226508499313,-6.548732948427964e-05,5.859554882236249e-06,-5.474723708811838e-07,0.0003858520900321,-0.0024865630725862,0.0248656307258626,0.2628542774116587,1.908752666787545,2.5936912039617392,-0.0782426490579836,-0.0241333726382666,-0.1815205136659157,-0.2696110393696351,-0.0921644628828147,0.4568568792043666,1.8417693046949544,2.4848237072969352,-0.1355773890565937,0.0827564344321578,0.3976988806903395,0.5367961186734007,-0.2288330692157109,D:\code\agentic-development\reinforcement-learning-stocks\data\experiment_snapshots\model_20260401-233426Z_short-ent-b_seed42.zip,-0.0555604661766793,0.0,1,0.0,0
42,8000,0.0001,0.99,0.05,1,0.002,1,0.001,0.05,sharpe,100,1e-06,1.0,0.3,0.1,0.1,0.02,1.0,1,0.4951456310679611,0.575187969924812,0.5566343042071198,0.6977890042706454,0.4405144694533762,0.5131086142322098,0.5064516129032258,-0.0555604661766793,-0.1940026017927079,-0.1068898070704245,0.5941420770786711,31.54805374145508,0.1163885071523443,35.964048710074394,0.000774356412717,0.0009771927370739,0.0,0.0034304207119741,-0.0015014338922242,0.0150143389222429,0.0270650370048209,8.417226508499313,-6.548732948427964e-05,5.859554882236249e-06,-5.474723708811838e-07,0.0003858520900321,-0.0024865630725862,0.0248656307258626,0.2628542774116587,1.908752666787545,2.5936912039617392,-0.0782426490579836,-0.0241333726382666,-0.1815205136659157,-0.2696110393696351,-0.0921644628828147,0.4568568792043666,1.8417693046949544,2.4848237072969352,-0.1355773890565937,0.0827564344321578,0.3976988806903395,0.5367961186734007,-0.2288330692157109,D:\code\agentic-development\reinforcement-learning-stocks\data\experiment_snapshots\model_20260401-233356Z_short-ent-b_seed42.zip,-0.0555604661766793,0.0,1,0.0,0
42,12000,0.0001,0.99,0.08,1,0.002,1,0.001,0.05,sharpe,100,1e-06,1.0,0.35,0.1,0.1,0.02,1.0,1,0.4951456310679611,0.575187969924812,0.5566343042071198,0.6977890042706454,0.4212218649517685,0.5139442231075697,0.5068493150684932,-0.0130050324419758,-0.3248386967721721,-0.1000756385324712,0.5941420770786711,37.50750494003296,0.1162610618626106,35.924668115546694,0.0004063166117952,0.0006895895400836,0.0,0.0003883495145631,-0.0008811593539014,0.0088115935390143,0.0356094609485694,11.07454235500509,-4.245799705512892e-05,3.798150079888801e-05,-8.161487288621097e-05,0.002508038585209,-0.0024862782192202,0.0248627821922029,0.1320181824321944,1.8159229421488812,2.348866063414768,-0.0423929079007674,-0.0173192041003134,-0.1198549253095435,-0.1742256748672436,-0.0982398039230824,0.4568568792043666,1.8417693046949544,2.4848237072969352,-0.1355773890565937,0.0827564344321578,0.3976988806903395,0.5367961186734007,-0.2288330692157109,D:\code\agentic-development\reinforcement-learning-stocks\data\experiment_snapshots\model_20260401-234254Z_short-ent-b_seed42.zip,-0.0130050324419758,0.0,1,0.0,0
42,12000,0.0001,0.99,0.08,1,0.002,1,0.001,0.05,sharpe,100,1e-06,1.0,0.3,0.1,0.1,0.02,1.0,1,0.4951456310679611,0.575187969924812,0.5566343042071198,0.6977890042706454,0.4212218649517685,0.5139442231075697,0.5068493150684932,-0.0130050324419758,-0.3248386967721721,-0.1000756385324712,0.5941420770786711,36.57053327560425,0.1162610618626106,35.924668115546694,0.0004063166117952,0.0006895895400836,0.0,0.0003883495145631,-0.0008811593539014,0.0088115935390143,0.0356094609485694,11.07454235500509,-4.245799705512892e-05,3.798150079888801e-05,-8.161487288621097e-05,0.002508038585209,-0.0024862782192202,0.0248627821922029,0.1320181824321944,1.8159229421488812,2.348866063414768,-0.0423929079007674,-0.0173192041003134,-0.1198549253095435,-0.1742256748672436,-0.0982398039230824,0.4568568792043666,1.8417693046949544,2.4848237072969352,-0.1355773890565937,0.0827564344321578,0.3976988806903395,0.5367961186734007,-0.2288330692157109,D:\code\agentic-development\reinforcement-learning-stocks\data\experiment_snapshots\model_20260401-234217Z_short-ent-b_seed42.zip,-0.0130050324419758,0.0,1,0.0,0
7,12000,0.0003,0.99,0.08,1,0.002,1,0.001,0.05,sharpe,100,1e-06,1.0,0.3,0.1,0.1,0.02,1.0,1,0.4951456310679611,0.575187969924812,0.5566343042071198,0.6977890042706454,0.4437299035369775,0.5149253731343284,0.5080385852090032,-0.0453502670532062,0.0915465763719112,-0.0751964899084696,0.5941420770786711,38.53818392753601,0.1158423608346339,35.795289497901905,0.0014806914692608,0.0016821764599913,0.0,0.0001294498381877,-0.0025983544798573,0.0259835447985738,0.0240057992531787,7.465803567738601,0.0001141261206065,-5.682896211328901e-05,0.0,0.007652733118971,-0.0050574087781294,0.0505740877812947,0.5484034555762778,2.0209138889492606,2.779346953685025,-0.1339978945619806,0.0075599445236882,0.1350798894374095,0.215786684082348,-0.2452599215209503,0.4568568792043666,1.8417693046949544,2.4848237072969352,-0.1355773890565937,0.0827564344321578,0.3976988806903395,0.5367961186734007,-0.2288330692157109,D:\code\agentic-development\reinforcement-learning-stocks\data\experiment_snapshots\model_20260401-232405Z_short-ent-a_seed7.zip,-0.0453502670532062,0.0,1,0.0,0
7,12000,0.0003,0.99,0.08,1,0.002,1,0.001,0.05,sharpe,100,1e-06,1.0,0.35,0.1,0.1,0.02,1.0,1,0.4951456310679611,0.575187969924812,0.5566343042071198,0.6977890042706454,0.4437299035369775,0.5149253731343284,0.5080385852090032,-0.0453502670532062,0.0915465763719112,-0.0751964899084696,0.5941420770786711,37.15625524520874,0.1158423608346339,35.795289497901905,0.0014806914692608,0.0016821764599913,0.0,0.0001294498381877,-0.0025983544798573,0.0259835447985738,0.0240057992531787,7.465803567738601,0.0001141261206065,-5.682896211328901e-05,0.0,0.007652733118971,-0.0050574087781294,0.0505740877812947,0.5484034555762778,2.0209138889492606,2.779346953685025,-0.1339978945619806,0.0075599445236882,0.1350798894374095,0.215786684082348,-0.2452599215209503,0.4568568792043666,1.8417693046949544,2.4848237072969352,-0.1355773890565937,0.0827564344321578,0.3976988806903395,0.5367961186734007,-0.2288330692157109,D:\code\agentic-development\reinforcement-learning-stocks\data\experiment_snapshots\model_20260401-232443Z_short-ent-a_seed7.zip,-0.0453502670532062,0.0,1,0.0,0
84,40000,0.0003,0.99,0.02,1,0.002,1,0.001,0.05,sharpe,100,1e-06,1.0,0.35,0.1,0.1,0.02,1.0,1,0.4983818770226537,0.5757575757575758,0.5606557377049181,0.6734285128210822,0.4340836012861736,0.5152671755725191,0.5081967213114754,-0.0563798992606601,-0.240516645736122,-0.0869670835345099,0.5907612117544797,76.50399708747864,0.1153159638517739,35.632632830198155,0.0006428644000346,0.0008152540230305,-1.0137542644060676e-05,0.0036893203883495,-0.0009828164990631,0.0098281649906311,0.0279276354264861,8.685494617637195,3.328962862966577e-06,-2.7536506396915813e-05,-3.881346769450799e-05,0.0036012861736334,-0.0025885498830151,0.025885498830151,0.2163402334682445,2.1316036478217373,3.001052011357576,-0.0534468446791197,-0.0042106491023521,0.0142279877812648,0.0200448544793358,-0.1019992598788682,0.4568568792043666,1.8417693046949544,2.4848237072969352,-0.1355773890565937,0.0827564344321578,0.3976988806903395,0.5367961186734007,-0.2288330692157109,D:\code\agentic-development\reinforcement-learning-stocks\data\experiment_snapshots\model_20260401-092326Z_run_seed84.zip,-0.0371480903039699,0.0217179673407179,5,0.5846321348690414,0
7,12000,0.0003,0.99,0.05,1,0.002,1,0.001,0.05,sharpe,100,1e-06,1.0,0.35,0.1,0.1,0.02,1.0,1,0.4951456310679611,0.575187969924812,0.5566343042071198,0.6977890042706454,0.4437299035369775,0.5149253731343284,0.5080385852090032,-0.0453502670532062,0.0928791974521221,-0.0538449450474403,0.5941420770786711,38.781206130981445,0.1150083636137402,35.53758435664574,0.0014832592443434,0.0015622407339555,0.0,0.0003236245954692,-0.0025950441827062,0.0259504418270626,0.0241856437831689,7.521735216565558,0.0001714937337118,-9.334469651940192e-05,0.0,0.0048874598070739,-0.0040329770206273,0.0403297702062738,0.5497360766564887,2.0277068759387906,2.787479275008989,-0.1338686366601043,0.0289114893847175,0.2128988841464878,0.345029024784822,-0.1975001410468913,0.4568568792043666,1.8417693046949544,2.4848237072969352,-0.1355773890565937,0.0827564344321578,0.3976988806903395,0.5367961186734007,-0.2288330692157109,D:\code\agentic-development\reinforcement-learning-stocks\data\experiment_snapshots\model_20260401-232327Z_short-ent-a_seed7.zip,-0.0453502670532062,0.0,1,0.0,0
7,12000,0.0003,0.99,0.05,1,0.002,1,0.001,0.05,sharpe,100,1e-06,1.0,0.3,0.1,0.1,0.02,1.0,1,0.4951456310679611,0.575187969924812,0.5566343042071198,0.6977890042706454,0.4437299035369775,0.5149253731343284,0.5080385852090032,-0.0453502670532062,0.0928791974521221,-0.0538449450474403,0.5941420770786711,34.99125599861145,0.1150083636137402,35.53758435664574,0.0014832592443434,0.0015622407339555,0.0,0.0003236245954692,-0.0025950441827062,0.0259504418270626,0.0241856437831689,7.521735216565558,0.0001714937337118,-9.334469651940192e-05,0.0,0.0048874598070739,-0.0040329770206273,0.0403297702062738,0.5497360766564887,2.0277068759387906,2.787479275008989,-0.1338686366601043,0.0289114893847175,0.2128988841464878,0.345029024784822,-0.1975001410468913,0.4568568792043666,1.8417693046949544,2.4848237072969352,-0.1355773890565937,0.0827564344321578,0.3976988806903395,0.5367961186734007,-0.2288330692157109,D:\code\agentic-development\reinforcement-learning-stocks\data\experiment_snapshots\model_20260401-232248Z_short-ent-a_seed7.zip,-0.0453502670532062,0.0,1,0.0,0
7,12000,0.0001,0.99,0.08,1,0.002,1,0.001,0.05,sharpe,100,1e-06,1.0,0.35,0.1,0.1,0.02,1.0,1,0.4951456310679611,0.5823754789272031,0.5643564356435643,0.7391173801124491,0.3472668810289389,0.5443786982248521,0.5357142857142857,0.1755597689876877,-0.3182945428842958,-0.0599224056844545,0.6083181461791607,37.21587514877319,0.1140014921274973,35.22646106739669,0.0004249484872801,0.0004605581729902,-2.778255837664833e-05,0.0007766990291262,-0.0007305964054068,0.007305964054068,-0.061674605230465,-19.180802226674626,8.131503650334446e-05,-0.0003632959843896,-0.0003644888009776,0.0054662379421221,-0.0012790354077692,0.0127903540776922,0.1385623363200707,2.0028768908785697,2.637409142836596,-0.0406462449315114,0.0228340287477033,0.2936271021458577,0.4003814641304835,-0.0651110872411474,0.4568568792043666,1.8417693046949544,2.4848237072969352,-0.1355773890565937,0.0827564344321578,0.3976988806903395,0.5367961186734007,-0.2288330692157109,D:\code\agentic-development\reinforcement-learning-stocks\data\experiment_snapshots\model_20260401-232822Z_short-ent-a_seed7.zip,0.1755597689876877,0.0,1,0.0,0
7,12000,0.0001,0.99,0.08,1,0.002,1,0.001,0.05,sharpe,100,1e-06,1.0,0.3,0.1,0.1,0.02,1.0,1,0.4951456310679611,0.5823754789272031,0.5643564356435643,0.7391173801124491,0.3472668810289389,0.5443786982248521,0.5357142857142857,0.1755597689876877,-0.3182945428842958,-0.0599224056844545,0.6083181461791607,36.859007120132446,0.1140014921274973,35.22646106739669,0.0004249484872801,0.0004605581729902,-2.778255837664833e-05,0.0007766990291262,-0.0007305964054068,0.007305964054068,-0.061674605230465,-19.180802226674626,8.131503650334446e-05,-0.0003632959843896,-0.0003644888009776,0.0054662379421221,-0.0012790354077692,0.0127903540776922,0.1385623363200707,2.0028768908785697,2.637409142836596,-0.0406462449315114,0.0228340287477033,0.2936271021458577,0.4003814641304835,-0.0651110872411474,0.4568568792043666,1.8417693046949544,2.4848237072969352,-0.1355773890565937,0.0827564344321578,0.3976988806903395,0.5367961186734007,-0.2288330692157109,D:\code\agentic-development\reinforcement-learning-stocks\data\experiment_snapshots\model_20260401-232745Z_short-ent-a_seed7.zip,0.1755597689876877,0.0,1,0.0,0
42,12000,0.0003,0.99,0.03,1,0.002,1,0.001,0.05,sharpe,100,1e-06,1.0,0.3,0.1,0.1,0.02,1.0,1,0.4919093851132686,0.5735849056603773,0.5551948051948052,0.675775845641519,0.4437299035369775,0.5131086142322098,0.5048543689320388,-0.0522549490650202,-0.141938685631485,-0.1997298496736009,0.588506063516934,36.67977786064148,0.1111362338715433,34.34109626630689,0.0009178602019996,0.0011136082887928,-6.085962176180237e-06,0.0064077669902912,-0.0020502430532005,0.0205024305320051,0.0294317922392126,9.15328738639514,-0.000356621798756,-0.0001427075413026,-6.762207027872223e-06,0.0099678456591639,-0.0049000678715209,0.0490006787152096,0.3149181935728815,1.754377678816926,2.3270732266958523,-0.1119707064207524,-0.1169734152414431,-0.5790084920108322,-0.837457313485362,-0.1638794651477527,0.4568568792043666,1.8417693046949544,2.4848237072969352,-0.1355773890565937,0.0827564344321578,0.3976988806903395,0.5367961186734007,-0.2288330692157109,D:\code\agentic-development\reinforcement-learning-stocks\data\experiment_snapshots\model_20260401-233607Z_short-ent-b_seed42.zip,-0.0522549490650202,0.0,1,0.0,0
42,12000,0.0003,0.99,0.03,1,0.002,1,0.001,0.05,sharpe,100,1e-06,1.0,0.35,0.1,0.1,0.02,1.0,1,0.4919093851132686,0.5735849056603773,0.5551948051948052,0.675775845641519,0.4437299035369775,0.5131086142322098,0.5048543689320388,-0.0522549490650202,-0.141938685631485,-0.1997298496736009,0.588506063516934,36.40560698509216,0.1111362338715433,34.34109626630689,0.0009178602019996,0.0011136082887928,-6.085962176180237e-06,0.0064077669902912,-0.0020502430532005,0.0205024305320051,0.0294317922392126,9.15328738639514,-0.000356621798756,-0.0001427075413026,-6.762207027872223e-06,0.0099678456591639,-0.0049000678715209,0.0490006787152096,0.3149181935728815,1.754377678816926,2.3270732266958523,-0.1119707064207524,-0.1169734152414431,-0.5790084920108322,-0.837457313485362,-0.1638794651477527,0.4568568792043666,1.8417693046949544,2.4848237072969352,-0.1355773890565937,0.0827564344321578,0.3976988806903395,0.5367961186734007,-0.2288330692157109,D:\code\agentic-development\reinforcement-learning-stocks\data\experiment_snapshots\model_20260401-233643Z_short-ent-b_seed42.zip,-0.0522549490650202,0.0,1,0.0,0
42,40000,0.0003,0.99,0.02,1,0.002,1,0.001,0.05,sharpe,100,1e-06,1.0,0.35,0.1,0.1,0.02,1.0,1,0.4951456310679611,0.575187969924812,0.5566343042071198,0.6977890042706454,0.4437299035369775,0.5149253731343284,0.5080385852090032,-0.0453502670532062,0.034194964334598,-0.1126742531710182,0.5941420770786711,75.37380504608154,0.1104434866535147,34.12703737593607,0.0013619525628332,0.0016951653069644,0.0,0.0034951456310679,-0.0027855345887545,0.0278553458875451,0.0206508638183492,6.422418647506622,4.178095626029658e-05,1.171910386487586e-05,0.0,0.000192926045016,-0.0063425586407589,0.0634255864075897,0.4910518435389646,1.8146279220179256,2.393582915376579,-0.1398075145718015,-0.0299178187388603,0.0420403337048537,0.0638233684563431,-0.2688244879430296,0.4568568792043666,1.8417693046949544,2.4848237072969352,-0.1355773890565937,0.0827564344321578,0.3976988806903395,0.5367961186734007,-0.2288330692157109,D:\code\agentic-development\reinforcement-learning-stocks\data\experiment_snapshots\model_20260401-091916Z_run_seed42.zip,-0.0371480903039699,0.0217179673407179,5,0.5846321348690414,0
42,8000,0.0003,0.99,0.03,1,0.002,1,0.001,0.05,sharpe,100,1e-06,1.0,0.3,0.1,0.1,0.02,1.0,1,0.4886731391585761,0.5741444866920152,0.5555555555555556,0.6875215710056441,0.4340836012861736,0.5133079847908745,0.5065359477124183,-0.0242624949607348,0.0384864448044282,-0.1122632431437642,0.5912432242138032,31.180442810058597,0.1056576468538378,32.64821287783589,0.001366306958088,0.0014407825673266,-1.8656835558740137e-05,0.0059546925566343,-0.0026270761300955,0.0262707613009558,0.0475720285617834,14.79490088271466,2.1060956256233586e-05,0.0004665162507499,-3.741542136177404e-05,0.0113826366559485,-0.0064414269550128,0.0644142695501288,0.4953433240087947,1.885608111669545,2.55689209435005,-0.1378486427373935,-0.0295068087116063,0.0246642291434278,0.0374767392790748,-0.2384905815310002,0.4568568792043666,1.8417693046949544,2.4848237072969352,-0.1355773890565937,0.0827564344321578,0.3976988806903395,0.5367961186734007,-0.2288330692157109,D:\code\agentic-development\reinforcement-learning-stocks\data\experiment_snapshots\model_20260401-232949Z_short-ent-b_seed42.zip,-0.0242624949607348,0.0,1,0.0,0
42,8000,0.0003,0.99,0.03,1,0.002,1,0.001,0.05,sharpe,100,1e-06,1.0,0.35,0.1,0.1,0.02,1.0,1,0.4886731391585761,0.5741444866920152,0.5555555555555556,0.6875215710056441,0.4340836012861736,0.5133079847908745,0.5065359477124183,-0.0242624949607348,0.0384864448044282,-0.1122632431437642,0.5912432242138032,30.37942051887512,0.1056576468538378,32.64821287783589,0.001366306958088,0.0014407825673266,-1.8656835558740137e-05,0.0059546925566343,-0.0026270761300955,0.0262707613009558,0.0475720285617834,14.79490088271466,2.1060956256233586e-05,0.0004665162507499,-3.741542136177404e-05,0.0113826366559485,-0.0064414269550128,0.0644142695501288,0.4953433240087947,1.885608111669545,2.55689209435005,-0.1378486427373935,-0.0295068087116063,0.0246642291434278,0.0374767392790748,-0.2384905815310002,0.4568568792043666,1.8417693046949544,2.4848237072969352,-0.1355773890565937,0.0827564344321578,0.3976988806903395,0.5367961186734007,-0.2288330692157109,D:\code\agentic-development\reinforcement-learning-stocks\data\experiment_snapshots\model_20260401-233020Z_short-ent-b_seed42.zip,-0.0242624949607348,0.0,1,0.0,0
7,8000,0.0001,0.99,0.08,1,0.002,1,0.001,0.05,sharpe,100,1e-06,1.0,0.3,0.1,0.1,0.02,1.0,1,0.2200647249190938,0.7714285714285715,0.7567567567567568,0.1659076319493562,0.1382636655948553,0.0,0.0,0.0,-0.4275063164006327,-0.0827564344321578,0.6459228391311841,31.409665822982788,0.0296798108838592,9.17106156311252,9.331531275074328e-05,2.1765947951548183e-05,-0.0009402085257609,0.0006472491909385,-6.34080759909594e-05,0.0006340807599095,-0.0012264224633374,-0.3814173860979389,0.0,0.0,-0.0012264224633374,0.0,0.0,0.0,0.0293505628037338,1.5162612242941729,0.7544864573860316,-0.0214224782062923,0.0,0.0,0.0,0.0,0.4568568792043666,1.8417693046949544,2.4848237072969352,-0.1355773890565937,0.0827564344321578,0.3976988806903395,0.5367961186734007,-0.2288330692157109,D:\code\agentic-development\reinforcement-learning-stocks\data\experiment_snapshots\model_20260401-232029Z_short-ent-a_seed7.zip,0.0,0.0,1,inf,1
7,8000,0.0001,0.99,0.08,1,0.002,1,0.001,0.05,sharpe,100,1e-06,1.0,0.35,0.1,0.1,0.02,1.0,1,0.2200647249190938,0.7714285714285715,0.7567567567567568,0.1659076319493562,0.1382636655948553,0.0,0.0,0.0,-0.4275063164006327,-0.0827564344321578,0.6459228391311841,30.36742663383484,0.0296798108838592,9.17106156311252,9.331531275074328e-05,2.1765947951548183e-05,-0.0009402085257609,0.0006472491909385,-6.34080759909594e-05,0.0006340807599095,-0.0012264224633374,-0.3814173860979389,0.0,0.0,-0.0012264224633374,0.0,0.0,0.0,0.0293505628037338,1.5162612242941729,0.7544864573860316,-0.0214224782062923,0.0,0.0,0.0,0.0,0.4568568792043666,1.8417693046949544,2.4848237072969352,-0.1355773890565937,0.0827564344321578,0.3976988806903395,0.5367961186734007,-0.2288330692157109,D:\code\agentic-development\reinforcement-learning-stocks\data\experiment_snapshots\model_20260401-232059Z_short-ent-a_seed7.zip,0.0,0.0,1,inf,1
21,40000,0.0003,0.99,0.02,1,0.002,1,0.001,0.05,sharpe,100,1e-06,1.0,0.35,0.1,0.1,0.02,1.0,1,0.1391585760517799,0.0,0.0,0.0,0.1382636655948553,0.0,0.0,0.0,-0.4568568792043666,-0.0827564344321578,0.0,70.24115633964539,-0.0010764728644826,-0.3326301151251454,0.0,0.0,-0.0010764728644826,0.0,0.0,0.0,-0.0012264224633374,-0.3814173860979389,0.0,0.0,-0.0012264224633374,0.0,0.0,0.0,0.0,0.0,0.0,0.0,0.0,0.0,0.0,0.0,0.4568568792043666,1.8417693046949544,2.4848237072969352,-0.1355773890565937,0.0827564344321578,0.3976988806903395,0.5367961186734007,-0.2288330692157109,D:\code\agentic-development\reinforcement-learning-stocks\data\experiment_snapshots\model_20260401-091446Z_run_seed21.zip,-0.0371480903039699,0.0217179673407179,5,0.5846321348690414,0
42,40000,0.0003,0.99,0.05,1,0.002,1,0.001,0.05,sharpe,100,1e-06,1.0,0.35,0.1,0.1,0.02,1.0,1,0.1553398058252427,0.625,0.625,0.0015794289075703,0.1414790996784566,0.5714285714285714,0.4,0.118193203416286,-0.6210656771773655,-0.158044559104126,0.5003158857815141,77.35089015960693,-0.0410511013843064,-12.684790327750704,-0.0005781621812409,-6.069334665590529e-05,-0.0010538544903477,0.0170226537216828,-0.007708216186192,0.07708216186192,0.0219767042734048,6.834755029028895,-0.0002452385554881,7.648216064115012e-06,-0.0011546619109425,0.0137620578778135,-0.0080262023354463,0.0802620233544639,-0.1642087979729989,-3.761965063160644,-4.843320451480135,-0.1669055765957369,-0.0752881246719682,-0.9931011037732258,-1.4517854509248171,-0.1476641868465207,0.4568568792043666,1.8417693046949544,2.4848237072969352,-0.1355773890565937,0.0827564344321578,0.3976988806903395,0.5367961186734007,-0.2288330692157109,D:\code\agentic-development\reinforcement-learning-stocks\data\experiment_snapshots\model_20260401-092033Z_run_seed42.zip,0.0162455511876944,0.0768227376501068,5,4.728847717293709,1
42,12000,0.0003,0.99,0.08,1,0.002,1,0.001,0.05,sharpe,100,1e-06,1.0,0.3,0.1,0.1,0.02,1.0,1,0.3656957928802589,0.424812030075188,0.4401294498381877,-0.4474375364742582,0.4180064308681672,0.4850746268656716,0.4887459807073955,-0.0537640301576403,-0.9452579856003114,-0.2257556170580175,0.2549573426941986,34.82969403266907,-0.147594774822249,-45.60678542007494,-0.0020294907058514,-0.0018047240857884,0.0,0.0009061488673139,-0.0290096767976198,0.2900967679761981,-0.054816272846401,-17.047860855230738,-0.0002770074270049,-1.1626194647693304e-05,0.0,0.0023794212218649,-0.0303423218750854,0.3034232187508547,-0.4884011063959448,-1.916275295282251,-3.18487151432132,-0.5378023274910834,-0.1429991826258596,-0.20791420556892,-0.2662816248260507,-0.4817199717512211,0.4568568792043666,1.8417693046949544,2.4848237072969352,-0.1355773890565937,0.0827564344321578,0.3976988806903395,0.5367961186734007,-0.2288330692157109,D:\code\agentic-development\reinforcement-learning-stocks\data\experiment_snapshots\model_20260401-233833Z_short-ent-b_seed42.zip,-0.0537640301576403,0.0,1,0.0,0
42,12000,0.0003,0.99,0.08,1,0.002,1,0.001,0.05,sharpe,100,1e-06,1.0,0.35,0.1,0.1,0.02,1.0,1,0.3656957928802589,0.424812030075188,0.4401294498381877,-0.4474375364742582,0.4180064308681672,0.4850746268656716,0.4887459807073955,-0.0537640301576403,-0.9452579856003114,-0.2257556170580175,0.2549573426941986,36.3594138622284,-0.147594774822249,-45.60678542007494,-0.0020294907058514,-0.0018047240857884,0.0,0.0009061488673139,-0.0290096767976198,0.2900967679761981,-0.054816272846401,-17.047860855230738,-0.0002770074270049,-1.1626194647693304e-05,0.0,0.0023794212218649,-0.0303423218750854,0.3034232187508547,-0.4884011063959448,-1.916275295282251,-3.18487151432132,-0.5378023274910834,-0.1429991826258596,-0.20791420556892,-0.2662816248260507,-0.4817199717512211,0.4568568792043666,1.8417693046949544,2.4848237072969352,-0.1355773890565937,0.0827564344321578,0.3976988806903395,0.5367961186734007,-0.2288330692157109,D:\code\agentic-development\reinforcement-learning-stocks\data\experiment_snapshots\model_20260401-233910Z_short-ent-b_seed42.zip,-0.0537640301576403,0.0,1,0.0,0
13,15000,0.0003,0.99,0.03,1,0.002,1,0.001,0.05,sharpe,100,1e-06,1.0,0.35,0.1,0.1,0.02,1.0,1,0.3656957928802589,0.424812030075188,0.4401294498381877,-0.4474375364742582,0.4180064308681672,0.48507462686567165,0.4887459807073955,-0.05376403015764031,-0.9504615314591907,-0.1766615518128969,0.2549573426941986,38.96882343292236,-0.1476851620527935,-45.63471507431319,-0.002060777717334187,-0.0018160391115168543,0.0,0.0009708737864077672,-0.029167823042392904,0.291678230423929,-0.054331533990778814,-16.89710707113221,-9.155931964400106e-05,-1.1717592282694267e-05,0.0,0.001929260450160772,-0.029471730929431054,0.2947173092943105,-0.4936046522548241,-1.9291348277491795,-3.205486193158801,-0.5404612148448151,-0.09390511738073903,-0.06516213272445434,-0.08579413728499088,-0.46485057723799683,0.4568568792043666,1.8417693046949546,2.4848237072969352,-0.13557738905659378,0.08275643443215785,0.3976988806903395,0.5367961186734007,-0.2288330692157109,D:\code\agentic-development\reinforcement-learning-stocks\data\experiment_snapshots\model_20260401-234531Z_short-ent-confirm_seed13.zip,-0.05157883232469858,0.009917492112821004,5,0.19227833717499654,0
