leaderboard_version,ticker,run_label,seed,timesteps,learning_rate,gamma,ent_coef,include_news,use_stationary_features,threshold,horizon,transaction_cost_rate,trade_penalty,execution_mode,spread_bps,slippage_bps,max_weight_delta_per_step,reward_mode,rolling_reward_window,reward_epsilon,reward_pnl_scale,reward_return_scale,reward_direction_scale,reward_hold_penalty_scale,reward_drawdown_penalty_scale,reward_action_bonus_scale,reward_turnover_penalty_scale,reward_clip,reward_ignore_transaction_cost,val_overall_accuracy,val_actionable_accuracy,val_actionable_support,val_trade_count,val_trade_rate,val_trade_win_rate,val_cumulative_signal_return,test_overall_accuracy,test_actionable_accuracy,test_actionable_support,test_trade_count,test_trade_rate,test_trade_win_rate,test_cumulative_signal_return,val_alpha_vs_qqq,test_alpha_vs_qqq,ranking_score,run_duration_seconds,val_reward_total_mean,val_reward_total_sum,val_reward_portfolio_return_mean,val_reward_direction_mean,val_reward_pnl_mean,val_reward_hold_penalty_mean,val_reward_action_bonus_mean,val_reward_turnover_penalty_mean,val_reward_drawdown_penalty_mean,val_reward_drawdown_mean,test_reward_total_mean,test_reward_total_sum,test_reward_portfolio_return_mean,test_reward_direction_mean,test_reward_pnl_mean,test_reward_hold_penalty_mean,test_reward_action_bonus_mean,test_reward_turnover_penalty_mean,test_reward_drawdown_penalty_mean,test_reward_drawdown_mean,val_cumulative_return,val_sharpe_ratio,val_sortino_ratio,val_max_drawdown,test_cumulative_return,test_sharpe_ratio,test_sortino_ratio,test_max_drawdown,val_benchmark_cumulative_return,val_benchmark_sharpe_ratio,val_benchmark_sortino_ratio,val_benchmark_max_drawdown,test_benchmark_cumulative_return,test_benchmark_sharpe_ratio,test_benchmark_sortino_ratio,test_benchmark_max_drawdown,model_path,test_return_mean_by_config,test_return_std_by_config,config_seed_count,test_return_cv_by_config,high_return_cv_risk,robustness_score
2,NVDA,nvda-next-B-confirm-samebar,123,20000,0.0003,0.99,0.07,0,0,0.002,1,0.001,0.05,same_bar,0.0,0.0,0.0,sortino,100,1e-06,0.0,1.2,0.5,0.1,0.05,0.005,0.05,1.0,0,0.532258064516129,0.5769230769230769,286,304,0.9806451612903224,0.5592105263157895,2.056351998852587,0.0707395498392283,0.0,0,0,0.0,0.0,0.0,0.1984658484442911,-0.1250038340671826,0.6562246963562752,72.51287055015564,0.3459122462810924,107.23279634713865,0.0015858159720422,0.0017392866012827,0.0,-4.1589675413338245e-05,0.0010645161290322,0.0,-0.0010935607993041,0.0218712159860823,0.3200627201338393,99.53950596162404,9.770132305524214e-06,1.105442677162637e-05,0.0,-0.0020767429691706,3.215434083601286e-05,0.0,-2.320096423771604e-08,4.6401928475432084e-07,0.5904071796987171,1.8890677618406944,2.922028977347865,-0.1198610665695378,0.0030380518341064,0.859723311199951,0.0,-0.0001443099975585,0.391941331254426,1.625408332669604,2.208505179591514,-0.1355773890565936,0.128041885901289,0.5431946432399444,0.7349245650013833,-0.228833069215711,D:\code\agentic-development\reinforcement-learning-stocks\data\experiment_snapshots\model_20260413-190521Z_nvda-next-B-confirm-samebar_seed123.zip,-0.1091548501352723,0.3061035752956677,10,2.804305763017609,1,0.586835101473227
2,NVDA,nvda-next-B-confirm-samebar,123,20000,0.0003,0.99,0.07,0,0,0.002,1,0.001,0.05,same_bar,0.0,0.0,0.0,sortino,100,1e-06,0.0,1.2,0.5,0.1,0.05,0.005,0.05,1.0,0,0.532258064516129,0.5769230769230769,286,304,0.9806451612903224,0.5592105263157895,2.056351998852587,0.0707395498392283,0.0,0,0,0.0,0.0,0.0,0.1984658484442911,-0.1250038340671826,0.6562246963562752,65.46535897254944,0.3459122462810924,107.23279634713865,0.0015858159720422,0.0017392866012827,0.0,-4.1589675413338245e-05,0.0010645161290322,0.0,-0.0010935607993041,0.0218712159860823,0.3200627201338393,99.53950596162404,9.770132305524214e-06,1.105442677162637e-05,0.0,-0.0020767429691706,3.215434083601286e-05,0.0,-2.3200964237716043e-08,4.6401928475432084e-07,0.5904071796987171,1.8890677618406944,2.922028977347865,-0.1198610665695378,0.0030380518341064,0.859723311199951,0.0,-0.0001443099975585,0.391941331254426,1.625408332669604,2.208505179591514,-0.1355773890565936,0.128041885901289,0.5431946432399444,0.7349245650013833,-0.228833069215711,D:\code\agentic-development\reinforcement-learning-stocks\data\experiment_snapshots\model_20260413-181718Z_nvda-next-B-confirm-samebar_seed123.zip,-0.1091548501352723,0.3061035752956677,10,2.804305763017609,1,0.586835101473227
2,NVDA,nvda-next-BC-bridge-nextbar,777,20000,0.0003,0.99,0.07,0,0,0.002,1,0.001,0.05,next_bar,1.0,1.0,0.25,sortino,100,1e-06,0.0,1.3,0.55,0.1,0.04,0.007,0.04,1.0,0,0.5451612903225806,0.5833333333333334,288,305,0.9838709677419356,0.5672131147540984,2.0598952750097146,0.4983922829581994,0.5422535211267606,284,305,0.9807073954983924,0.5245901639344263,0.1760276188474354,-0.081581087773235,-0.104197843190894,0.6618306010928963,78.88352251052856,0.3428162098251652,106.2730250458012,0.0008923356008709,0.0010003738340575,0.0,-1.7395123308037414e-05,0.0014,0.0,-0.0004006132880863,0.0100153322021586,0.0645503619897626,20.075162578816183,9.032735851027514e-05,0.0001833506921965,0.0,-1.6078276315793513e-05,0.000652733118971,0.0,-0.0009184869495683,0.0229621737392078,0.3103602434811909,2.2342794449865737,3.659299850965104,-0.0541854367296428,0.0238440427103949,0.2667669626527329,0.3061499471047093,-0.0732193967835189,0.391941331254426,1.625408332669604,2.208505179591514,-0.1355773890565936,0.128041885901289,0.5431946432399444,0.7349245650013833,-0.228833069215711,D:\code\agentic-development\reinforcement-learning-stocks\data\experiment_snapshots\model_20260413-184434Z_nvda-next-BC-bridge-nextbar_seed777.zip,0.1282428856267011,0.1765763468873348,10,1.3768900007547114,1,0.6355879261559311
2,NVDA,nvda-next-B-confirm-samebar,13,20000,0.0003,0.99,0.07,0,0,0.002,1,0.001,0.05,same_bar,0.0,0.0,0.0,sortino,100,1e-06,0.0,1.2,0.5,0.1,0.05,0.005,0.05,1.0,0,0.5451612903225806,0.5787671232876712,292,310,1.0,0.5612903225806452,1.9662270407636635,0.5048231511254019,0.5432525951557093,289,311,1.0,0.5241157556270096,0.2165155292794045,0.4299193688631262,-0.0813863880430481,0.6577706584180292,69.32225251197815,0.3147757425931143,97.58048020386543,0.0020497400110596,0.0021936468091425,0.0,0.0,0.0029677419354838,0.0,-0.0012927009343963,0.025854018687926,0.0724637217021544,22.536217449370035,0.000223967363379,0.0003602036777173,0.0,0.0,0.0008360128617363,0.0,-0.002387780088622,0.0477556017724407,0.8218607001175522,2.139755710254227,3.7714939124314615,-0.1151510258009195,0.0466554978582409,0.2855511479885412,0.3471526076355685,-0.1903415328851988,0.391941331254426,1.625408332669604,2.208505179591514,-0.1355773890565936,0.128041885901289,0.5431946432399444,0.7349245650013833,-0.228833069215711,D:\code\agentic-development\reinforcement-learning-stocks\data\experiment_snapshots\model_20260413-181211Z_nvda-next-B-confirm-samebar_seed13.zip,-0.1091548501352723,0.3061035752956677,10,2.804305763017609,1,0.6198132355769502
2,NVDA,nvda-next-B-confirm-samebar,13,20000,0.0003,0.99,0.07,0,0,0.002,1,0.001,0.05,same_bar,0.0,0.0,0.0,sortino,100,1e-06,0.0,1.2,0.5,0.1,0.05,0.005,0.05,1.0,0,0.5451612903225806,0.5787671232876712,292,310,1.0,0.5612903225806452,1.9662270407636635,0.5048231511254019,0.5432525951557093,289,311,1.0,0.5241157556270096,0.2165155292794045,0.4299193688631262,-0.0813863880430481,0.6577706584180292,72.32389831542969,0.3147757425931143,97.58048020386543,0.0020497400110596,0.0021936468091425,0.0,0.0,0.0029677419354838,0.0,-0.0012927009343963,0.025854018687926,0.0724637217021544,22.536217449370035,0.000223967363379,0.0003602036777173,0.0,0.0,0.0008360128617363,0.0,-0.002387780088622,0.0477556017724407,0.8218607001175522,2.139755710254227,3.7714939124314615,-0.1151510258009195,0.0466554978582409,0.2855511479885412,0.3471526076355685,-0.1903415328851988,0.391941331254426,1.625408332669604,2.208505179591514,-0.1355773890565936,0.128041885901289,0.5431946432399444,0.7349245650013833,-0.228833069215711,D:\code\agentic-development\reinforcement-learning-stocks\data\experiment_snapshots\model_20260413-185909Z_nvda-next-B-confirm-samebar_seed13.zip,-0.1091548501352723,0.3061035752956677,10,2.804305763017609,1,0.6198132355769502
2,NVDA,nvda-next-BC-bridge-nextbar,13,20000,0.0003,0.99,0.07,0,0,0.002,1,0.001,0.05,next_bar,1.0,1.0,0.25,sortino,100,1e-06,0.0,1.3,0.55,0.1,0.04,0.007,0.04,1.0,0,0.5419354838709678,0.5773195876288659,291,309,0.9967741935483873,0.5598705501618123,1.932223946499949,0.4983922829581994,0.5400696864111498,287,309,0.9935691318327974,0.5210355987055016,0.1626413148892862,0.0452197068181736,-0.1111322457834476,0.6566209588629767,71.50857973098755,0.290313141279621,89.99707379668253,0.0012758034007977,0.0015164355054325,0.0,-3.740757965694257e-06,0.002574193548387,0.0,-0.0010792100973998,0.0269802524349955,0.0524208294854217,16.302877969966147,9.899675598876802e-05,0.0001774274643959,0.0,-1.4771473808859056e-05,0.0012829581993569,0.0,-0.0015260622225163,0.0381515555629099,0.4371610380725996,1.3950769915799512,1.8853031205917985,-0.1414416751503242,0.0169096401178414,0.1654700690147161,0.2193963696354726,-0.1115229847359152,0.391941331254426,1.625408332669604,2.208505179591514,-0.1355773890565936,0.128041885901289,0.5431946432399444,0.7349245650013833,-0.228833069215711,D:\code\agentic-development\reinforcement-learning-stocks\data\experiment_snapshots\model_20260413-183441Z_nvda-next-BC-bridge-nextbar_seed13.zip,0.1282428856267011,0.1765763468873348,10,1.3768900007547114,1,0.629876339216199
2,NVDA,nvda-next-B-confirm-samebar,256,20000,0.0003,0.99,0.07,0,0,0.002,1,0.001,0.05,same_bar,0.0,0.0,0.0,sortino,100,1e-06,0.0,1.2,0.5,0.1,0.05,0.005,0.05,1.0,0,0.4709677419354838,0.5899581589958159,239,252,0.8129032258064516,0.5793650793650794,2.0194002273937275,0.3054662379421222,0.5821917808219178,146,158,0.5080385852090032,0.5506329113924051,0.3780137408352912,-0.2171856747704659,-0.079688631399946,0.6687886033074317,73.44449400901794,0.2882092041190037,89.34485327689114,0.0005268765875332,0.0006865429320501,0.0,-0.0003320779821236,0.0004032258064516,0.0,-0.000335332682628,0.0067066536525605,0.1268942204720924,39.46410256682075,0.00015544731575,0.000295467105894,0.0,-0.0009895609990808,3.215434083601286e-05,0.0,-0.0004104521993105,0.0082090439862107,0.17475565648396,2.1400618524191994,2.812924555455312,-0.0368416577528506,0.0483532545013429,0.9191241733623272,0.9314909743390544,-0.0453043281657148,0.391941331254426,1.625408332669604,2.208505179591514,-0.1355773890565936,0.128041885901289,0.5431946432399444,0.7349245650013833,-0.228833069215711,D:\code\agentic-development\reinforcement-learning-stocks\data\experiment_snapshots\model_20260413-190634Z_nvda-next-B-confirm-samebar_seed256.zip,-0.1091548501352723,0.3061035752956677,10,2.804305763017609,1,0.6323883636285661
2,NVDA,nvda-next-B-confirm-samebar,256,20000,0.0003,0.99,0.07,0,0,0.002,1,0.001,0.05,same_bar,0.0,0.0,0.0,sortino,100,1e-06,0.0,1.2,0.5,0.1,0.05,0.005,0.05,1.0,0,0.4709677419354838,0.5899581589958159,239,252,0.8129032258064516,0.5793650793650794,2.0194002273937275,0.3054662379421222,0.5821917808219178,146,158,0.5080385852090032,0.5506329113924051,0.3780137408352912,-0.2171856747704659,-0.079688631399946,0.6687886033074317,67.43389773368835,0.2882092041190037,89.34485327689114,0.0005268765875332,0.0006865429320501,0.0,-0.0003320779821236,0.0004032258064516,0.0,-0.000335332682628,0.0067066536525605,0.1268942204720924,39.46410256682075,0.00015544731575,0.000295467105894,0.0,-0.0009895609990808,3.215434083601286e-05,0.0,-0.0004104521993105,0.0082090439862107,0.17475565648396,2.1400618524191994,2.812924555455312,-0.0368416577528506,0.0483532545013429,0.9191241733623272,0.9314909743390544,-0.0453043281657148,0.391941331254426,1.625408332669604,2.208505179591514,-0.1355773890565936,0.128041885901289,0.5431946432399444,0.7349245650013833,-0.228833069215711,D:\code\agentic-development\reinforcement-learning-stocks\data\experiment_snapshots\model_20260413-181825Z_nvda-next-B-confirm-samebar_seed256.zip,-0.1091548501352723,0.3061035752956677,10,2.804305763017609,1,0.6323883636285661
2,NVDA,nvda-next-BC-bridge-nextbar,101,20000,0.0003,0.99,0.07,0,0,0.002,1,0.001,0.05,next_bar,1.0,1.0,0.25,sortino,100,1e-06,0.0,1.3,0.55,0.1,0.04,0.007,0.04,1.0,0,0.5419354838709678,0.5773195876288659,291,309,0.9967741935483873,0.5598705501618123,1.932223946499949,0.5016077170418006,0.5416666666666666,288,310,0.9967845659163987,0.5225806451612903,0.1761360410511785,0.1482639707385824,0.0600822170934858,0.6566209588629767,71.5091495513916,0.2863697074794959,88.77460931864374,0.0014907343412566,0.001652139301208,0.0,-3.740757965694257e-06,0.0022806451612903,0.0,-0.0010366937495476,0.0259173437386901,0.0975134956984501,30.326697162218,0.0006037556468115,0.0005900343547604,0.0,-1.1039333733143128e-05,0.0012154340836012,0.0,-0.0010496092618509,0.0262402315462725,0.5402053019930084,1.7006753782922277,2.523937565878664,-0.1311173552672607,0.1881241029947749,0.9630722129442676,1.5005936789492198,-0.1099160423462626,0.391941331254426,1.625408332669604,2.208505179591514,-0.1355773890565936,0.128041885901289,0.5431946432399444,0.7349245650013833,-0.228833069215711,D:\code\agentic-development\reinforcement-learning-stocks\data\experiment_snapshots\model_20260413-183924Z_nvda-next-BC-bridge-nextbar_seed101.zip,0.1282428856267011,0.1765763468873348,10,1.3768900007547114,1,0.6470776345166681
2,NVDA,nvda-next-BC-bridge-nextbar,7,20000,0.0003,0.99,0.07,0,0,0.002,1,0.001,0.05,next_bar,1.0,1.0,0.25,sortino,100,1e-06,0.0,1.3,0.55,0.1,0.04,0.007,0.04,1.0,0,0.5419354838709678,0.5773195876288659,291,309,0.9967741935483873,0.5598705501618123,1.932223946499949,0.5016077170418006,0.5454545454545454,286,308,0.990353697749196,0.525974025974026,0.2285752077381695,0.0438997212725773,-0.0258719672487657,0.6566209588629767,73.2589590549469,0.2841355239036152,88.08201241012071,0.0012107584119034,0.0013582268815654,0.0,-3.740757965694257e-06,0.0018064516129032,0.0,-0.0007466645048218,0.0186666126205454,0.111187848996114,34.57942103779146,0.0003416909039559,0.0004128282174075,0.0,-2.48713725792802e-05,0.0008553054662379,0.0,-0.0007501087754758,0.0187527193868969,0.4358410525270033,2.064494672607296,3.34457904100574,-0.0796819154054503,0.1021699186525233,0.713124129438389,0.9401278640853356,-0.093348709469578,0.391941331254426,1.625408332669604,2.208505179591514,-0.1355773890565936,0.128041885901289,0.5431946432399444,0.7349245650013833,-0.228833069215711,D:\code\agentic-development\reinforcement-learning-stocks\data\experiment_snapshots\model_20260413-183330Z_nvda-next-BC-bridge-nextbar_seed7.zip,0.1282428856267011,0.1765763468873348,10,1.3768900007547114,1,0.6386716100218368
2,NVDA,nvda-next-B-confirm-samebar,512,20000,0.0003,0.99,0.07,0,0,0.002,1,0.001,0.05,same_bar,0.0,0.0,0.0,sortino,100,1e-06,0.0,1.2,0.5,0.1,0.05,0.005,0.05,1.0,0,0.5451612903225806,0.5787671232876712,292,310,1.0,0.5612903225806452,1.9662270407636635,0.5048231511254019,0.5432525951557093,289,311,1.0,0.5241157556270096,0.2165155292794045,-0.0906336437381762,-0.106443100479626,0.6577706584180292,71.8173439502716,0.2819342827022865,87.39962763770882,0.0008916188337651,0.0010824982165841,0.0,0.0,0.0011612903225806,0.0,-0.0008314552609731,0.0166291052194638,0.0674445908254689,20.97526774672085,9.871629129503536e-05,0.0001962362214531,0.0,0.0,0.0003858520900321,0.0,-0.0015312474331106,0.0306249486622139,0.3013076875162497,1.5209266015155645,2.162524769225962,-0.0926583560300214,0.021598785421663,0.2006907821400107,0.253767021062281,-0.0772733740386283,0.391941331254426,1.625408332669604,2.208505179591514,-0.1355773890565936,0.128041885901289,0.5431946432399444,0.7349245650013833,-0.228833069215711,D:\code\agentic-development\reinforcement-learning-stocks\data\experiment_snapshots\model_20260413-181937Z_nvda-next-B-confirm-samebar_seed512.zip,-0.1091548501352723,0.3061035752956677,10,2.804305763017609,1,0.6173075643332924
2,NVDA,nvda-next-B-confirm-samebar,512,20000,0.0003,0.99,0.07,0,0,0.002,1,0.001,0.05,same_bar,0.0,0.0,0.0,sortino,100,1e-06,0.0,1.2,0.5,0.1,0.05,0.005,0.05,1.0,0,0.5451612903225806,0.5787671232876712,292,310,1.0,0.5612903225806452,1.9662270407636635,0.5048231511254019,0.5432525951557093,289,311,1.0,0.5241157556270096,0.2165155292794045,-0.0906336437381762,-0.106443100479626,0.6577706584180292,64.05884337425232,0.2819342827022865,87.39962763770882,0.0008916188337651,0.0010824982165841,0.0,0.0,0.0011612903225806,0.0,-0.0008314552609731,0.0166291052194638,0.0674445908254689,20.97526774672085,9.871629129503536e-05,0.0001962362214531,0.0,0.0,0.0003858520900321,0.0,-0.0015312474331106,0.0306249486622139,0.3013076875162497,1.5209266015155645,2.162524769225962,-0.0926583560300214,0.021598785421663,0.2006907821400107,0.253767021062281,-0.0772733740386283,0.391941331254426,1.625408332669604,2.208505179591514,-0.1355773890565936,0.128041885901289,0.5431946432399444,0.7349245650013833,-0.228833069215711,D:\code\agentic-development\reinforcement-learning-stocks\data\experiment_snapshots\model_20260413-190738Z_nvda-next-B-confirm-samebar_seed512.zip,-0.1091548501352723,0.3061035752956677,10,2.804305763017609,1,0.6173075643332924
2,NVDA,nvda-next-B-realistic-nextbar,13,20000,0.0003,0.99,0.07,0,0,0.002,1,0.001,0.05,next_bar,1.0,1.0,0.25,sortino,100,1e-06,0.0,1.2,0.5,0.1,0.05,0.005,0.05,1.0,0,0.5258064516129032,0.5821428571428572,280,298,0.9612903225806452,0.5637583892617449,2.0039719166910963,0.2090032154340836,0.5581395348837209,86,91,0.29260450160771706,0.5384615384615384,0.2572751998935725,-0.26401231164200123,-0.0993123177186015,0.6601989453499522,71.44965147972107,0.27119121827720105,84.06927766593232,0.00039373030731509954,0.0005376645497433588,0.0,-5.7687221268218224e-05,0.00022580645161290324,0.0,-0.00033560754985756516,0.0067121509971513026,0.1320336332874357,41.0624599523925,9.403106509349504e-05,0.00013188653660733642,0.0,-0.0012279675980153846,9.646302250803859e-05,0.0,-0.0002585027999291598,0.005170055998583196,0.12792901961242475,1.91409935313764,3.0352872501669745,-0.03269355213439862,0.02872956818268757,0.6140276811329372,0.5095585802090368,-0.0445598164942298,0.391941331254426,1.625408332669604,2.208505179591514,-0.13557738905659367,0.12804188590128907,0.5431946432399444,0.7349245650013833,-0.228833069215711,D:\code\agentic-development\reinforcement-learning-stocks\data\experiment_snapshots\model_20260413-191117Z_nvda-next-B-realistic-nextbar_seed13.zip,-0.005151967441285332,0.2758458030826103,10,53.54183740994125,1,0.5990675474651351
2,NVDA,nvda-next-B-realistic-nextbar,13,20000,0.0003,0.99,0.07,0,0,0.002,1,0.001,0.05,next_bar,1.0,1.0,0.25,sortino,100,1e-06,0.0,1.2,0.5,0.1,0.05,0.005,0.05,1.0,0,0.5258064516129032,0.5821428571428572,280,298,0.9612903225806452,0.5637583892617449,2.0039719166910963,0.2090032154340836,0.5581395348837209,86,91,0.292604501607717,0.5384615384615384,0.2572751998935725,-0.2640123116420012,-0.0993123177186015,0.6601989453499522,75.8242654800415,0.271191218277201,84.06927766593232,0.000393730307315,0.0005376645497433,0.0,-5.7687221268218224e-05,0.0002258064516129,0.0,-0.0003356075498575,0.0067121509971513,0.1320336332874357,41.0624599523925,9.403106509349504e-05,0.0001318865366073,0.0,-0.0012279675980153,9.64630225080386e-05,0.0,-0.0002585027999291,0.0051700559985831,0.1279290196124247,1.91409935313764,3.0352872501669745,-0.0326935521343986,0.0287295681826875,0.6140276811329372,0.5095585802090368,-0.0445598164942298,0.391941331254426,1.625408332669604,2.208505179591514,-0.1355773890565936,0.128041885901289,0.5431946432399444,0.7349245650013833,-0.228833069215711,D:\code\agentic-development\reinforcement-learning-stocks\data\experiment_snapshots\model_20260413-182327Z_nvda-next-B-realistic-nextbar_seed13.zip,-0.0051519674412853,0.2758458030826103,10,53.54183740994125,1,0.5990675474651351
2,NVDA,nvda-next-BC-bridge-nextbar,512,20000,0.0003,0.99,0.07,0,0,0.002,1,0.001,0.05,next_bar,1.0,1.0,0.25,sortino,100,1e-06,0.0,1.3,0.55,0.1,0.04,0.007,0.04,1.0,0,0.5419354838709678,0.5773195876288659,291,309,0.9967741935483873,0.5598705501618123,1.932223946499949,0.5016077170418006,0.5416666666666666,288,310,0.9967845659163987,0.5225806451612903,0.1761360410511785,0.4966175035316766,-0.0159579957367557,0.6566209588629767,79.23728919029236,0.2653646803295745,82.26305090216812,0.0022453093615211,0.0025143493782315,0.0,-3.740757965694257e-06,0.0050129032258064,0.0,-0.0016208593241192,0.040521483102981,0.0758379870739331,23.585613979993223,0.0004881543494373,0.0005100030700135,0.0,-1.1039333733143128e-05,0.0023408360128617,0.0,-0.0021686127573738,0.0542153189343453,0.8885588347861026,1.810467660090564,2.845894506247737,-0.1649225868470428,0.1120838901645333,0.4539499595264608,0.5557113136340874,-0.2280944283240012,0.391941331254426,1.625408332669604,2.208505179591514,-0.1355773890565936,0.128041885901289,0.5431946432399444,0.7349245650013833,-0.228833069215711,D:\code\agentic-development\reinforcement-learning-stocks\data\experiment_snapshots\model_20260413-184315Z_nvda-next-BC-bridge-nextbar_seed512.zip,0.1282428856267011,0.1765763468873348,10,1.3768900007547114,1,0.6394736132336439
2,NVDA,nvda-next-BC-bridge-nextbar,21,20000,0.0003,0.99,0.07,0,0,0.002,1,0.001,0.05,next_bar,1.0,1.0,0.25,sortino,100,1e-06,0.0,1.3,0.55,0.1,0.04,0.007,0.04,1.0,0,0.5419354838709678,0.5773195876288659,291,309,0.9967741935483873,0.5598705501618123,1.932223946499949,0.5016077170418006,0.5416666666666666,288,310,0.9967845659163987,0.5225806451612903,0.1761360410511785,0.1079254320785818,-0.0614310507133537,0.6566209588629767,71.22260427474976,0.2604988427913188,80.75464126530883,0.0013859112122686,0.0015110238402078,0.0,-3.740757965694257e-06,0.001874193548387,0.0,-0.0009296503121884,0.0232412578047113,0.0853729832751411,26.550997798568904,0.0002468483386326,0.0003247252722339,0.0,-1.1039333733143128e-05,0.0006302250803858,0.0,-0.0012409127858917,0.0310228196472932,0.4998667633330078,1.764058250934808,2.778122143119803,-0.1147428362417098,0.0666108351879353,0.4406653921489948,0.6152163121916183,-0.1145625037962557,0.391941331254426,1.625408332669604,2.208505179591514,-0.1355773890565936,0.128041885901289,0.5431946432399444,0.7349245650013833,-0.228833069215711,D:\code\agentic-development\reinforcement-learning-stocks\data\experiment_snapshots\model_20260413-183552Z_nvda-next-BC-bridge-nextbar_seed21.zip,0.1282428856267011,0.1765763468873348,10,1.3768900007547114,1,0.6349263077359841
2,NVDA,nvda-next-BC-bridge-nextbar,123,20000,0.0003,0.99,0.07,0,0,0.002,1,0.001,0.05,next_bar,1.0,1.0,0.25,sortino,100,1e-06,0.0,1.3,0.55,0.1,0.04,0.007,0.04,1.0,0,0.5419354838709678,0.5773195876288659,291,309,0.9967741935483873,0.5598705501618123,1.932223946499949,0.5016077170418006,0.5416666666666666,288,310,0.9967845659163987,0.5225806451612903,0.1761360410511785,0.501952734231194,0.0341919173153844,0.6566209588629767,72.25966286659241,0.25365064412299,78.63169967812689,0.0022478802992993,0.0023979631660841,0.0,-3.740757965694257e-06,0.0027096774193548,0.0,-0.0016166605426343,0.0404165135658587,0.0889585738328915,27.66611646202928,0.0006182837382318,0.0006700030269419,0.0,-1.1039333733143128e-05,0.0009228295819935,0.0,-0.0018752822058611,0.0468820551465298,0.89389406548562,1.8457885725398424,2.9048138051940446,-0.1671267153428673,0.1622338032166734,0.59781248250442,0.7857826825064729,-0.2037949104344522,0.391941331254426,1.625408332669604,2.208505179591514,-0.1355773890565936,0.128041885901289,0.5431946432399444,0.7349245650013833,-0.228833069215711,D:\code\agentic-development\reinforcement-learning-stocks\data\experiment_snapshots\model_20260413-184036Z_nvda-next-BC-bridge-nextbar_seed123.zip,0.1282428856267011,0.1765763468873348,10,1.3768900007547114,1,0.644488604538858
2,NVDA,nvda-next-BC-bridge-nextbar,256,20000,0.0003,0.99,0.07,0,0,0.002,1,0.001,0.05,next_bar,1.0,1.0,0.25,sortino,100,1e-06,0.0,1.3,0.55,0.1,0.04,0.007,0.04,1.0,0,0.3612903225806451,0.5638297872340425,188,200,0.6451612903225806,0.555,1.228620439367155,0.1446945337620578,0.6341463414634146,41,44,0.1414790996784566,0.5909090909090909,0.330311396459825,-0.2994274411725766,-0.0974598331546319,0.6484148936170213,79.63812708854675,0.2490173138581297,77.19536729602021,0.0002889044728102,0.0004224201425634,0.0,-0.0007331806697271,0.0007903225806451,0.0,-0.0001693885452277,0.0042347136306945,0.1542127817572545,47.96017512650618,9.833071206179787e-05,0.0001248386808784,0.0,-0.0016531114553777,0.000225080385852,0.0,-2.392502869451688e-05,0.0005981257173629,0.0925138900818494,1.747761951246375,2.31505722539252,-0.0270506359170845,0.0305820527466571,0.9103590301333238,0.5356000011582163,-0.0193509164065661,0.391941331254426,1.625408332669604,2.208505179591514,-0.1355773890565936,0.128041885901289,0.5431946432399444,0.7349245650013833,-0.228833069215711,D:\code\agentic-development\reinforcement-learning-stocks\data\experiment_snapshots\model_20260413-184156Z_nvda-next-BC-bridge-nextbar_seed256.zip,0.1282428856267011,0.1765763468873348,10,1.3768900007547114,1,0.6213841825825424
2,NVDA,nvda-next-B-realistic-nextbar,7,20000,0.0003,0.99,0.07,0,0,0.002,1,0.001,0.05,next_bar,1.0,1.0,0.25,sortino,100,1e-06,0.0,1.2,0.5,0.1,0.05,0.005,0.05,1.0,0,0.15806451612903225,0.660377358490566,53,57,0.18387096774193548,0.631578947368421,0.8279395591979379,0.0707395498392283,0.0,0,0,0.0,0.0,0.0,-0.31097141019454466,-0.12804188590128907,0.6852502752953968,74.27847099304199,0.24578031180091056,76.19189665828227,0.0002527700427433032,0.0003078158260609717,0.0,-0.0019259565868558794,0.00022580645161290321,0.0,-4.947830160720969e-05,0.0009895660321441934,-0.002076742969170624,-0.645867063412064,0.0,0.0,0.0,-0.002076742969170624,0.0,0.0,0.0,0.0,0.08096992105988132,2.249001388422317,2.908579578050852,-0.01077264391210686,0.0,0.0,0.0,0.0,0.391941331254426,1.625408332669604,2.208505179591514,-0.13557738905659367,0.12804188590128907,0.5431946432399444,0.7349245650013833,-0.228833069215711,D:\code\agentic-development\reinforcement-learning-stocks\data\experiment_snapshots\model_20260413-191005Z_nvda-next-B-realistic-nextbar_seed7.zip,-0.005151967441285332,0.2758458030826103,10,53.54183740994125,1,0.5894272187807396
2,NVDA,nvda-next-B-realistic-nextbar,7,20000,0.0003,0.99,0.07,0,0,0.002,1,0.001,0.05,next_bar,1.0,1.0,0.25,sortino,100,1e-06,0.0,1.2,0.5,0.1,0.05,0.005,0.05,1.0,0,0.1580645161290322,0.660377358490566,53,57,0.1838709677419354,0.631578947368421,0.8279395591979379,0.0707395498392283,0.0,0,0,0.0,0.0,0.0,-0.3109714101945446,-0.128041885901289,0.6852502752953968,79.05320310592651,0.2457803118009105,76.19189665828227,0.0002527700427433,0.0003078158260609,0.0,-0.0019259565868558,0.0002258064516129,0.0,-4.947830160720969e-05,0.0009895660321441,-0.0020767429691706,-0.645867063412064,0.0,0.0,0.0,-0.0020767429691706,0.0,0.0,0.0,0.0,0.0809699210598813,2.249001388422317,2.908579578050852,-0.0107726439121068,0.0,0.0,0.0,0.0,0.391941331254426,1.625408332669604,2.208505179591514,-0.1355773890565936,0.128041885901289,0.5431946432399444,0.7349245650013833,-0.228833069215711,D:\code\agentic-development\reinforcement-learning-stocks\data\experiment_snapshots\model_20260413-182211Z_nvda-next-B-realistic-nextbar_seed7.zip,-0.0051519674412853,0.2758458030826103,10,53.54183740994125,1,0.5894272187807396
2,NVDA,nvda-next-B-realistic-nextbar,512,20000,0.0003,0.99,0.07,0,0,0.002,1,0.001,0.05,next_bar,1.0,1.0,0.25,sortino,100,1e-06,0.0,1.2,0.5,0.1,0.05,0.005,0.05,1.0,0,0.5419354838709678,0.5773195876288659,291,309,0.9967741935483871,0.5598705501618123,1.932223946499949,0.5016077170418006,0.5416666666666666,288,310,0.9967845659163987,0.5225806451612903,0.17613604105117853,0.49028933559070076,0.06817532979512841,0.6566209588629767,74.50587010383606,0.23591317590581298,73.13308453080202,0.0022955557168578057,0.002567977890945057,0.0,-3.740757965694257e-06,0.003919354838709677,0.0,-0.0025944922483812256,0.051889844967624506,0.1043047358235213,32.438772841115124,0.0008167140458183544,0.0008904052865664719,0.0,-1.1039333733143128e-05,0.002684887459807074,0.0,-0.003155732872112419,0.06311465744224837,0.8822306668451267,1.6116609037531016,2.5447110814530753,-0.1948114173415041,0.19621721569641748,0.5927437654934358,0.7534661391241769,-0.2779263900153256,0.391941331254426,1.625408332669604,2.208505179591514,-0.13557738905659367,0.12804188590128907,0.5431946432399444,0.7349245650013833,-0.228833069215711,D:\code\agentic-development\reinforcement-learning-stocks\data\experiment_snapshots\model_20260413-191936Z_nvda-next-B-realistic-nextbar_seed512.zip,-0.005151967441285332,0.2758458030826103,10,53.54183740994125,1,0.6116558457943795
2,NVDA,nvda-next-B-realistic-nextbar,512,20000,0.0003,0.99,0.07,0,0,0.002,1,0.001,0.05,next_bar,1.0,1.0,0.25,sortino,100,1e-06,0.0,1.2,0.5,0.1,0.05,0.005,0.05,1.0,0,0.5419354838709678,0.5773195876288659,291,309,0.9967741935483873,0.5598705501618123,1.932223946499949,0.5016077170418006,0.5416666666666666,288,310,0.9967845659163987,0.5225806451612903,0.1761360410511785,0.4902893355907007,0.0681753297951284,0.6566209588629767,58.99991583824158,0.2359131759058129,73.13308453080202,0.0022955557168578,0.002567977890945,0.0,-3.740757965694257e-06,0.0039193548387096,0.0,-0.0025944922483812,0.0518898449676245,0.1043047358235213,32.438772841115124,0.0008167140458183,0.0008904052865664,0.0,-1.1039333733143128e-05,0.002684887459807,0.0,-0.0031557328721124,0.0631146574422483,0.8822306668451267,1.6116609037531016,2.544711081453076,-0.1948114173415041,0.1962172156964174,0.5927437654934358,0.7534661391241769,-0.2779263900153256,0.391941331254426,1.625408332669604,2.208505179591514,-0.1355773890565936,0.128041885901289,0.5431946432399444,0.7349245650013833,-0.228833069215711,D:\code\agentic-development\reinforcement-learning-stocks\data\experiment_snapshots\model_20260413-183111Z_nvda-next-B-realistic-nextbar_seed512.zip,-0.0051519674412853,0.2758458030826103,10,53.54183740994125,1,0.6116558457943795
2,NVDA,nvda-next-B-realistic-nextbar,777,20000,0.0003,0.99,0.07,0,0,0.002,1,0.001,0.05,next_bar,1.0,1.0,0.25,sortino,100,1e-06,0.0,1.2,0.5,0.1,0.05,0.005,0.05,1.0,0,0.535483870967742,0.5749128919860628,287,304,0.9806451612903225,0.555921052631579,1.8447162657307006,0.5016077170418006,0.5454545454545454,286,308,0.9903536977491961,0.525974025974026,0.22636903742023273,-0.058321104886272845,-0.04921104510750052,0.654232761782505,74.759202003479,0.22093143256219422,68.48874409428021,0.0009851094857449534,0.0012559451432518057,0.0,-2.4091873396757634e-05,0.0024838709677419356,0.0,-0.001386029299183317,0.02772058598366634,0.06488302634279251,20.17862119260847,0.0002717206180841519,0.000274044221470401,0.0,-2.4308754974211483e-05,0.0012379421221864952,0.0,-0.0008574266447517854,0.017148532895035703,0.33362022636815314,1.476233855992812,2.239957297531299,-0.11953681462841625,0.07883084079378855,0.5776481342345107,0.844597809064389,-0.0957669689822781,0.391941331254426,1.625408332669604,2.208505179591514,-0.13557738905659367,0.12804188590128907,0.5431946432399444,0.7349245650013833,-0.228833069215711,D:\code\agentic-development\reinforcement-learning-stocks\data\experiment_snapshots\model_20260413-192051Z_nvda-next-B-realistic-nextbar_seed777.zip,-0.005151967441285332,0.2758458030826103,10,53.54183740994125,1,0.5978387399451791
2,NVDA,nvda-next-B-realistic-nextbar,777,20000,0.0003,0.99,0.07,0,0,0.002,1,0.001,0.05,next_bar,1.0,1.0,0.25,sortino,100,1e-06,0.0,1.2,0.5,0.1,0.05,0.005,0.05,1.0,0,0.535483870967742,0.5749128919860628,287,304,0.9806451612903224,0.555921052631579,1.8447162657307008,0.5016077170418006,0.5454545454545454,286,308,0.990353697749196,0.525974025974026,0.2263690374202327,-0.0583211048862728,-0.0492110451075005,0.654232761782505,61.9010865688324,0.2209314325621942,68.48874409428021,0.0009851094857449,0.0012559451432518,0.0,-2.409187339675764e-05,0.0024838709677419,0.0,-0.0013860292991833,0.0277205859836663,0.0648830263427925,20.17862119260847,0.0002717206180841,0.0002740442214704,0.0,-2.4308754974211483e-05,0.0012379421221864,0.0,-0.0008574266447517,0.0171485328950357,0.3336202263681531,1.476233855992812,2.239957297531299,-0.1195368146284162,0.0788308407937885,0.5776481342345107,0.844597809064389,-0.0957669689822781,0.391941331254426,1.625408332669604,2.208505179591514,-0.1355773890565936,0.128041885901289,0.5431946432399444,0.7349245650013833,-0.228833069215711,D:\code\agentic-development\reinforcement-learning-stocks\data\experiment_snapshots\model_20260413-183213Z_nvda-next-B-realistic-nextbar_seed777.zip,-0.0051519674412853,0.2758458030826103,10,53.54183740994125,1,0.5978387399451791
2,NVDA,nvda-next-B-realistic-nextbar,42,20000,0.0003,0.99,0.07,0,0,0.002,1,0.001,0.05,next_bar,1.0,1.0,0.25,sortino,100,1e-06,0.0,1.2,0.5,0.1,0.05,0.005,0.05,1.0,0,0.5387096774193548,0.5798611111111112,288,306,0.9870967741935484,0.5620915032679739,1.9768442563475177,0.5016077170418006,0.5422535211267606,284,304,0.977491961414791,0.5230263157894737,0.19302429913589614,-0.2740065717434048,-0.1211773094428168,0.6585580065359478,73.08951210975647,0.18100359492660575,56.111114427247784,0.0003887469110429558,0.0005851745651257844,0.0,-1.3582709701602228e-05,0.0018225806451612906,0.0,-0.0009736580147109169,0.019473160294218337,0.05531263825514819,17.20223049735109,4.762505767566083e-05,0.00013531700438340218,0.0,-3.056218873374507e-05,0.001302250803858521,0.0,-0.0016874267976372398,0.033748535952744796,0.11793475951102117,0.8082784849543252,1.082833090955716,-0.08841360131072307,0.006864576458472271,0.1057891428545777,0.1289907338823072,-0.08621010032414911,0.391941331254426,1.625408332669604,2.208505179591514,-0.13557738905659367,0.12804188590128907,0.5431946432399444,0.7349245650013833,-0.228833069215711,D:\code\agentic-development\reinforcement-learning-stocks\data\experiment_snapshots\model_20260413-191341Z_nvda-next-B-realistic-nextbar_seed42.zip,-0.005151967441285332,0.2758458030826103,10,53.54183740994125,1,0.5945598960924485
2,NVDA,nvda-next-B-realistic-nextbar,42,20000,0.0003,0.99,0.07,0,0,0.002,1,0.001,0.05,next_bar,1.0,1.0,0.25,sortino,100,1e-06,0.0,1.2,0.5,0.1,0.05,0.005,0.05,1.0,0,0.5387096774193548,0.5798611111111112,288,306,0.9870967741935484,0.5620915032679739,1.9768442563475177,0.5016077170418006,0.5422535211267606,284,304,0.977491961414791,0.5230263157894737,0.1930242991358961,-0.2740065717434048,-0.1211773094428168,0.6585580065359478,73.069415807724,0.1810035949266057,56.11111442724778,0.0003887469110429,0.0005851745651257,0.0,-1.3582709701602228e-05,0.0018225806451612,0.0,-0.0009736580147109,0.0194731602942183,0.0553126382551481,17.20223049735109,4.762505767566083e-05,0.0001353170043834,0.0,-3.056218873374507e-05,0.0013022508038585,0.0,-0.0016874267976372,0.0337485359527447,0.1179347595110211,0.8082784849543252,1.082833090955716,-0.088413601310723,0.0068645764584722,0.1057891428545777,0.1289907338823072,-0.0862101003241491,0.391941331254426,1.625408332669604,2.208505179591514,-0.1355773890565936,0.128041885901289,0.5431946432399444,0.7349245650013833,-0.228833069215711,D:\code\agentic-development\reinforcement-learning-stocks\data\experiment_snapshots\model_20260413-182556Z_nvda-next-B-realistic-nextbar_seed42.zip,-0.0051519674412853,0.2758458030826103,10,53.54183740994125,1,0.5945598960924485
2,NVDA,nvda-next-BC-bridge-nextbar,42,20000,0.0003,0.99,0.07,0,0,0.002,1,0.001,0.05,next_bar,1.0,1.0,0.25,sortino,100,1e-06,0.0,1.3,0.55,0.1,0.04,0.007,0.04,1.0,0,0.0580645161290322,0.0,0,0,0.0,0.0,0.0,0.0707395498392283,0.0,0,0,0.0,0.0,0.0,-0.391941331254426,-0.128041885901289,0.0,69.53337502479553,-0.002344341570665,-0.7267458869061614,0.0,0.0,0.0,-0.002344341570665,0.0,0.0,0.0,0.0,-0.0020767429691706,-0.645867063412064,0.0,0.0,0.0,-0.0020767429691706,0.0,0.0,0.0,0.0,0.0,0.0,0.0,0.0,0.0,0.0,0.0,0.0,0.391941331254426,1.625408332669604,2.208505179591514,-0.1355773890565936,0.128041885901289,0.5431946432399444,0.7349245650013833,-0.228833069215711,D:\code\agentic-development\reinforcement-learning-stocks\data\experiment_snapshots\model_20260413-183702Z_nvda-next-BC-bridge-nextbar_seed42.zip,0.1282428856267011,0.1765763468873348,10,1.3768900007547114,1,-0.026573088597676
2,NVDA,nvda-next-B-confirm-samebar,21,20000,0.0003,0.99,0.07,0,0,0.002,1,0.001,0.05,same_bar,0.0,0.0,0.0,sortino,100,1e-06,0.0,1.2,0.5,0.1,0.05,0.005,0.05,1.0,0,0.0580645161290322,0.0,0,0,0.0,0.0,0.0,0.0707395498392283,0.0,0,0,0.0,0.0,0.0,-0.4866794956170038,-0.1553617860596912,0.0,58.89489126205444,-0.0979533179523504,-30.365528565228644,-0.000315422641542,-9.681979923184256e-05,0.0,-0.002344341570665,0.0001290322580645,0.0,-0.0032073724753899,0.0641474495077982,-0.0642933872803642,-19.995243444193285,-8.049125485065288e-05,-8.32331326646751e-05,0.0,-0.0020767429691706,0.000144694533762,0.0,-0.0028586548679035,0.0571730973580717,-0.0947381643625778,-1.4378393701412668,-2.150131041760269,-0.1162054435832854,-0.0273199001584021,-0.295412142611645,-0.4917209988329514,-0.1065746957096733,0.391941331254426,1.625408332669604,2.208505179591514,-0.1355773890565936,0.128041885901289,0.5431946432399444,0.7349245650013833,-0.228833069215711,D:\code\agentic-development\reinforcement-learning-stocks\data\experiment_snapshots\model_20260413-181310Z_nvda-next-B-confirm-samebar_seed21.zip,-0.1091548501352723,0.3061035752956677,10,2.804305763017609,1,-0.0435792362361452
2,NVDA,nvda-next-B-confirm-samebar,21,20000,0.0003,0.99,0.07,0,0,0.002,1,0.001,0.05,same_bar,0.0,0.0,0.0,sortino,100,1e-06,0.0,1.2,0.5,0.1,0.05,0.005,0.05,1.0,0,0.0580645161290322,0.0,0,0,0.0,0.0,0.0,0.0707395498392283,0.0,0,0,0.0,0.0,0.0,-0.4866794956170038,-0.1553617860596912,0.0,67.59734153747559,-0.0979533179523504,-30.365528565228644,-0.000315422641542,-9.681979923184256e-05,0.0,-0.002344341570665,0.0001290322580645,0.0,-0.0032073724753899,0.0641474495077982,-0.0642933872803642,-19.995243444193285,-8.049125485065288e-05,-8.32331326646751e-05,0.0,-0.0020767429691706,0.000144694533762,0.0,-0.0028586548679035,0.0571730973580717,-0.0947381643625778,-1.4378393701412668,-2.150131041760269,-0.1162054435832854,-0.0273199001584021,-0.295412142611645,-0.4917209988329514,-0.1065746957096733,0.391941331254426,1.625408332669604,2.208505179591514,-0.1355773890565936,0.128041885901289,0.5431946432399444,0.7349245650013833,-0.228833069215711,D:\code\agentic-development\reinforcement-learning-stocks\data\experiment_snapshots\model_20260413-190016Z_nvda-next-B-confirm-samebar_seed21.zip,-0.1091548501352723,0.3061035752956677,10,2.804305763017609,1,-0.0435792362361452
2,NVDA,nvda-next-B-realistic-nextbar,84,20000,0.0003,0.99,0.07,0,0,0.002,1,0.001,0.05,next_bar,1.0,1.0,0.25,sortino,100,1e-06,0.0,1.2,0.5,0.1,0.05,0.005,0.05,1.0,0,0.3354838709677419,0.4611872146118721,219,234,0.7548387096774194,0.4700854700854701,-0.5932797651724602,0.3633440514469453,0.5555555555555556,189,203,0.6527331189710611,0.5320197044334976,0.3063686620552992,-0.6425178497451132,-0.1077612970009647,0.252963295297085,77.20615220069885,-0.1497965903479299,-46.43694300785827,-0.0008991865152462,-0.0006646792523616,0.0,-0.000575679514545,0.0008548387096774,0.0,-0.0067587615745288,0.1351752314905767,0.0791343902143882,24.610795356674743,7.119848667419852e-05,0.0001934862615434,0.0,-0.0006194941385567,0.0017363344051446,0.0,-0.0007936166288313,0.015872332576626,-0.2505765184906872,-1.8206523892904267,-2.271903145996322,-0.2875295843719609,0.0202805889003243,0.3104552236836221,0.3577459800788028,-0.0609353788452938,0.391941331254426,1.625408332669604,2.208505179591514,-0.1355773890565936,0.128041885901289,0.5431946432399444,0.7349245650013833,-0.228833069215711,D:\code\agentic-development\reinforcement-learning-stocks\data\experiment_snapshots\model_20260413-182713Z_nvda-next-B-realistic-nextbar_seed84.zip,-0.0051519674412853,0.2758458030826103,10,53.54183740994125,1,0.1874687485498044
2,NVDA,nvda-next-B-realistic-nextbar,84,20000,0.0003,0.99,0.07,0,0,0.002,1,0.001,0.05,next_bar,1.0,1.0,0.25,sortino,100,1e-06,0.0,1.2,0.5,0.1,0.05,0.005,0.05,1.0,0,0.33548387096774196,0.4611872146118721,219,234,0.7548387096774194,0.4700854700854701,-0.5932797651724602,0.3633440514469453,0.5555555555555556,189,203,0.6527331189710611,0.5320197044334976,0.3063686620552992,-0.6425178497451132,-0.1077612970009647,0.25296329529708506,70.45153045654297,-0.1497965903479299,-46.43694300785827,-0.0008991865152462484,-0.0006646792523616764,0.0,-0.0005756795145450633,0.0008548387096774194,0.0,-0.00675876157452884,0.13517523149057678,0.07913439021438826,24.610795356674746,7.119848667419852e-05,0.0001934862615434108,0.0,-0.0006194941385567422,0.0017363344051446947,0.0,-0.0007936166288313025,0.015872332576626045,-0.2505765184906872,-1.8206523892904267,-2.271903145996322,-0.28752958437196097,0.02028058890032436,0.3104552236836221,0.3577459800788028,-0.060935378845293875,0.391941331254426,1.625408332669604,2.208505179591514,-0.13557738905659367,0.12804188590128907,0.5431946432399444,0.7349245650013833,-0.228833069215711,D:\code\agentic-development\reinforcement-learning-stocks\data\experiment_snapshots\model_20260413-191451Z_nvda-next-B-realistic-nextbar_seed84.zip,-0.005151967441285332,0.2758458030826103,10,53.54183740994125,1,0.1874687485498044
2,NVDA,nvda-next-B-confirm-samebar,42,20000,0.0003,0.99,0.07,0,0,0.002,1,0.001,0.05,same_bar,0.0,0.0,0.0,sortino,100,1e-06,0.0,1.2,0.5,0.1,0.05,0.005,0.05,1.0,0,0.1483870967741935,0.3626373626373626,91,96,0.3096774193548387,0.375,-0.4663825346547883,0.2668810289389067,0.423728813559322,177,191,0.6141479099678456,0.450261780104712,-0.3920206359253506,-0.6862288515925739,-0.4165526364661989,0.2005421743877236,80.41319537162781,-0.1657916572896435,-51.39541375978951,-0.0010916781904487,-0.0009558838651923,0.0,-0.0017411000730358,0.0005806451612903,0.0,-0.0141824650464469,0.2836493009289386,-0.0814419684133348,-25.32845217654713,-0.0008713356634889,-0.0007977149314935,0.0,-0.0007058831017207,0.0005787781350482,0.0,-0.0163618418946769,0.3272368378935388,-0.2942875203381478,-2.1461491258777543,-1.9374018974233855,-0.3494616151399196,-0.2885107505649098,-0.6579763491078425,-0.7957124731317327,-0.4653765530907369,0.391941331254426,1.625408332669604,2.208505179591514,-0.1355773890565936,0.128041885901289,0.5431946432399444,0.7349245650013833,-0.228833069215711,D:\code\agentic-development\reinforcement-learning-stocks\data\experiment_snapshots\model_20260413-190136Z_nvda-next-B-confirm-samebar_seed42.zip,-0.1091548501352723,0.3061035752956677,10,2.804305763017609,1,0.1277892805648296
2,NVDA,nvda-next-B-confirm-samebar,42,20000,0.0003,0.99,0.07,0,0,0.002,1,0.001,0.05,same_bar,0.0,0.0,0.0,sortino,100,1e-06,0.0,1.2,0.5,0.1,0.05,0.005,0.05,1.0,0,0.1483870967741935,0.3626373626373626,91,96,0.3096774193548387,0.375,-0.4663825346547883,0.2668810289389067,0.423728813559322,177,191,0.6141479099678456,0.450261780104712,-0.3920206359253506,-0.6862288515925739,-0.4165526364661989,0.2005421743877236,60.32419681549072,-0.1657916572896435,-51.39541375978951,-0.0010916781904487,-0.0009558838651923,0.0,-0.0017411000730358,0.0005806451612903,0.0,-0.0141824650464469,0.2836493009289386,-0.0814419684133348,-25.32845217654713,-0.0008713356634889,-0.0007977149314935,0.0,-0.0007058831017207,0.0005787781350482,0.0,-0.0163618418946769,0.3272368378935388,-0.2942875203381478,-2.1461491258777543,-1.9374018974233853,-0.3494616151399196,-0.2885107505649098,-0.6579763491078425,-0.7957124731317327,-0.4653765530907369,0.391941331254426,1.625408332669604,2.208505179591514,-0.1355773890565936,0.128041885901289,0.5431946432399444,0.7349245650013833,-0.228833069215711,D:\code\agentic-development\reinforcement-learning-stocks\data\experiment_snapshots\model_20260413-181410Z_nvda-next-B-confirm-samebar_seed42.zip,-0.1091548501352723,0.3061035752956677,10,2.804305763017609,1,0.1277892805648296
2,NVDA,nvda-next-B-realistic-nextbar,101,20000,0.0003,0.99,0.07,0,0,0.002,1,0.001,0.05,next_bar,1.0,1.0,0.25,sortino,100,1e-06,0.0,1.2,0.5,0.1,0.05,0.005,0.05,1.0,0,0.1709677419354838,0.4020618556701031,97,101,0.3258064516129032,0.4059405940594059,-0.3534031296045733,0.2733118971061093,0.4895104895104895,143,150,0.4823151125401929,0.5,-0.1319782390820593,-0.5568067006686586,-0.1339150718723528,0.2521324801319586,60.65611529350281,-0.1777013284326099,-55.08741181410909,-0.0005725334650976,-0.0003235760619252,0.0,-0.0016238644854369,0.0004193548387096,0.0,-0.0052961508147872,0.1059230162957458,-0.0143924386240234,-4.4760484120712825,-2.61049372216397e-06,-5.3094956829186734e-05,0.0,-0.0009639970104881,0.0003215434083601,0.0,-0.0039701056998646,0.0794021139972921,-0.1648653694142325,-2.2103028984142954,-3.0442508489056275,-0.1879688343861817,-0.0058731859710637,-0.0072331555240088,-0.0111010765277146,-0.130190166867896,0.391941331254426,1.625408332669604,2.208505179591514,-0.1355773890565936,0.128041885901289,0.5431946432399444,0.7349245650013833,-0.228833069215711,D:\code\agentic-development\reinforcement-learning-stocks\data\experiment_snapshots\model_20260413-182814Z_nvda-next-B-realistic-nextbar_seed101.zip,-0.0051519674412853,0.2758458030826103,10,53.54183740994125,1,0.184368541252704
2,NVDA,nvda-next-B-realistic-nextbar,101,20000,0.0003,0.99,0.07,0,0,0.002,1,0.001,0.05,next_bar,1.0,1.0,0.25,sortino,100,1e-06,0.0,1.2,0.5,0.1,0.05,0.005,0.05,1.0,0,0.17096774193548386,0.4020618556701031,97,101,0.3258064516129032,0.40594059405940597,-0.3534031296045733,0.2733118971061093,0.48951048951048953,143,150,0.48231511254019294,0.5,-0.1319782390820593,-0.5568067006686586,-0.13391507187235285,0.25213248013195866,68.13917922973633,-0.17770132843260997,-55.08741181410909,-0.0005725334650976441,-0.00032357606192523936,0.0,-0.0016238644854369017,0.00041935483870967743,0.0,-0.005296150814787291,0.1059230162957458,-0.014392438624023417,-4.4760484120712825,-2.61049372216397e-06,-5.3094956829186734e-05,0.0,-0.0009639970104881814,0.0003215434083601286,0.0,-0.00397010569986461,0.07940211399729219,-0.16486536941423258,-2.2103028984142954,-3.0442508489056275,-0.18796883438618173,-0.005873185971063788,-0.0072331555240088205,-0.011101076527714613,-0.13019016686789608,0.391941331254426,1.625408332669604,2.208505179591514,-0.13557738905659367,0.12804188590128907,0.5431946432399444,0.7349245650013833,-0.228833069215711,D:\code\agentic-development\reinforcement-learning-stocks\data\experiment_snapshots\model_20260413-191600Z_nvda-next-B-realistic-nextbar_seed101.zip,-0.005151967441285332,0.2758458030826103,10,53.54183740994125,1,0.18436854125270408
2,NVDA,nvda-next-B-realistic-nextbar,256,20000,0.0003,0.99,0.07,0,0,0.002,1,0.001,0.05,next_bar,1.0,1.0,0.25,sortino,100,1e-06,0.0,1.2,0.5,0.1,0.05,0.005,0.05,1.0,0,0.2967741935483871,0.4146341463414634,205,216,0.6967741935483871,0.4212962962962963,-0.7160415121184729,0.4244372990353697,0.4564459930313589,287,308,0.990353697749196,0.474025974025974,-0.3714797489387396,-0.7424098929969483,-0.2747655243565445,0.1904976596359259,59.0577712059021,-0.2128457206486361,-65.9821734010772,-0.0013367573663024,-0.0011800474816976,0.0,-0.0006363339335739,0.0003387096774193,0.0,-0.0135750112085078,0.2715002241701566,-0.0481768687969829,-14.983006195861703,-0.0004009260778282,-0.0004184298764564,0.0,-2.124735286425037e-05,0.0003215434083601,0.0,-0.0106218465465327,0.2124369309306549,-0.3504685617425223,-2.044565593063307,-2.714247037112969,-0.3964298736960148,-0.1467236384552555,-0.4303427213941483,-0.6222749953863249,-0.3338138945857924,0.391941331254426,1.625408332669604,2.208505179591514,-0.1355773890565936,0.128041885901289,0.5431946432399444,0.7349245650013833,-0.228833069215711,D:\code\agentic-development\reinforcement-learning-stocks\data\experiment_snapshots\model_20260413-183012Z_nvda-next-B-realistic-nextbar_seed256.zip,-0.0051519674412853,0.2758458030826103,10,53.54183740994125,1,0.1109305148657767
2,NVDA,nvda-next-B-realistic-nextbar,256,20000,0.0003,0.99,0.07,0,0,0.002,1,0.001,0.05,next_bar,1.0,1.0,0.25,sortino,100,1e-06,0.0,1.2,0.5,0.1,0.05,0.005,0.05,1.0,0,0.2967741935483871,0.4146341463414634,205,216,0.6967741935483871,0.4212962962962963,-0.7160415121184729,0.42443729903536975,0.4564459930313589,287,308,0.9903536977491961,0.474025974025974,-0.3714797489387396,-0.7424098929969483,-0.27476552435654455,0.19049765963592596,71.47804760932922,-0.21284572064863613,-65.9821734010772,-0.0013367573663024413,-0.0011800474816976792,0.0,-0.0006363339335739824,0.00033870967741935485,0.0,-0.013575011208507832,0.2715002241701566,-0.04817686879698298,-14.983006195861705,-0.00040092607782821714,-0.0004184298764564765,0.0,-2.1247352864250374e-05,0.0003215434083601286,0.0,-0.010621846546532749,0.21243693093065494,-0.3504685617425223,-2.044565593063307,-2.7142470371129686,-0.3964298736960148,-0.1467236384552555,-0.4303427213941483,-0.6222749953863249,-0.33381389458579247,0.391941331254426,1.625408332669604,2.208505179591514,-0.13557738905659367,0.12804188590128907,0.5431946432399444,0.7349245650013833,-0.228833069215711,D:\code\agentic-development\reinforcement-learning-stocks\data\experiment_snapshots\model_20260413-191822Z_nvda-next-B-realistic-nextbar_seed256.zip,-0.005151967441285332,0.2758458030826103,10,53.54183740994125,1,0.11093051486577675
2,NVDA,nvda-next-B-realistic-nextbar,21,20000,0.0003,0.99,0.07,0,0,0.002,1,0.001,0.05,next_bar,1.0,1.0,0.25,sortino,100,1e-06,0.0,1.2,0.5,0.1,0.05,0.005,0.05,1.0,0,0.3935483870967742,0.4236111111111111,288,306,0.9870967741935484,0.434640522875817,-0.7540504949096543,0.4244372990353697,0.4583333333333333,288,310,0.9967845659163987,0.4741935483870967,-0.3536174629741168,-0.9846060463534752,-0.3817804726304719,0.1913876134363697,75.1134865283966,-0.2150095334558218,-66.65295537130478,-0.0026348187228108,-0.0023418439900111,0.0,-2.693714438263363e-05,0.0007903225806451,0.0,-0.0193914043475511,0.3878280869510233,-0.059723239957074,-18.57392762665004,-0.0007354494833916,-0.0007988137719025,0.0,-1.1039333733143128e-05,0.0005305466237942,0.0,-0.0138179295651112,0.2763585913022258,-0.5926647150990492,-1.850043650063424,-2.423108400654626,-0.6271497898415263,-0.2537385867291828,-0.5774315526901641,-0.8738490857159439,-0.4556297366990282,0.391941331254426,1.625408332669604,2.208505179591514,-0.1355773890565936,0.128041885901289,0.5431946432399444,0.7349245650013833,-0.228833069215711,D:\code\agentic-development\reinforcement-learning-stocks\data\experiment_snapshots\model_20260413-182443Z_nvda-next-B-realistic-nextbar_seed21.zip,-0.0051519674412853,0.2758458030826103,10,53.54183740994125,1,0.1014734550622114
2,NVDA,nvda-next-B-realistic-nextbar,21,20000,0.0003,0.99,0.07,0,0,0.002,1,0.001,0.05,next_bar,1.0,1.0,0.25,sortino,100,1e-06,0.0,1.2,0.5,0.1,0.05,0.005,0.05,1.0,0,0.3935483870967742,0.4236111111111111,288,306,0.9870967741935484,0.434640522875817,-0.7540504949096543,0.42443729903536975,0.4583333333333333,288,310,0.9967845659163987,0.47419354838709676,-0.3536174629741168,-0.9846060463534752,-0.3817804726304719,0.19138761343636979,70.82764840126038,-0.21500953345582188,-66.65295537130478,-0.0026348187228108764,-0.0023418439900111695,0.0,-2.693714438263363e-05,0.0007903225806451613,0.0,-0.019391404347551162,0.3878280869510233,-0.059723239957074084,-18.57392762665004,-0.0007354494833916595,-0.000798813771902579,0.0,-1.1039333733143128e-05,0.0005305466237942123,0.0,-0.01381792956511129,0.2763585913022258,-0.5926647150990492,-1.8500436500634234,-2.423108400654626,-0.6271497898415263,-0.2537385867291828,-0.5774315526901641,-0.8738490857159439,-0.4556297366990282,0.391941331254426,1.625408332669604,2.208505179591514,-0.13557738905659367,0.12804188590128907,0.5431946432399444,0.7349245650013833,-0.228833069215711,D:\code\agentic-development\reinforcement-learning-stocks\data\experiment_snapshots\model_20260413-191228Z_nvda-next-B-realistic-nextbar_seed21.zip,-0.005151967441285332,0.2758458030826103,10,53.54183740994125,1,0.10147345506221149
2,NVDA,nvda-next-B-confirm-samebar,84,20000,0.0003,0.99,0.07,0,0,0.002,1,0.001,0.05,same_bar,0.0,0.0,0.0,sortino,100,1e-06,0.0,1.2,0.5,0.1,0.05,0.005,0.05,1.0,0,0.3741935483870968,0.4187725631768953,277,295,0.9516129032258064,0.4305084745762711,-0.7501137248499158,0.4212218649517685,0.4548611111111111,288,310,0.9967845659163987,0.4709677419354838,-0.4081038734865474,-0.9775492889560208,-0.4646537939197178,0.1885160789913458,59.23446178436279,-0.2318613542140727,-71.87701980636254,-0.0026070199545317,-0.0024332345057385,0.0,-0.0001343435811675,0.0009032258064516,0.0,-0.0228628727880638,0.4572574557612762,-0.0576506830988199,-17.929362443732998,-0.0009600738516079,-0.000881817847774,0.0,-1.754381070398126e-05,0.0009646302250803,0.0,-0.0182932319920724,0.365864639841449,-0.5856079577015947,-1.920069307371289,-2.797403177529961,-0.6490938209836985,-0.3366119080184288,-0.5651932418987526,-0.8181623049159874,-0.5380013065947005,0.391941331254426,1.625408332669604,2.208505179591514,-0.1355773890565936,0.128041885901289,0.5431946432399444,0.7349245650013833,-0.228833069215711,D:\code\agentic-development\reinforcement-learning-stocks\data\experiment_snapshots\model_20260413-181510Z_nvda-next-B-confirm-samebar_seed84.zip,-0.1091548501352723,0.3061035752956677,10,2.804305763017609,1,0.1122032145724871
2,NVDA,nvda-next-B-confirm-samebar,84,20000,0.0003,0.99,0.07,0,0,0.002,1,0.001,0.05,same_bar,0.0,0.0,0.0,sortino,100,1e-06,0.0,1.2,0.5,0.1,0.05,0.005,0.05,1.0,0,0.3741935483870968,0.4187725631768953,277,295,0.9516129032258064,0.4305084745762711,-0.7501137248499158,0.4212218649517685,0.4548611111111111,288,310,0.9967845659163987,0.4709677419354838,-0.4081038734865474,-0.9775492889560208,-0.4646537939197178,0.1885160789913458,78.72689747810364,-0.2318613542140727,-71.87701980636254,-0.0026070199545317,-0.0024332345057385,0.0,-0.0001343435811675,0.0009032258064516,0.0,-0.0228628727880638,0.4572574557612762,-0.0576506830988199,-17.929362443732998,-0.0009600738516079,-0.000881817847774,0.0,-1.754381070398126e-05,0.0009646302250803,0.0,-0.0182932319920724,0.365864639841449,-0.5856079577015947,-1.920069307371289,-2.797403177529961,-0.6490938209836985,-0.3366119080184288,-0.5651932418987526,-0.8181623049159874,-0.5380013065947005,0.391941331254426,1.625408332669604,2.208505179591514,-0.1355773890565936,0.128041885901289,0.5431946432399444,0.7349245650013833,-0.228833069215711,D:\code\agentic-development\reinforcement-learning-stocks\data\experiment_snapshots\model_20260413-190255Z_nvda-next-B-confirm-samebar_seed84.zip,-0.1091548501352723,0.3061035752956677,10,2.804305763017609,1,0.1122032145724871
2,NVDA,nvda-next-B-confirm-samebar,101,20000,0.0003,0.99,0.07,0,0,0.002,1,0.001,0.05,same_bar,0.0,0.0,0.0,sortino,100,1e-06,0.0,1.2,0.5,0.1,0.05,0.005,0.05,1.0,0,0.3967741935483871,0.4212328767123288,292,310,1.0,0.432258064516129,-0.7516831406091057,0.4244372990353697,0.4567474048442906,289,311,1.0,0.472668810289389,-0.3758092801906357,-0.8888160659627005,-0.4650040813422692,0.1899572295891819,62.879549741745,-0.2338105367790995,-72.48126640152087,-0.0020899513749496,-0.0019081753774313,0.0,0.0,0.0006451612903225,0.0,-0.019165245999207,0.38330491998414,-0.0819746329164963,-25.494110837030373,-0.0010502373050852,-0.0009754299790573,0.0,0.0,0.0006109324758842,0.0,-0.0175466672926142,0.3509333458522852,-0.4968747347082745,-2.1162240317574668,-2.9166075738843205,-0.5566843968663613,-0.3369621954409801,-0.7195287425097718,-0.9634674859368976,-0.5259740303530918,0.391941331254426,1.625408332669604,2.208505179591514,-0.1355773890565936,0.128041885901289,0.5431946432399444,0.7349245650013833,-0.228833069215711,D:\code\agentic-development\reinforcement-learning-stocks\data\experiment_snapshots\model_20260413-181612Z_nvda-next-B-confirm-samebar_seed101.zip,-0.1091548501352723,0.3061035752956677,10,2.804305763017609,1,0.1136380374181808
2,NVDA,nvda-next-B-confirm-samebar,101,20000,0.0003,0.99,0.07,0,0,0.002,1,0.001,0.05,same_bar,0.0,0.0,0.0,sortino,100,1e-06,0.0,1.2,0.5,0.1,0.05,0.005,0.05,1.0,0,0.3967741935483871,0.4212328767123288,292,310,1.0,0.432258064516129,-0.7516831406091057,0.4244372990353697,0.4567474048442906,289,311,1.0,0.472668810289389,-0.3758092801906357,-0.8888160659627005,-0.4650040813422692,0.1899572295891819,72.91603517532349,-0.2338105367790995,-72.48126640152087,-0.0020899513749496,-0.0019081753774313,0.0,0.0,0.0006451612903225,0.0,-0.019165245999207,0.38330491998414,-0.0819746329164963,-25.494110837030373,-0.0010502373050852,-0.0009754299790573,0.0,0.0,0.0006109324758842,0.0,-0.0175466672926142,0.3509333458522852,-0.4968747347082745,-2.1162240317574668,-2.9166075738843205,-0.5566843968663613,-0.3369621954409801,-0.7195287425097718,-0.9634674859368976,-0.5259740303530918,0.391941331254426,1.625408332669604,2.208505179591514,-0.1355773890565936,0.128041885901289,0.5431946432399444,0.7349245650013833,-0.228833069215711,D:\code\agentic-development\reinforcement-learning-stocks\data\experiment_snapshots\model_20260413-190408Z_nvda-next-B-confirm-samebar_seed101.zip,-0.1091548501352723,0.3061035752956677,10,2.804305763017609,1,0.1136380374181808
2,NVDA,nvda-next-BC-bridge-nextbar,84,20000,0.0003,0.99,0.07,0,0,0.002,1,0.001,0.05,next_bar,1.0,1.0,0.25,sortino,100,1e-06,0.0,1.3,0.55,0.1,0.04,0.007,0.04,1.0,0,0.3903225806451613,0.4240282685512367,283,300,0.967741935483871,0.4366666666666666,-0.7438812088954403,0.4244372990353697,0.4631578947368421,285,307,0.9871382636655948,0.4788273615635179,-0.3196708458724194,-1.0058438684917856,-0.4335960915973996,0.1942378924965302,70.38414096832275,-0.2363272438631001,-73.26144559756105,-0.0028434181459963,-0.0026958885952163,0.0,-6.781543005882991e-05,0.0013322580645161,0.0,-0.0195201054752125,0.4880026368803136,-0.0541211173307805,-16.831667489872736,-0.0008029944051973,-0.0008237533630636,0.0,-2.7315478523290727e-05,0.0014405144694533,0.0,-0.0145454008117325,0.3636350202933135,-0.6139025372373595,-2.1596949695374734,-2.8750643941320435,-0.6816882837413295,-0.3055542056961106,-0.4696865150855872,-0.6691482429568028,-0.5396237109874265,0.391941331254426,1.625408332669604,2.208505179591514,-0.1355773890565936,0.128041885901289,0.5431946432399444,0.7349245650013833,-0.228833069215711,D:\code\agentic-development\reinforcement-learning-stocks\data\experiment_snapshots\model_20260413-183813Z_nvda-next-BC-bridge-nextbar_seed84.zip,0.1282428856267011,0.1765763468873348,10,1.3768900007547114,1,0.1351529020199629
2,NVDA,nvda-reward-realism-C-agg,10,20000,0.0003,0.99,0.07,0,0,0.002,1,0.001,0.05,same_bar,0.0,0.0,0.0,sortino,100,1e-06,0.0,1.5,0.6,0.1,0.02,0.01,0.02,1.0,0,0.2096774193548387,0.3825503355704698,149,159,0.5129032258064516,0.389937106918239,-0.6560106927147901,0.4244372990353697,0.4567474048442906,289,311,1.0,0.472668810289389,-0.3758092801906357,-0.9536502372166644,-0.4837686614391846,0.1770541613177485,69.67823266983032,-0.2431582776737404,-75.37906607885955,-0.0025266686174818,-0.0022637910154323,0.0,-0.0012192015959921,0.001516129032258,0.0,-0.0094186215659378,0.4709310782968901,-0.0651954427643141,-20.275782699701697,-0.0009813584787575,-0.0010921142039951,0.0,0.0,0.0014147909967845,0.0,-0.0079030566689913,0.3951528334495655,-0.5617089059622384,-2.49079981405916,-2.282385096329729,-0.6036578730929718,-0.3557267755378955,-0.528712505101918,-0.7784240534689393,-0.595164232157221,0.391941331254426,1.625408332669604,2.208505179591514,-0.1355773890565936,0.128041885901289,0.5431946432399444,0.7349245650013833,-0.228833069215711,D:\code\agentic-development\reinforcement-learning-stocks\data\experiment_snapshots\model_20260410-084805Z_nvda-reward-realism-C-agg_seed10.zip,-0.3758092801906357,0.0,1,0.0,0,0.124967441710139
2,NVDA,nvda-next-B-confirm-samebar,7,20000,0.0003,0.99,0.07,0,0,0.002,1,0.001,0.05,same_bar,0.0,0.0,0.0,sortino,100,1e-06,0.0,1.2,0.5,0.1,0.05,0.005,0.05,1.0,0,0.164516129032258,0.3660714285714285,112,120,0.3870967741935484,0.375,-0.5394191020266095,0.2315112540192926,0.4244604316546763,139,148,0.4758842443729904,0.4391891891891892,-0.3508502309536545,-0.6865859097485697,-0.3312968697463895,0.1876518938803923,79.95796227455139,-0.2455501057153667,-76.12053277176369,-0.0011041281347856,-0.0008566884381658,0.0,-0.0015714534066167,0.0003387096774193,0.0,-0.011427687560382,0.2285537512076403,-0.0492316308561057,-15.311037196248884,-0.0006365051158048,-0.0004966808175708,0.0,-0.0008853779586292,0.0003054662379421,0.0,-0.0120153429127145,0.2403068582542907,-0.2946445784941437,-2.659955298980159,-3.133876166349047,-0.3137119376387313,-0.2032549838451004,-0.741348243921259,-0.8553367581052052,-0.3505339865732255,0.391941331254426,1.625408332669604,2.208505179591514,-0.1355773890565936,0.128041885901289,0.5431946432399444,0.7349245650013833,-0.228833069215711,D:\code\agentic-development\reinforcement-learning-stocks\data\experiment_snapshots\model_20260413-181059Z_nvda-next-B-confirm-samebar_seed7.zip,-0.1091548501352723,0.3061035752956677,10,2.804305763017609,1,0.1235596991214149
2,NVDA,nvda-next-B-confirm-samebar,7,20000,0.0003,0.99,0.07,0,0,0.002,1,0.001,0.05,same_bar,0.0,0.0,0.0,sortino,100,1e-06,0.0,1.2,0.5,0.1,0.05,0.005,0.05,1.0,0,0.164516129032258,0.3660714285714285,112,120,0.3870967741935484,0.375,-0.5394191020266095,0.2315112540192926,0.4244604316546763,139,148,0.4758842443729904,0.4391891891891892,-0.3508502309536545,-0.6865859097485697,-0.3312968697463895,0.1876518938803923,74.34090566635132,-0.2455501057153667,-76.12053277176369,-0.0011041281347856,-0.0008566884381658,0.0,-0.0015714534066167,0.0003387096774193,0.0,-0.011427687560382,0.2285537512076403,-0.0492316308561057,-15.311037196248884,-0.0006365051158048,-0.0004966808175708,0.0,-0.0008853779586292,0.0003054662379421,0.0,-0.0120153429127145,0.2403068582542907,-0.2946445784941437,-2.659955298980159,-3.133876166349047,-0.3137119376387313,-0.2032549838451004,-0.741348243921259,-0.8553367581052052,-0.3505339865732255,0.391941331254426,1.625408332669604,2.208505179591514,-0.1355773890565936,0.128041885901289,0.5431946432399444,0.7349245650013833,-0.228833069215711,D:\code\agentic-development\reinforcement-learning-stocks\data\experiment_snapshots\model_20260413-185756Z_nvda-next-B-confirm-samebar_seed7.zip,-0.1091548501352723,0.3061035752956677,10,2.804305763017609,1,0.1235596991214149
2,NVDA,nvda-next-B-confirm-samebar,777,20000,0.0003,0.99,0.07,0,0,0.002,1,0.001,0.05,same_bar,0.0,0.0,0.0,sortino,100,1e-06,0.0,1.2,0.5,0.1,0.05,0.005,0.05,1.0,0,0.3967741935483871,0.4212328767123288,292,310,1.0,0.432258064516129,-0.7516831406091057,0.4244372990353697,0.4567474048442906,289,311,1.0,0.472668810289389,-0.3758092801906357,-1.0688006743305305,-0.476759324267204,0.1899572295891819,71.85265922546387,-0.2465159750660846,-76.41995227048625,-0.0032431153697391,-0.0031453311917189,0.0,0.0,0.0008064516129032,0.0,-0.0243580399424749,0.4871607988494998,-0.0594739328500609,-18.496393116368942,-0.001026171976121,-0.00090957239366,0.0,0.0,0.0008038585209003,0.0,-0.0179915263048195,0.3598305260963917,-0.6768593430761046,-1.8331524481396584,-2.652623840895653,-0.7291649575791721,-0.3487174383659149,-0.6113810227132969,-0.9028213281918824,-0.552119231335843,0.391941331254426,1.625408332669604,2.208505179591514,-0.1355773890565936,0.128041885901289,0.5431946432399444,0.7349245650013833,-0.228833069215711,D:\code\agentic-development\reinforcement-learning-stocks\data\experiment_snapshots\model_20260413-182049Z_nvda-next-B-confirm-samebar_seed777.zip,-0.1091548501352723,0.3061035752956677,10,2.804305763017609,1,0.1124625131256873
2,NVDA,nvda-next-B-confirm-samebar,777,20000,0.0003,0.99,0.07,0,0,0.002,1,0.001,0.05,same_bar,0.0,0.0,0.0,sortino,100,1e-06,0.0,1.2,0.5,0.1,0.05,0.005,0.05,1.0,0,0.3967741935483871,0.4212328767123288,292,310,1.0,0.432258064516129,-0.7516831406091057,0.4244372990353697,0.4567474048442906,289,311,1.0,0.472668810289389,-0.3758092801906357,-1.0688006743305305,-0.476759324267204,0.1899572295891819,69.62438702583313,-0.2465159750660846,-76.41995227048625,-0.0032431153697391,-0.0031453311917189,0.0,0.0,0.0008064516129032,0.0,-0.0243580399424749,0.4871607988494998,-0.0594739328500609,-18.496393116368942,-0.001026171976121,-0.00090957239366,0.0,0.0,0.0008038585209003,0.0,-0.0179915263048195,0.3598305260963917,-0.6768593430761046,-1.8331524481396584,-2.652623840895653,-0.7291649575791721,-0.3487174383659149,-0.6113810227132969,-0.9028213281918824,-0.552119231335843,0.391941331254426,1.625408332669604,2.208505179591514,-0.1355773890565936,0.128041885901289,0.5431946432399444,0.7349245650013833,-0.228833069215711,D:\code\agentic-development\reinforcement-learning-stocks\data\experiment_snapshots\model_20260413-190848Z_nvda-next-B-confirm-samebar_seed777.zip,-0.1091548501352723,0.3061035752956677,10,2.804305763017609,1,0.1124625131256873
2,NVDA,nvda-next-B-realistic-nextbar,123,20000,0.0003,0.99,0.07,0,0,0.002,1,0.001,0.05,next_bar,1.0,1.0,0.25,sortino,100,1e-06,0.0,1.2,0.5,0.1,0.05,0.005,0.05,1.0,0,0.3967741935483871,0.422680412371134,291,309,0.9967741935483873,0.4336569579288026,-0.7487697872079593,0.4244372990353697,0.4583333333333333,288,310,0.9967845659163987,0.4741935483870967,-0.3536174629741168,-0.950277230243416,-0.4561178042292235,0.1916833361226159,59.6293044090271,-0.2654814045650087,-82.2992354151527,-0.0024845634710534,-0.0022522598208152,0.0,-3.740757965694257e-06,0.0009516129032258,0.0,-0.020334987911182,0.4066997582236414,-0.0656672220939648,-20.42250607122305,-0.0009676247951599,-0.0008768359097904,0.0,-1.1039333733143128e-05,0.0006752411575562,0.0,-0.0172314869874665,0.3446297397493304,-0.55833589898899,-2.298328326908994,-3.3457355886807263,-0.6164963028441034,-0.3280759183279345,-0.6188491410745282,-0.8866057256314966,-0.5313072001824084,0.391941331254426,1.625408332669604,2.208505179591514,-0.1355773890565936,0.128041885901289,0.5431946432399444,0.7349245650013833,-0.228833069215711,D:\code\agentic-development\reinforcement-learning-stocks\data\experiment_snapshots\model_20260413-182913Z_nvda-next-B-realistic-nextbar_seed123.zip,-0.0051519674412853,0.2758458030826103,10,53.54183740994125,1,0.0942889096515836
2,NVDA,nvda-next-B-realistic-nextbar,123,20000,0.0003,0.99,0.07,0,0,0.002,1,0.001,0.05,next_bar,1.0,1.0,0.25,sortino,100,1e-06,0.0,1.2,0.5,0.1,0.05,0.005,0.05,1.0,0,0.3967741935483871,0.422680412371134,291,309,0.9967741935483871,0.4336569579288026,-0.7487697872079593,0.42443729903536975,0.4583333333333333,288,310,0.9967845659163987,0.47419354838709676,-0.3536174629741168,-0.950277230243416,-0.45611780422922354,0.19168333612261595,70.69612884521484,-0.2654814045650087,-82.2992354151527,-0.0024845634710534874,-0.0022522598208152803,0.0,-3.740757965694257e-06,0.0009516129032258065,0.0,-0.020334987911182073,0.40669975822364146,-0.0656672220939648,-20.422506071223054,-0.0009676247951599655,-0.0008768359097904312,0.0,-1.1039333733143128e-05,0.0006752411575562701,0.0,-0.017231486987466522,0.3446297397493304,-0.55833589898899,-2.298328326908994,-3.3457355886807263,-0.6164963028441034,-0.3280759183279345,-0.6188491410745282,-0.8866057256314966,-0.5313072001824084,0.391941331254426,1.625408332669604,2.208505179591514,-0.13557738905659367,0.12804188590128907,0.5431946432399444,0.7349245650013833,-0.228833069215711,D:\code\agentic-development\reinforcement-learning-stocks\data\experiment_snapshots\model_20260413-191710Z_nvda-next-B-realistic-nextbar_seed123.zip,-0.005151967441285332,0.2758458030826103,10,53.54183740994125,1,0.09428890965158364
