seed,timesteps,learning_rate,gamma,ent_coef,include_news,threshold,horizon,transaction_cost_rate,trade_penalty,reward_return_scale,reward_direction_scale,reward_hold_penalty_scale,reward_drawdown_penalty_scale,reward_action_bonus_scale,reward_clip,reward_ignore_transaction_cost,val_overall_accuracy,val_actionable_accuracy,val_trade_win_rate,val_cumulative_signal_return,test_overall_accuracy,test_actionable_accuracy,test_trade_win_rate,test_cumulative_signal_return,ranking_score,val_reward_total_mean,val_reward_total_sum,val_reward_portfolio_return_mean,val_reward_direction_mean,val_reward_hold_penalty_mean,val_reward_action_bonus_mean,val_reward_drawdown_penalty_mean,val_reward_drawdown_mean,test_reward_total_mean,test_reward_total_sum,test_reward_portfolio_return_mean,test_reward_direction_mean,test_reward_hold_penalty_mean,test_reward_action_bonus_mean,test_reward_drawdown_penalty_mean,test_reward_drawdown_mean
42,20000,0.0003,0.995,0.0,1,0.002,1,0.001,0.05,1.0,0.4,0.1,0.1,0.02,1.0,1,0.4886731391585761,0.5769230769230769,0.5596026490066225,0.763396049359937,0.44516129032258067,0.5168539325842697,0.5096774193548387,-0.016773201981522434,0.6090215430355126,0.0006744735885145391,0.20841233885099258,0.0018405628534342731,0.0007270688045738816,-2.9800140467848608e-05,0.0009708737864077672,-0.002834231715433534,0.028342317154335335,-0.006351421694198983,-1.9689407252016848,9.358245953595546e-05,4.220543521729833e-05,0.0,6.451612903225807e-05,-0.006551725717984496,0.06551725717984495
7,20000,0.0003,0.995,0.0,1,0.002,1,0.001,0.05,1.0,0.4,0.1,0.1,0.02,1.0,1,0.4886731391585761,0.5769230769230769,0.5596026490066225,0.763396049359937,0.44516129032258067,0.5168539325842697,0.5096774193548387,-0.016773201981522434,0.6090215430355126,0.0006744735885145391,0.20841233885099258,0.0018405628534342731,0.0007270688045738816,-2.9800140467848608e-05,0.0009708737864077672,-0.002834231715433534,0.028342317154335335,-0.006351421694198983,-1.9689407252016848,9.358245953595546e-05,4.220543521729833e-05,0.0,6.451612903225807e-05,-0.006551725717984496,0.06551725717984495
42,20000,0.0001,0.995,0.0,1,0.002,1,0.001,0.05,1.0,0.4,0.1,0.1,0.02,1.0,1,0.49838187702265374,0.5789473684210527,0.5631067961165048,0.738316291793246,0.44516129032258067,0.5168539325842697,0.5096774193548387,-0.016773201981522434,0.606068981404127,-0.00014468853465260178,-0.04470875720765395,0.0018233229012941993,0.0007039233440549586,0.0,0.00032362459546925567,-0.0029955593754710155,0.029955593754710155,-0.006351421694198983,-1.9689407252016848,9.358245953595546e-05,4.220543521729833e-05,0.0,6.451612903225807e-05,-0.006551725717984496,0.06551725717984495
42,20000,0.0003,0.995,0.0,1,0.002,1,0.001,0.05,1.0,0.35,0.1,0.1,0.02,1.0,1,0.49514563106796117,0.5823754789272031,0.5643564356435643,0.7262032002016134,0.44516129032258067,0.5168539325842697,0.5096774193548387,-0.016773201981522434,0.6057353101969936,0.00023077187477162512,0.07130850930443217,0.0018082770771418685,0.0006112694394175007,-1.7459728652092748e-05,0.0008414239482200647,-0.0030127388613557155,0.030127388613557158,-0.006356697373601146,-1.9705761858163553,9.358245953595546e-05,3.692975581513599e-05,0.0,6.451612903225807e-05,-0.006551725717984496,0.06551725717984495
13,20000,0.0001,0.99,0.01,1,0.002,1,0.001,0.05,1.0,0.4,0.1,0.1,0.02,1.0,1,0.4919093851132686,0.5763358778625954,0.5592105263157895,0.748545551771759,0.44516129032258067,0.5168539325842697,0.5096774193548387,-0.016773201981522434,0.6056402071803864,0.0004480039089341416,0.13843320786064975,0.0018359267444468248,0.000700095340512401,-1.1564610261488568e-05,0.0008414239482200647,-0.00291787751398366,0.029178775139836594,-0.006351421694198983,-1.9689407252016848,9.358245953595546e-05,4.220543521729833e-05,0.0,6.451612903225807e-05,-0.006551725717984496,0.06551725717984495
13,20000,0.0003,0.995,0.01,1,0.002,1,0.001,0.05,1.0,0.3,0.1,0.1,0.02,1.0,1,0.49514563106796117,0.5795454545454546,0.5602605863192183,0.7298272732709816,0.44516129032258067,0.5168539325842697,0.5096774193548387,-0.016773201981522434,0.603816357822689,-0.00016178064816953683,-0.04999022028438688,0.001812466297788843,0.0005715788161779648,-1.5818678549141244e-06,0.000453074433656958,-0.002997318327938389,0.029973183279383885,-0.006361973053003307,-1.9722116464310253,9.358245953595546e-05,3.1654076412973685e-05,0.0,6.451612903225807e-05,-0.006551725717984496,0.06551725717984495
7,20000,0.0003,0.995,0.01,1,0.002,1,0.001,0.05,1.0,0.3,0.1,0.1,0.02,1.0,1,0.4919093851132686,0.5763358778625954,0.5592105263157895,0.7377257596127718,0.44516129032258067,0.5168539325842697,0.5096774193548387,-0.016773201981522434,0.603476248748589,0.00015697017486451893,0.04850378403313635,0.001817097512512925,0.0005338649226526519,-2.1318034460758426e-05,0.0007119741100323625,-0.002884648335872662,0.028846483358726614,-0.006361973053003307,-1.9722116464310253,9.358245953595546e-05,3.1654076412973685e-05,0.0,6.451612903225807e-05,-0.006551725717984496,0.06551725717984495
42,20000,0.0003,0.99,0.0,1,0.002,1,0.001,0.05,1.0,0.25,0.1,0.1,0.02,1.0,1,0.4692556634304207,0.573170731707317,0.5508771929824562,0.7443605106121287,0.4483870967741935,0.5205992509363296,0.5129032258064516,-0.10525027460265268,0.6007206258708211,0.0035379195009056655,1.0932171257798506,0.0015352483239298464,0.0004039920310941892,-0.00010523816341290954,0.0034304207119741103,-0.0017265034026795708,0.017265034026795707,-0.007751457289274681,-2.402951759675151,-0.00024626143419505296,7.878455591374365e-05,0.0,0.0007096774193548388,-0.008293657830348213,0.0829365783034821
7,20000,0.0001,0.995,0.01,1,0.002,1,0.001,0.05,1.0,0.25,0.1,0.1,0.02,1.0,1,0.49514563106796117,0.575187969924812,0.5566343042071198,0.6977890042706454,0.44516129032258067,0.5168539325842697,0.5096774193548387,-0.016773201981522434,0.5941420770786711,-0.0007870759212433598,-0.24320645966419818,0.0017786135235414876,0.0004540716208961807,0.0,6.472491909385113e-05,-0.00308448598477488,0.030844859847748794,-0.00636724873240547,-1.9738471070456958,9.358245953595546e-05,2.6378397010811434e-05,0.0,6.451612903225807e-05,-0.006551725717984496,0.06551725717984495
7,20000,0.0001,0.995,0.01,1,0.002,1,0.001,0.05,1.0,0.45,0.1,0.1,0.02,1.0,1,0.49514563106796117,0.575187969924812,0.5566343042071198,0.6977890042706454,0.44516129032258067,0.5168539325842697,0.5096774193548387,-0.016773201981522434,0.5941420770786711,-0.00042381862452641557,-0.13095995497866242,0.0017786135235414876,0.0008173289176131254,0.0,6.472491909385113e-05,-0.00308448598477488,0.030844859847748794,-0.006346146014796821,-1.9673052645870146,9.358245953595546e-05,4.748111461946052e-05,0.0,6.451612903225807e-05,-0.006551725717984496,0.06551725717984495
13,20000,0.0001,0.995,0.0,1,0.002,1,0.001,0.05,1.0,0.45,0.1,0.1,0.02,1.0,1,0.49514563106796117,0.575187969924812,0.5566343042071198,0.6977890042706454,0.44516129032258067,0.5168539325842697,0.5096774193548387,-0.016773201981522434,0.5941420770786711,-0.00042381862452641557,-0.13095995497866242,0.0017786135235414876,0.0008173289176131254,0.0,6.472491909385113e-05,-0.00308448598477488,0.030844859847748794,-0.006346146014796821,-1.9673052645870146,9.358245953595546e-05,4.748111461946052e-05,0.0,6.451612903225807e-05,-0.006551725717984496,0.06551725717984495
7,20000,0.0001,0.995,0.0,1,0.002,1,0.001,0.05,1.0,0.45,0.1,0.1,0.02,1.0,1,0.49514563106796117,0.575187969924812,0.5566343042071198,0.6977890042706454,0.44516129032258067,0.5168539325842697,0.5096774193548387,-0.016773201981522434,0.5941420770786711,-0.00042381862452641557,-0.13095995497866242,0.0017786135235414876,0.0008173289176131254,0.0,6.472491909385113e-05,-0.00308448598477488,0.030844859847748794,-0.006346146014796821,-1.9673052645870146,9.358245953595546e-05,4.748111461946052e-05,0.0,6.451612903225807e-05,-0.006551725717984496,0.06551725717984495
7,20000,0.0001,0.995,0.01,1,0.002,1,0.001,0.05,1.0,0.4,0.1,0.1,0.02,1.0,1,0.49514563106796117,0.575187969924812,0.5566343042071198,0.6977890042706454,0.44516129032258067,0.5168539325842697,0.5096774193548387,-0.016773201981522434,0.5941420770786711,-0.0005146329487056516,-0.15902158115004633,0.0017786135235414876,0.0007265145934338892,0.0,6.472491909385113e-05,-0.00308448598477488,0.030844859847748794,-0.006351421694198983,-1.9689407252016848,9.358245953595546e-05,4.220543521729833e-05,0.0,6.451612903225807e-05,-0.006551725717984496,0.06551725717984495
7,20000,0.0001,0.995,0.0,1,0.002,1,0.001,0.05,1.0,0.4,0.1,0.1,0.02,1.0,1,0.49514563106796117,0.575187969924812,0.5566343042071198,0.6977890042706454,0.44516129032258067,0.5168539325842697,0.5096774193548387,-0.016773201981522434,0.5941420770786711,-0.0005146329487056516,-0.15902158115004633,0.0017786135235414876,0.0007265145934338892,0.0,6.472491909385113e-05,-0.00308448598477488,0.030844859847748794,-0.006351421694198983,-1.9689407252016848,9.358245953595546e-05,4.220543521729833e-05,0.0,6.451612903225807e-05,-0.006551725717984496,0.06551725717984495
7,20000,0.0001,0.995,0.0,1,0.002,1,0.001,0.05,1.0,0.35,0.1,0.1,0.02,1.0,1,0.49514563106796117,0.575187969924812,0.5566343042071198,0.6977890042706454,0.44516129032258067,0.5168539325842697,0.5096774193548387,-0.016773201981522434,0.5941420770786711,-0.0006054472728848877,-0.1870832073214303,0.0017786135235414876,0.000635700269254653,0.0,6.472491909385113e-05,-0.00308448598477488,0.030844859847748794,-0.006356697373601146,-1.9705761858163553,9.358245953595546e-05,3.692975581513599e-05,0.0,6.451612903225807e-05,-0.006551725717984496,0.06551725717984495
7,20000,0.0001,0.995,0.0,1,0.002,1,0.001,0.05,1.0,0.3,0.1,0.1,0.02,1.0,1,0.49514563106796117,0.575187969924812,0.5566343042071198,0.6977890042706454,0.44516129032258067,0.5168539325842697,0.5096774193548387,-0.016773201981522434,0.5941420770786711,-0.0006962615970641238,-0.21514483349281427,0.0017786135235414876,0.0005448859450754168,0.0,6.472491909385113e-05,-0.00308448598477488,0.030844859847748794,-0.006361973053003307,-1.9722116464310253,9.358245953595546e-05,3.1654076412973685e-05,0.0,6.451612903225807e-05,-0.006551725717984496,0.06551725717984495
7,20000,0.0001,0.995,0.01,1,0.002,1,0.001,0.05,1.0,0.3,0.1,0.1,0.02,1.0,1,0.49514563106796117,0.575187969924812,0.5566343042071198,0.6977890042706454,0.44516129032258067,0.5168539325842697,0.5096774193548387,-0.016773201981522434,0.5941420770786711,-0.0006962615970641238,-0.21514483349281427,0.0017786135235414876,0.0005448859450754168,0.0,6.472491909385113e-05,-0.00308448598477488,0.030844859847748794,-0.006361973053003307,-1.9722116464310253,9.358245953595546e-05,3.1654076412973685e-05,0.0,6.451612903225807e-05,-0.006551725717984496,0.06551725717984495
13,20000,0.0001,0.99,0.01,1,0.002,1,0.001,0.05,1.0,0.25,0.1,0.1,0.02,1.0,1,0.49514563106796117,0.575187969924812,0.5566343042071198,0.6977890042706454,0.44516129032258067,0.5168539325842697,0.5096774193548387,-0.016773201981522434,0.5941420770786711,-0.0007870759212433598,-0.24320645966419818,0.0017786135235414876,0.0004540716208961807,0.0,6.472491909385113e-05,-0.00308448598477488,0.030844859847748794,-0.00636724873240547,-1.9738471070456958,9.358245953595546e-05,2.6378397010811434e-05,0.0,6.451612903225807e-05,-0.006551725717984496,0.06551725717984495
7,20000,0.0001,0.99,0.01,1,0.002,1,0.001,0.05,1.0,0.45,0.1,0.1,0.02,1.0,1,0.49514563106796117,0.575187969924812,0.5566343042071198,0.6977890042706454,0.44516129032258067,0.5168539325842697,0.5096774193548387,-0.016773201981522434,0.5941420770786711,-0.00042381862452641557,-0.13095995497866242,0.0017786135235414876,0.0008173289176131254,0.0,6.472491909385113e-05,-0.00308448598477488,0.030844859847748794,-0.006346146014796821,-1.9673052645870146,9.358245953595546e-05,4.748111461946052e-05,0.0,6.451612903225807e-05,-0.006551725717984496,0.06551725717984495
42,20000,0.0001,0.995,0.0,1,0.002,1,0.001,0.05,1.0,0.25,0.1,0.1,0.02,1.0,1,0.49514563106796117,0.575187969924812,0.5566343042071198,0.6977890042706454,0.44516129032258067,0.5168539325842697,0.5096774193548387,-0.016773201981522434,0.5941420770786711,-0.0007870759212433598,-0.24320645966419818,0.0017786135235414876,0.0004540716208961807,0.0,6.472491909385113e-05,-0.00308448598477488,0.030844859847748794,-0.00636724873240547,-1.9738471070456958,9.358245953595546e-05,2.6378397010811434e-05,0.0,6.451612903225807e-05,-0.006551725717984496,0.06551725717984495
42,20000,0.0001,0.99,0.01,1,0.002,1,0.001,0.05,1.0,0.35,0.1,0.1,0.02,1.0,1,0.49514563106796117,0.575187969924812,0.5566343042071198,0.6977890042706454,0.44516129032258067,0.5168539325842697,0.5096774193548387,-0.016773201981522434,0.5941420770786711,-0.0006054472728848877,-0.1870832073214303,0.0017786135235414876,0.000635700269254653,0.0,6.472491909385113e-05,-0.00308448598477488,0.030844859847748794,-0.006356697373601146,-1.9705761858163553,9.358245953595546e-05,3.692975581513599e-05,0.0,6.451612903225807e-05,-0.006551725717984496,0.06551725717984495
7,20000,0.0003,0.99,0.0,1,0.002,1,0.001,0.05,1.0,0.3,0.1,0.1,0.02,1.0,1,0.49514563106796117,0.575187969924812,0.5566343042071198,0.6977890042706454,0.44516129032258067,0.5168539325842697,0.5096774193548387,-0.016773201981522434,0.5941420770786711,-0.0006962615970641238,-0.21514483349281427,0.0017786135235414876,0.0005448859450754168,0.0,6.472491909385113e-05,-0.00308448598477488,0.030844859847748794,-0.006361973053003307,-1.9722116464310253,9.358245953595546e-05,3.1654076412973685e-05,0.0,6.451612903225807e-05,-0.006551725717984496,0.06551725717984495
13,20000,0.0003,0.99,0.01,1,0.002,1,0.001,0.05,1.0,0.4,0.1,0.1,0.02,1.0,1,0.49514563106796117,0.575187969924812,0.5566343042071198,0.6977890042706454,0.44516129032258067,0.5168539325842697,0.5096774193548387,-0.016773201981522434,0.5941420770786711,-0.0005146329487056516,-0.15902158115004633,0.0017786135235414876,0.0007265145934338892,0.0,6.472491909385113e-05,-0.00308448598477488,0.030844859847748794,-0.006351421694198983,-1.9689407252016848,9.358245953595546e-05,4.220543521729833e-05,0.0,6.451612903225807e-05,-0.006551725717984496,0.06551725717984495
42,20000,0.0001,0.99,0.01,1,0.002,1,0.001,0.05,1.0,0.25,0.1,0.1,0.02,1.0,1,0.49514563106796117,0.575187969924812,0.5566343042071198,0.6977890042706454,0.44516129032258067,0.5168539325842697,0.5096774193548387,-0.016773201981522434,0.5941420770786711,-0.0007870759212433598,-0.24320645966419818,0.0017786135235414876,0.0004540716208961807,0.0,6.472491909385113e-05,-0.00308448598477488,0.030844859847748794,-0.00636724873240547,-1.9738471070456958,9.358245953595546e-05,2.6378397010811434e-05,0.0,6.451612903225807e-05,-0.006551725717984496,0.06551725717984495
42,20000,0.0001,0.99,0.0,1,0.002,1,0.001,0.05,1.0,0.45,0.1,0.1,0.02,1.0,1,0.49514563106796117,0.575187969924812,0.5566343042071198,0.6977890042706454,0.44516129032258067,0.5168539325842697,0.5096774193548387,-0.016773201981522434,0.5941420770786711,-0.00042381862452641557,-0.13095995497866242,0.0017786135235414876,0.0008173289176131254,0.0,6.472491909385113e-05,-0.00308448598477488,0.030844859847748794,-0.006346146014796821,-1.9673052645870146,9.358245953595546e-05,4.748111461946052e-05,0.0,6.451612903225807e-05,-0.006551725717984496,0.06551725717984495
42,20000,0.0003,0.995,0.01,1,0.002,1,0.001,0.05,1.0,0.4,0.1,0.1,0.02,1.0,1,0.49514563106796117,0.575187969924812,0.5566343042071198,0.6977890042706454,0.44516129032258067,0.5168539325842697,0.5096774193548387,-0.016773201981522434,0.5941420770786711,-0.0005146329487056516,-0.15902158115004633,0.0017786135235414876,0.0007265145934338892,0.0,6.472491909385113e-05,-0.00308448598477488,0.030844859847748794,-0.006351421694198983,-1.9689407252016848,9.358245953595546e-05,4.220543521729833e-05,0.0,6.451612903225807e-05,-0.006551725717984496,0.06551725717984495
13,20000,0.0003,0.995,0.0,1,0.002,1,0.001,0.05,1.0,0.35,0.1,0.1,0.02,1.0,1,0.49514563106796117,0.575187969924812,0.5566343042071198,0.6977890042706454,0.44516129032258067,0.5168539325842697,0.5096774193548387,-0.016773201981522434,0.5941420770786711,-0.0006054472728848877,-0.1870832073214303,0.0017786135235414876,0.000635700269254653,0.0,6.472491909385113e-05,-0.00308448598477488,0.030844859847748794,-0.006356697373601146,-1.9705761858163553,9.358245953595546e-05,3.692975581513599e-05,0.0,6.451612903225807e-05,-0.006551725717984496,0.06551725717984495
7,20000,0.0001,0.995,0.0,1,0.002,1,0.001,0.05,1.0,0.25,0.1,0.1,0.02,1.0,1,0.49514563106796117,0.575187969924812,0.5566343042071198,0.6977890042706454,0.44516129032258067,0.5168539325842697,0.5096774193548387,-0.016773201981522434,0.5941420770786711,-0.0007870759212433598,-0.24320645966419818,0.0017786135235414876,0.0004540716208961807,0.0,6.472491909385113e-05,-0.00308448598477488,0.030844859847748794,-0.00636724873240547,-1.9738471070456958,9.358245953595546e-05,2.6378397010811434e-05,0.0,6.451612903225807e-05,-0.006551725717984496,0.06551725717984495
7,20000,0.0001,0.995,0.01,1,0.002,1,0.001,0.05,1.0,0.35,0.1,0.1,0.02,1.0,1,0.49514563106796117,0.575187969924812,0.5566343042071198,0.6977890042706454,0.44516129032258067,0.5168539325842697,0.5096774193548387,-0.016773201981522434,0.5941420770786711,-0.0006054472728848877,-0.1870832073214303,0.0017786135235414876,0.000635700269254653,0.0,6.472491909385113e-05,-0.00308448598477488,0.030844859847748794,-0.006356697373601146,-1.9705761858163553,9.358245953595546e-05,3.692975581513599e-05,0.0,6.451612903225807e-05,-0.006551725717984496,0.06551725717984495
7,20000,0.0001,0.99,0.01,1,0.002,1,0.001,0.05,1.0,0.4,0.1,0.1,0.02,1.0,1,0.49514563106796117,0.575187969924812,0.5566343042071198,0.6977890042706454,0.44516129032258067,0.5168539325842697,0.5096774193548387,-0.016773201981522434,0.5941420770786711,-0.0005146329487056516,-0.15902158115004633,0.0017786135235414876,0.0007265145934338892,0.0,6.472491909385113e-05,-0.00308448598477488,0.030844859847748794,-0.006351421694198983,-1.9689407252016848,9.358245953595546e-05,4.220543521729833e-05,0.0,6.451612903225807e-05,-0.006551725717984496,0.06551725717984495
7,20000,0.0003,0.995,0.01,1,0.002,1,0.001,0.05,1.0,0.35,0.1,0.1,0.02,1.0,1,0.49514563106796117,0.575187969924812,0.5566343042071198,0.6977890042706454,0.44516129032258067,0.5168539325842697,0.5096774193548387,-0.016773201981522434,0.5941420770786711,-0.0006054472728848877,-0.1870832073214303,0.0017786135235414876,0.000635700269254653,0.0,6.472491909385113e-05,-0.00308448598477488,0.030844859847748794,-0.006356697373601146,-1.9705761858163553,9.358245953595546e-05,3.692975581513599e-05,0.0,6.451612903225807e-05,-0.006551725717984496,0.06551725717984495
7,20000,0.0003,0.99,0.0,1,0.002,1,0.001,0.05,1.0,0.35,0.1,0.1,0.02,1.0,1,0.49514563106796117,0.575187969924812,0.5566343042071198,0.6977890042706454,0.44516129032258067,0.5168539325842697,0.5096774193548387,-0.016773201981522434,0.5941420770786711,-0.0006054472728848877,-0.1870832073214303,0.0017786135235414876,0.000635700269254653,0.0,6.472491909385113e-05,-0.00308448598477488,0.030844859847748794,-0.006356697373601146,-1.9705761858163553,9.358245953595546e-05,3.692975581513599e-05,0.0,6.451612903225807e-05,-0.006551725717984496,0.06551725717984495
42,20000,0.0001,0.995,0.01,1,0.002,1,0.001,0.05,1.0,0.4,0.1,0.1,0.02,1.0,1,0.49514563106796117,0.575187969924812,0.5566343042071198,0.6977890042706454,0.44516129032258067,0.5168539325842697,0.5096774193548387,-0.016773201981522434,0.5941420770786711,-0.0005146329487056516,-0.15902158115004633,0.0017786135235414876,0.0007265145934338892,0.0,6.472491909385113e-05,-0.00308448598477488,0.030844859847748794,-0.006351421694198983,-1.9689407252016848,9.358245953595546e-05,4.220543521729833e-05,0.0,6.451612903225807e-05,-0.006551725717984496,0.06551725717984495
42,20000,0.0001,0.995,0.01,1,0.002,1,0.001,0.05,1.0,0.35,0.1,0.1,0.02,1.0,1,0.49514563106796117,0.575187969924812,0.5566343042071198,0.6977890042706454,0.44516129032258067,0.5168539325842697,0.5096774193548387,-0.016773201981522434,0.5941420770786711,-0.0006054472728848877,-0.1870832073214303,0.0017786135235414876,0.000635700269254653,0.0,6.472491909385113e-05,-0.00308448598477488,0.030844859847748794,-0.006356697373601146,-1.9705761858163553,9.358245953595546e-05,3.692975581513599e-05,0.0,6.451612903225807e-05,-0.006551725717984496,0.06551725717984495
42,20000,0.0001,0.995,0.01,1,0.002,1,0.001,0.05,1.0,0.3,0.1,0.1,0.02,1.0,1,0.49514563106796117,0.575187969924812,0.5566343042071198,0.6977890042706454,0.44516129032258067,0.5168539325842697,0.5096774193548387,-0.016773201981522434,0.5941420770786711,-0.0006962615970641238,-0.21514483349281427,0.0017786135235414876,0.0005448859450754168,0.0,6.472491909385113e-05,-0.00308448598477488,0.030844859847748794,-0.006361973053003307,-1.9722116464310253,9.358245953595546e-05,3.1654076412973685e-05,0.0,6.451612903225807e-05,-0.006551725717984496,0.06551725717984495
7,20000,0.0003,0.995,0.0,1,0.002,1,0.001,0.05,1.0,0.3,0.1,0.1,0.02,1.0,1,0.49514563106796117,0.575187969924812,0.5566343042071198,0.6977890042706454,0.44516129032258067,0.5168539325842697,0.5096774193548387,-0.016773201981522434,0.5941420770786711,-0.0006962615970641238,-0.21514483349281427,0.0017786135235414876,0.0005448859450754168,0.0,6.472491909385113e-05,-0.00308448598477488,0.030844859847748794,-0.006361973053003307,-1.9722116464310253,9.358245953595546e-05,3.1654076412973685e-05,0.0,6.451612903225807e-05,-0.006551725717984496,0.06551725717984495
42,20000,0.0001,0.99,0.0,1,0.002,1,0.001,0.05,1.0,0.25,0.1,0.1,0.02,1.0,1,0.49514563106796117,0.575187969924812,0.5566343042071198,0.6977890042706454,0.44516129032258067,0.5168539325842697,0.5096774193548387,-0.016773201981522434,0.5941420770786711,-0.0007870759212433598,-0.24320645966419818,0.0017786135235414876,0.0004540716208961807,0.0,6.472491909385113e-05,-0.00308448598477488,0.030844859847748794,-0.00636724873240547,-1.9738471070456958,9.358245953595546e-05,2.6378397010811434e-05,0.0,6.451612903225807e-05,-0.006551725717984496,0.06551725717984495
42,20000,0.0001,0.995,0.01,1,0.002,1,0.001,0.05,1.0,0.25,0.1,0.1,0.02,1.0,1,0.49514563106796117,0.575187969924812,0.5566343042071198,0.6977890042706454,0.44516129032258067,0.5168539325842697,0.5096774193548387,-0.016773201981522434,0.5941420770786711,-0.0007870759212433598,-0.24320645966419818,0.0017786135235414876,0.0004540716208961807,0.0,6.472491909385113e-05,-0.00308448598477488,0.030844859847748794,-0.00636724873240547,-1.9738471070456958,9.358245953595546e-05,2.6378397010811434e-05,0.0,6.451612903225807e-05,-0.006551725717984496,0.06551725717984495
7,20000,0.0003,0.995,0.0,1,0.002,1,0.001,0.05,1.0,0.45,0.1,0.1,0.02,1.0,1,0.49514563106796117,0.575187969924812,0.5566343042071198,0.6977890042706454,0.44516129032258067,0.5168539325842697,0.5096774193548387,-0.016773201981522434,0.5941420770786711,-0.00042381862452641557,-0.13095995497866242,0.0017786135235414876,0.0008173289176131254,0.0,6.472491909385113e-05,-0.00308448598477488,0.030844859847748794,-0.006346146014796821,-1.9673052645870146,9.358245953595546e-05,4.748111461946052e-05,0.0,6.451612903225807e-05,-0.006551725717984496,0.06551725717984495
7,20000,0.0001,0.99,0.0,1,0.002,1,0.001,0.05,1.0,0.25,0.1,0.1,0.02,1.0,1,0.49514563106796117,0.575187969924812,0.5566343042071198,0.6977890042706454,0.44516129032258067,0.5168539325842697,0.5096774193548387,-0.016773201981522434,0.5941420770786711,-0.0007870759212433598,-0.24320645966419818,0.0017786135235414876,0.0004540716208961807,0.0,6.472491909385113e-05,-0.00308448598477488,0.030844859847748794,-0.00636724873240547,-1.9738471070456958,9.358245953595546e-05,2.6378397010811434e-05,0.0,6.451612903225807e-05,-0.006551725717984496,0.06551725717984495
7,20000,0.0001,0.99,0.0,1,0.002,1,0.001,0.05,1.0,0.3,0.1,0.1,0.02,1.0,1,0.49514563106796117,0.575187969924812,0.5566343042071198,0.6977890042706454,0.44516129032258067,0.5168539325842697,0.5096774193548387,-0.016773201981522434,0.5941420770786711,-0.0006962615970641238,-0.21514483349281427,0.0017786135235414876,0.0005448859450754168,0.0,6.472491909385113e-05,-0.00308448598477488,0.030844859847748794,-0.006361973053003307,-1.9722116464310253,9.358245953595546e-05,3.1654076412973685e-05,0.0,6.451612903225807e-05,-0.006551725717984496,0.06551725717984495
7,20000,0.0001,0.99,0.0,1,0.002,1,0.001,0.05,1.0,0.35,0.1,0.1,0.02,1.0,1,0.49514563106796117,0.575187969924812,0.5566343042071198,0.6977890042706454,0.44516129032258067,0.5168539325842697,0.5096774193548387,-0.016773201981522434,0.5941420770786711,-0.0006054472728848877,-0.1870832073214303,0.0017786135235414876,0.000635700269254653,0.0,6.472491909385113e-05,-0.00308448598477488,0.030844859847748794,-0.006356697373601146,-1.9705761858163553,9.358245953595546e-05,3.692975581513599e-05,0.0,6.451612903225807e-05,-0.006551725717984496,0.06551725717984495
7,20000,0.0001,0.99,0.0,1,0.002,1,0.001,0.05,1.0,0.4,0.1,0.1,0.02,1.0,1,0.49514563106796117,0.575187969924812,0.5566343042071198,0.6977890042706454,0.44516129032258067,0.5168539325842697,0.5096774193548387,-0.016773201981522434,0.5941420770786711,-0.0005146329487056516,-0.15902158115004633,0.0017786135235414876,0.0007265145934338892,0.0,6.472491909385113e-05,-0.00308448598477488,0.030844859847748794,-0.006351421694198983,-1.9689407252016848,9.358245953595546e-05,4.220543521729833e-05,0.0,6.451612903225807e-05,-0.006551725717984496,0.06551725717984495
7,20000,0.0001,0.99,0.0,1,0.002,1,0.001,0.05,1.0,0.45,0.1,0.1,0.02,1.0,1,0.49514563106796117,0.575187969924812,0.5566343042071198,0.6977890042706454,0.44516129032258067,0.5168539325842697,0.5096774193548387,-0.016773201981522434,0.5941420770786711,-0.00042381862452641557,-0.13095995497866242,0.0017786135235414876,0.0008173289176131254,0.0,6.472491909385113e-05,-0.00308448598477488,0.030844859847748794,-0.006346146014796821,-1.9673052645870146,9.358245953595546e-05,4.748111461946052e-05,0.0,6.451612903225807e-05,-0.006551725717984496,0.06551725717984495
7,20000,0.0001,0.99,0.01,1,0.002,1,0.001,0.05,1.0,0.25,0.1,0.1,0.02,1.0,1,0.49514563106796117,0.575187969924812,0.5566343042071198,0.6977890042706454,0.44516129032258067,0.5168539325842697,0.5096774193548387,-0.016773201981522434,0.5941420770786711,-0.0007870759212433598,-0.24320645966419818,0.0017786135235414876,0.0004540716208961807,0.0,6.472491909385113e-05,-0.00308448598477488,0.030844859847748794,-0.00636724873240547,-1.9738471070456958,9.358245953595546e-05,2.6378397010811434e-05,0.0,6.451612903225807e-05,-0.006551725717984496,0.06551725717984495
42,20000,0.0003,0.995,0.0,1,0.002,1,0.001,0.05,1.0,0.3,0.1,0.1,0.02,1.0,1,0.49514563106796117,0.575187969924812,0.5566343042071198,0.6977890042706454,0.44516129032258067,0.5168539325842697,0.5096774193548387,-0.016773201981522434,0.5941420770786711,-0.0006962615970641238,-0.21514483349281427,0.0017786135235414876,0.0005448859450754168,0.0,6.472491909385113e-05,-0.00308448598477488,0.030844859847748794,-0.006361973053003307,-1.9722116464310253,9.358245953595546e-05,3.1654076412973685e-05,0.0,6.451612903225807e-05,-0.006551725717984496,0.06551725717984495
7,20000,0.0001,0.99,0.01,1,0.002,1,0.001,0.05,1.0,0.35,0.1,0.1,0.02,1.0,1,0.49514563106796117,0.575187969924812,0.5566343042071198,0.6977890042706454,0.44516129032258067,0.5168539325842697,0.5096774193548387,-0.016773201981522434,0.5941420770786711,-0.0006054472728848877,-0.1870832073214303,0.0017786135235414876,0.000635700269254653,0.0,6.472491909385113e-05,-0.00308448598477488,0.030844859847748794,-0.006356697373601146,-1.9705761858163553,9.358245953595546e-05,3.692975581513599e-05,0.0,6.451612903225807e-05,-0.006551725717984496,0.06551725717984495
13,20000,0.0003,0.99,0.01,1,0.002,1,0.001,0.05,1.0,0.35,0.1,0.1,0.02,1.0,1,0.4919093851132686,0.5735849056603773,0.5551948051948052,0.6895585529237227,0.44193548387096776,0.5190839694656488,0.5098684210526315,-0.003911232815054899,0.5912626049733748,-0.0005247377541444452,-0.16214396603063355,0.0017699963803566028,0.0006131399479800724,-6.445806078451611e-06,0.00019417475728155338,-0.0030956030336842222,0.030956030336842213,-0.005337128742000873,-1.6545099100202707,0.00013966604944436753,4.744933083595547e-05,-9.182492381741202e-06,0.0008387096774193549,-0.00635377130731881,0.06353771307318812
7,20000,0.0003,0.99,0.01,1,0.002,1,0.001,0.05,1.0,0.45,0.1,0.1,0.02,1.0,1,0.47572815533980584,0.5703125,0.5536912751677853,0.6914779662376389,0.43870967741935485,0.5190839694656488,0.5114754098360655,-0.06109779753701072,0.5895592257978634,0.001044356806800031,0.3227062533012096,0.0017698370455644346,0.0007972654503384311,-5.4829620536102794e-05,0.001488673139158576,-0.0029565892077253074,0.029565892077253075,-0.005045869992627694,-1.5642196977145852,-0.00010170263968222254,9.464665763209953e-05,-2.6196827595906483e-05,0.0007096774193548388,-0.005722294602336504,0.05722294602336504
42,20000,0.0003,0.99,0.0,1,0.002,1,0.001,0.05,1.0,0.3,0.1,0.1,0.02,1.0,1,0.47572815533980584,0.5703125,0.5536912751677853,0.6914779662376389,0.43870967741935485,0.5190839694656488,0.5114754098360655,-0.06109779753701072,0.5895592257978634,0.0007786016566872211,0.24058791191635132,0.0017698370455644346,0.0005315103002256205,-5.4829620536102794e-05,0.001488673139158576,-0.0029565892077253074,0.029565892077253075,-0.0050774188785050614,-1.573999852336569,-0.00010170263968222254,6.309777175473299e-05,-2.6196827595906483e-05,0.0007096774193548388,-0.005722294602336504,0.05722294602336504
7,20000,0.0003,0.99,0.0,1,0.002,1,0.001,0.05,1.0,0.45,0.1,0.1,0.02,1.0,1,0.47572815533980584,0.5703125,0.5536912751677853,0.6914779662376389,0.43870967741935485,0.5190839694656488,0.5114754098360655,-0.06109779753701072,0.5895592257978634,0.001044356806800031,0.3227062533012096,0.0017698370455644346,0.0007972654503384311,-5.4829620536102794e-05,0.001488673139158576,-0.0029565892077253074,0.029565892077253075,-0.005045869992627694,-1.5642196977145852,-0.00010170263968222254,9.464665763209953e-05,-2.6196827595906483e-05,0.0007096774193548388,-0.005722294602336504,0.05722294602336504
7,20000,0.0003,0.995,0.01,1,0.002,1,0.001,0.05,1.0,0.45,0.1,0.1,0.02,1.0,1,0.47896440129449835,0.5719844357976653,0.5551839464882943,0.677789505035594,0.44516129032258067,0.5168539325842697,0.5096774193548387,-0.016773201981522434,0.5881053028524398,0.0009335199173445351,0.28845765445946137,0.0017488825959432353,0.0008145568875141757,-3.8391687426837505e-05,0.0013592233009708738,-0.0029507511796569123,0.02950751179656912,-0.006346146014796821,-1.9673052645870146,9.358245953595546e-05,4.748111461946052e-05,0.0,6.451612903225807e-05,-0.006551725717984496,0.06551725717984495
42,20000,0.0003,0.99,0.01,1,0.002,1,0.001,0.05,1.0,0.3,0.1,0.1,0.02,1.0,1,0.4919093851132686,0.5714285714285714,0.5533980582524272,0.6813281015767956,0.44516129032258067,0.5168539325842697,0.5096774193548387,-0.042889719224625145,0.587999323505373,-0.000646519472492361,-0.19977451700013954,0.0017614342871470384,0.0005062111086047072,0.0,0.00019417475728155338,-0.0031083396255256594,0.0310833962552566,-0.0066316115693264835,-2.0557995864912098,1.5399787638940976e-05,1.1742621937215306e-05,0.0,0.0003225806451612903,-0.00698133462406393,0.0698133462406393
7,20000,0.0003,0.99,0.01,1,0.002,1,0.001,0.05,1.0,0.25,0.1,0.1,0.02,1.0,1,0.4919093851132686,0.5714285714285714,0.5533980582524272,0.6813281015767956,0.44516129032258067,0.5168539325842697,0.5096774193548387,-0.016773201981522434,0.587999323505373,-0.0007308879905931453,-0.22584438909328192,0.0017614342871470384,0.0004218425905039227,0.0,0.00019417475728155338,-0.0031083396255256594,0.0310833962552566,-0.00636724873240547,-1.9738471070456958,9.358245953595546e-05,2.6378397010811434e-05,0.0,6.451612903225807e-05,-0.006551725717984496,0.06551725717984495
7,20000,0.0003,0.99,0.0,1,0.002,1,0.001,0.05,1.0,0.25,0.1,0.1,0.02,1.0,1,0.4886731391585761,0.571969696969697,0.5537459283387622,0.6697929843426211,0.43870967741935485,0.5190839694656488,0.5114754098360655,-0.06109779753701072,0.5860672238550013,-0.0006249433040626258,-0.19310748095535135,0.0017486440437218037,0.00043403266585886484,-8.015582014926346e-06,0.00032362459546925567,-0.003123229027097623,0.031232290270976234,-0.005087935173797516,-1.5772599038772301,-0.00010170263968222254,5.258147646227754e-05,-2.6196827595906483e-05,0.0007096774193548388,-0.005722294602336504,0.05722294602336504
7,20000,0.0003,0.99,0.01,1,0.002,1,0.001,0.05,1.0,0.4,0.1,0.1,0.02,1.0,1,0.4886731391585761,0.571969696969697,0.5537459283387622,0.6697929843426211,0.43870967741935485,0.5190839694656488,0.5114754098360655,-0.06109779753701072,0.5860672238550013,-0.0003645237045473065,-0.11263782470511771,0.0017486440437218037,0.0006944522653741838,-8.015582014926346e-06,0.00032362459546925567,-0.003123229027097623,0.031232290270976234,-0.00505638628792015,-1.5674797492552464,-0.00010170263968222254,8.413036233964411e-05,-2.6196827595906483e-05,0.0007096774193548388,-0.005722294602336504,0.05722294602336504
7,20000,0.0003,0.995,0.01,1,0.002,1,0.001,0.05,1.0,0.4,0.1,0.1,0.02,1.0,1,0.4886731391585761,0.571969696969697,0.5537459283387622,0.6697929843426211,0.43870967741935485,0.5190839694656488,0.5114754098360655,-0.06109779753701072,0.5860672238550013,-0.0003645237045473065,-0.11263782470511771,0.0017486440437218037,0.0006944522653741838,-8.015582014926346e-06,0.00032362459546925567,-0.003123229027097623,0.031232290270976234,-0.00505638628792015,-1.5674797492552464,-0.00010170263968222254,8.413036233964411e-05,-2.6196827595906483e-05,0.0007096774193548388,-0.005722294602336504,0.05722294602336504
7,20000,0.0003,0.995,0.0,1,0.002,1,0.001,0.05,1.0,0.35,0.1,0.1,0.02,1.0,1,0.47249190938511326,0.5686274509803921,0.5521885521885522,0.6791549333482598,0.43870967741935485,0.5190839694656488,0.5114754098360655,-0.06109779753701072,0.5858012778164137,0.0010923221079416371,0.33752753135396585,0.0017567342492211834,0.0006276258682117176,-6.051503146472569e-05,0.0017475728155339806,-0.0029790957935605196,0.029790957935605183,-0.005066902583212606,-1.5707398007959077,-0.00010170263968222254,7.361406704718852e-05,-2.6196827595906483e-05,0.0007096774193548388,-0.005722294602336504,0.05722294602336504
42,20000,0.0001,0.99,0.0,1,0.002,1,0.001,0.05,1.0,0.4,0.1,0.1,0.02,1.0,1,0.4886731391585761,0.5676691729323309,0.5533980582524272,0.6695143851429679,0.44516129032258067,0.5168539325842697,0.5096774193548387,-0.016773201981522434,0.5837568809704872,-0.0003476689092598269,-0.10742969296128652,0.0017338194298217799,0.0006993892884388495,0.0,0.00045307443365695787,-0.0032339520611774143,0.03233952061177414,-0.006351421694198983,-1.9689407252016848,9.358245953595546e-05,4.220543521729833e-05,0.0,6.451612903225807e-05,-0.006551725717984496,0.06551725717984495
42,20000,0.0003,0.995,0.01,1,0.002,1,0.001,0.05,1.0,0.3,0.1,0.1,0.02,1.0,1,0.4919093851132686,0.5714285714285714,0.5533980582524272,0.6564065016444207,0.44516129032258067,0.5168539325842697,0.5096774193548387,-0.042889719224625145,0.583015003518898,-0.000556587681912451,-0.17198559371094735,0.0017356501633966793,0.0005218979581503737,0.0,0.000453074433656958,-0.0032672102371164623,0.032672102371164614,-0.0066316115693264835,-2.0557995864912098,1.5399787638940976e-05,1.1742621937215306e-05,0.0,0.0003225806451612903,-0.00698133462406393,0.0698133462406393
7,20000,0.0003,0.99,0.01,1,0.002,1,0.001,0.05,1.0,0.3,0.1,0.1,0.02,1.0,1,0.4886731391585761,0.569811320754717,0.551948051948052,0.6500274157615173,0.44516129032258067,0.518796992481203,0.511326860841424,-0.0031161941773637514,0.5804955591140775,-0.00046303472638101076,-0.14307773045173233,0.001434892893301095,0.0005161298712212136,-6.445806078451611e-06,0.00032362459546925567,-0.0027312362802941236,0.027312362802941238,-0.006110749911575763,-1.8943324725884867,0.0001332393060757118,3.2171659517457845e-05,-1.725277014947273e-07,0.0001935483870967742,-0.006469536736564213,0.06469536736564213
13,20000,0.0001,0.995,0.0,1,0.002,1,0.001,0.05,1.0,0.3,0.1,0.1,0.02,1.0,1,0.4919093851132686,0.5714285714285714,0.5598705501618123,0.6223845254754563,0.4483870967741935,0.5205992509363296,0.5129032258064516,-0.10525027460265268,0.5781523558579207,0.004544100216636698,1.4041269669407397,0.001446084403500593,0.0002983035633429216,0.0,0.006148867313915858,-0.0033491550641226745,0.03349155064122675,-0.007735700378091933,-2.398067117208499,-0.00024626143419505296,9.454146709649233e-05,0.0,0.0007096774193548388,-0.008293657830348213,0.0829365783034821
42,20000,0.0001,0.99,0.0,1,0.002,1,0.001,0.05,1.0,0.3,0.1,0.1,0.02,1.0,1,0.4886731391585761,0.5676691729323309,0.5501618122977346,0.6419895348943445,0.44516129032258067,0.5168539325842697,0.5096774193548387,-0.016773201981522434,0.5772810371343547,-0.0004977206805374156,-0.1537956902860614,0.0014252061237751256,0.0004967924529858588,0.0,0.00032362459546925567,-0.002743343852767656,0.027433438527676553,-0.006361973053003307,-1.9722116464310253,9.358245953595546e-05,3.1654076412973685e-05,0.0,6.451612903225807e-05,-0.006551725717984496,0.06551725717984495
42,20000,0.0001,0.995,0.0,1,0.002,1,0.001,0.05,1.0,0.45,0.1,0.1,0.02,1.0,1,0.4886731391585761,0.5676691729323309,0.5501618122977346,0.6419895348943445,0.44516129032258067,0.5168539325842697,0.5096774193548387,-0.016773201981522434,0.5772810371343547,-0.00024932445404448635,-0.07704125629974629,0.0014252061237751256,0.0007451886794787884,0.0,0.00032362459546925567,-0.002743343852767656,0.027433438527676553,-0.006346146014796821,-1.9673052645870146,9.358245953595546e-05,4.748111461946052e-05,0.0,6.451612903225807e-05,-0.006551725717984496,0.06551725717984495
42,20000,0.0003,0.99,0.01,1,0.002,1,0.001,0.05,1.0,0.45,0.1,0.1,0.02,1.0,1,0.4886731391585761,0.5676691729323309,0.5501618122977346,0.6419895348943445,0.4483870967741935,0.5205992509363296,0.5129032258064516,-0.10525027460265268,0.5772810371343547,-0.00024932445404448635,-0.07704125629974629,0.0014252061237751256,0.0007451886794787884,0.0,0.00032362459546925567,-0.002743343852767656,0.027433438527676553,-0.007688429644543686,-2.3834131898085427,-0.00024626143419505296,0.0001418122006447385,0.0,0.0007096774193548388,-0.008293657830348213,0.0829365783034821
42,20000,0.0001,0.99,0.01,1,0.002,1,0.001,0.05,1.0,0.45,0.1,0.1,0.02,1.0,1,0.4886731391585761,0.5676691729323309,0.5501618122977346,0.6419895348943445,0.4483870967741935,0.5205992509363296,0.5129032258064516,-0.10525027460265268,0.5772810371343547,-0.00024932445404448635,-0.07704125629974629,0.0014252061237751256,0.0007451886794787884,0.0,0.00032362459546925567,-0.002743343852767656,0.027433438527676553,-0.007688429644543686,-2.3834131898085427,-0.00024626143419505296,0.0001418122006447385,0.0,0.0007096774193548388,-0.008293657830348213,0.0829365783034821
42,20000,0.0001,0.995,0.0,1,0.002,1,0.001,0.05,1.0,0.3,0.1,0.1,0.02,1.0,1,0.4886731391585761,0.5676691729323309,0.5501618122977346,0.6419895348943445,0.4483870967741935,0.5205992509363296,0.5096774193548387,0.003995160495874561,0.5772810371343547,-0.0004977206805374156,-0.1537956902860614,0.0014252061237751256,0.0004967924529858588,0.0,0.00032362459546925567,-0.002743343852767656,0.027433438527676553,-0.005405834335813796,-1.6758086441022768,0.00016843854749421712,5.0022360361301844e-05,0.0,0.0005806451612903225,-0.006204940404959638,0.06204940404959637
42,20000,0.0001,0.99,0.0,1,0.002,1,0.001,0.05,1.0,0.35,0.1,0.1,0.02,1.0,1,0.4886731391585761,0.5676691729323309,0.5501618122977346,0.6419895348943445,0.4483870967741935,0.5205992509363296,0.5129032258064516,-0.10525027460265268,0.5772810371343547,-0.00041492193837310606,-0.12821087895728978,0.0014252061237751256,0.0005795911951501687,0.0,0.00032362459546925567,-0.002743343852767656,0.027433438527676553,-0.007719943466909184,-2.393182474741847,-0.00024626143419505296,0.00011029837827924111,0.0,0.0007096774193548388,-0.008293657830348213,0.0829365783034821
42,20000,0.0001,0.99,0.01,1,0.002,1,0.001,0.05,1.0,0.4,0.1,0.1,0.02,1.0,1,0.4886731391585761,0.5676691729323309,0.5501618122977346,0.6419895348943445,0.4483870967741935,0.5205992509363296,0.5129032258064516,-0.10525027460265268,0.5772810371343547,-0.00033212319620879577,-0.10262606762851789,0.0014252061237751256,0.0006623899373144785,0.0,0.00032362459546925567,-0.002743343852767656,0.027433438527676553,-0.007704186555726435,-2.388297832275195,-0.00024626143419505296,0.00012605528946198986,0.0,0.0007096774193548388,-0.008293657830348213,0.0829365783034821
42,20000,0.0003,0.995,0.0,1,0.002,1,0.001,0.05,1.0,0.45,0.1,0.1,0.02,1.0,1,0.4886731391585761,0.5676691729323309,0.5501618122977346,0.6419895348943445,0.4483870967741935,0.5205992509363296,0.5129032258064516,-0.10525027460265268,0.5772810371343547,-0.00024932445404448635,-0.07704125629974629,0.0014252061237751256,0.0007451886794787884,0.0,0.00032362459546925567,-0.002743343852767656,0.027433438527676553,-0.007688429644543686,-2.3834131898085427,-0.00024626143419505296,0.0001418122006447385,0.0,0.0007096774193548388,-0.008293657830348213,0.0829365783034821
42,20000,0.0003,0.995,0.01,1,0.002,1,0.001,0.05,1.0,0.25,0.1,0.1,0.02,1.0,1,0.4886731391585761,0.5676691729323309,0.5501618122977346,0.6419895348943445,0.4483870967741935,0.5205992509363296,0.5129032258064516,-0.10525027460265268,0.5772810371343547,-0.0005805194227017254,-0.17938050161483315,0.0014252061237751256,0.000413993710821549,0.0,0.00032362459546925567,-0.002743343852767656,0.027433438527676553,-0.007751457289274681,-2.402951759675151,-0.00024626143419505296,7.878455591374365e-05,0.0,0.0007096774193548388,-0.008293657830348213,0.0829365783034821
42,20000,0.0001,0.99,0.01,1,0.002,1,0.001,0.05,1.0,0.3,0.1,0.1,0.02,1.0,1,0.4886731391585761,0.5676691729323309,0.5501618122977346,0.6419895348943445,0.44193548387096776,0.5131086142322098,0.5064516129032258,-0.05611927714577103,0.5772810371343547,-0.0004977206805374156,-0.1537956902860614,0.0014252061237751256,0.0004967924529858588,0.0,0.00032362459546925567,-0.002743343852767656,0.027433438527676553,-0.006918080500120188,-2.1446049550372583,-2.4551363646528555e-05,-1.5492711032986423e-05,0.0,0.0001935483870967742,-0.007071584812537447,0.07071584812537447
42,20000,0.0003,0.995,0.01,1,0.002,1,0.001,0.05,1.0,0.35,0.1,0.1,0.02,1.0,1,0.4886731391585761,0.5676691729323309,0.5501618122977346,0.6419895348943445,0.4483870967741935,0.5205992509363296,0.5129032258064516,-0.10525027460265268,0.5772810371343547,-0.00041492193837310606,-0.12821087895728978,0.0014252061237751256,0.0005795911951501687,0.0,0.00032362459546925567,-0.002743343852767656,0.027433438527676553,-0.007719943466909184,-2.393182474741847,-0.00024626143419505296,0.00011029837827924111,0.0,0.0007096774193548388,-0.008293657830348213,0.0829365783034821
13,20000,0.0001,0.995,0.01,1,0.002,1,0.001,0.05,1.0,0.35,0.1,0.1,0.02,1.0,1,0.4886731391585761,0.5676691729323309,0.5501618122977346,0.6419895348943445,0.4483870967741935,0.5205992509363296,0.5129032258064516,-0.10525027460265268,0.5772810371343547,-0.00041492193837310606,-0.12821087895728978,0.0014252061237751256,0.0005795911951501687,0.0,0.00032362459546925567,-0.002743343852767656,0.027433438527676553,-0.007719943466909184,-2.393182474741847,-0.00024626143419505296,0.00011029837827924111,0.0,0.0007096774193548388,-0.008293657830348213,0.0829365783034821
42,20000,0.0001,0.995,0.01,1,0.002,1,0.001,0.05,1.0,0.45,0.1,0.1,0.02,1.0,1,0.4886731391585761,0.5676691729323309,0.5501618122977346,0.6419895348943445,0.44516129032258067,0.5168539325842697,0.5096774193548387,-0.019607367117211894,0.5772810371343547,-0.00024932445404448635,-0.07704125629974629,0.0014252061237751256,0.0007451886794787884,0.0,0.00032362459546925567,-0.002743343852767656,0.027433438527676553,-0.006177477279818526,-1.915017956743743,8.331745675916951e-05,2.820940144398315e-05,0.0,0.0003225806451612903,-0.00661158478318297,0.0661158478318297
7,20000,0.0003,0.99,0.0,1,0.002,1,0.001,0.05,1.0,0.4,0.1,0.1,0.02,1.0,1,0.4886731391585761,0.5676691729323309,0.5501618122977346,0.6419895348943445,0.44516129032258067,0.5168539325842697,0.5096774193548387,-0.016773201981522434,0.5772810371343547,-0.00033212319620879577,-0.10262606762851789,0.0014252061237751256,0.0006623899373144785,0.0,0.00032362459546925567,-0.002743343852767656,0.027433438527676553,-0.006351421694198983,-1.9689407252016848,9.358245953595546e-05,4.220543521729833e-05,0.0,6.451612903225807e-05,-0.006551725717984496,0.06551725717984495
7,20000,0.0003,0.995,0.0,1,0.002,1,0.001,0.05,1.0,0.25,0.1,0.1,0.02,1.0,1,0.4886731391585761,0.5676691729323309,0.5501618122977346,0.6419895348943445,0.4483870967741935,0.5205992509363296,0.5129032258064516,-0.10525027460265268,0.5772810371343547,-0.0005805194227017254,-0.17938050161483315,0.0014252061237751256,0.000413993710821549,0.0,0.00032362459546925567,-0.002743343852767656,0.027433438527676553,-0.007751457289274681,-2.402951759675151,-0.00024626143419505296,7.878455591374365e-05,0.0,0.0007096774193548388,-0.008293657830348213,0.0829365783034821
13,20000,0.0001,0.99,0.0,1,0.002,1,0.001,0.05,1.0,0.35,0.1,0.1,0.02,1.0,1,0.4886731391585761,0.5676691729323309,0.5501618122977346,0.6419895348943445,0.44516129032258067,0.5168539325842697,0.5096774193548387,-0.016773201981522434,0.5772810371343547,-0.00041492193837310606,-0.12821087895728978,0.0014252061237751256,0.0005795911951501687,0.0,0.00032362459546925567,-0.002743343852767656,0.027433438527676553,-0.006356697373601146,-1.9705761858163553,9.358245953595546e-05,3.692975581513599e-05,0.0,6.451612903225807e-05,-0.006551725717984496,0.06551725717984495
7,20000,0.0003,0.995,0.01,1,0.002,1,0.001,0.05,1.0,0.25,0.1,0.1,0.02,1.0,1,0.4886731391585761,0.5676691729323309,0.5501618122977346,0.6419895348943445,0.45161290322580644,0.5243445692883895,0.5129032258064516,0.041186182548701655,0.5772810371343547,-0.0005805194227017254,-0.17938050161483315,0.0014252061237751256,0.000413993710821549,0.0,0.00032362459546925567,-0.002743343852767656,0.027433438527676553,-0.005521497370946606,-1.711664184993448,0.00025277932190163877,5.470782868959068e-06,0.0,0.0004516129032258065,-0.00623136037894301,0.06231360378943011
7,20000,0.0001,0.99,0.01,1,0.002,1,0.001,0.05,1.0,0.3,0.1,0.1,0.02,1.0,1,0.47249190938511326,0.56640625,0.5503355704697986,0.6398678329311893,0.44193548387096776,0.5189393939393939,0.511400651465798,-0.0008073412495974708,0.5762773627271776,0.0010076041596988672,0.31134968534695,0.0014259260390007884,0.0005497205111237609,-5.659653772205802e-05,0.0017475728155339806,-0.002659018668237605,0.026590186682376046,-0.00569856725139197,-1.7665558479315107,0.00014969172708990676,3.1667731888567635e-05,-4.287154753081842e-06,0.00045161290322580643,-0.0063272524588431685,0.06327252458843169
13,20000,0.0001,0.99,0.01,1,0.002,1,0.001,0.05,1.0,0.3,0.1,0.1,0.02,1.0,1,0.4368932038834951,0.5589519650655022,0.5509433962264151,0.508093079540249,0.43870967741935485,0.5190839694656488,0.5114754098360655,-0.06109779753701072,0.5463776173087254,0.005509543403455851,1.7024489116678578,0.0011895168005131567,0.0005383667023196744,-0.00015815849723970193,0.006148867313915858,-0.0022090489160531365,0.022090489160531364,-0.0050774188785050614,-1.573999852336569,-0.00010170263968222254,6.309777175473299e-05,-2.6196827595906483e-05,0.0007096774193548388,-0.005722294602336504,0.05722294602336504
7,20000,0.0003,0.99,0.01,1,0.002,1,0.001,0.05,1.0,0.35,0.1,0.1,0.02,1.0,1,0.42394822006472493,0.5565217391304348,0.5407407407407407,0.4187905354099457,0.43870967741935485,0.5190839694656488,0.5114754098360655,-0.06109779753701072,0.5242411988694288,0.0032533215038769918,1.0052763446979904,0.001149502337455408,0.0006442442147992661,-0.00011262224021432813,0.005372168284789643,-0.0037999710929529982,0.03799971092952998,-0.005066902583212606,-1.5707398007959077,-0.00010170263968222254,7.361406704718852e-05,-2.6196827595906483e-05,0.0007096774193548388,-0.005722294602336504,0.05722294602336504
42,20000,0.0003,0.99,0.0,1,0.002,1,0.001,0.05,1.0,0.35,0.1,0.1,0.02,1.0,1,0.459546925566343,0.5338345864661654,0.5275080906148867,0.4315090117678344,0.4483870967741935,0.5205992509363296,0.5129032258064516,-0.10525027460265268,0.5114715227711156,0.0009781128798326073,0.3022368798682757,0.0011847369953355638,0.0006231089173038144,0.0,0.0033009708737864077,-0.004130703906593179,0.041307039065931785,-0.007719943466909184,-2.393182474741847,-0.00024626143419505296,0.00011029837827924111,0.0,0.0007096774193548388,-0.008293657830348213,0.0829365783034821
42,20000,0.0003,0.99,0.01,1,0.002,1,0.001,0.05,1.0,0.4,0.1,0.1,0.02,1.0,1,0.4563106796116505,0.5340909090909091,0.5276872964169381,0.42307511520042307,0.4483870967741935,0.5205992509363296,0.5129032258064516,-0.10525027460265268,0.5099666665106206,0.0009644709859021904,0.29802153464377684,0.0011732976083554674,0.0007224648606209077,-2.5850959255656613e-06,0.0033009708737864077,-0.0042296772609350265,0.04229677260935026,-0.007704186555726435,-2.388297832275195,-0.00024626143419505296,0.00012605528946198986,0.0,0.0007096774193548388,-0.008293657830348213,0.0829365783034821
13,20000,0.0003,0.99,0.0,1,0.002,1,0.001,0.05,1.0,0.35,0.1,0.1,0.02,1.0,1,0.3042071197411003,0.5488721804511278,0.5225806451612903,0.15935320887801918,0.3064516129032258,0.49640287769784175,0.5192307692307693,-0.19965522946059922,0.4630809255495548,0.017529215232345782,5.416527506794846,0.00047730569590526036,0.0004505524381473147,-0.0005490374401151009,0.02,-0.002849605461591695,0.02849605461591695,0.004745097636408076,1.4709802672865036,-0.0006201119596668899,0.00024601494764019127,-0.0005945331865894136,0.02,-0.014286272164975812,0.1428627216497581
42,20000,0.0003,0.99,0.01,1,0.002,1,0.001,0.05,1.0,0.25,0.1,0.1,0.02,1.0,1,0.45307443365695793,0.5263157894736842,0.517799352750809,0.17703217696086293,0.44516129032258067,0.5168539325842697,0.5096774193548387,-0.11701380729075084,0.4539041359542574,-0.0016722411738830808,-0.516722522729872,0.00048143819027254636,0.000412637822784561,0.0,0.007313915857605178,-0.009880233044545368,0.09880233044545367,-0.0077333619916540195,-2.397342217412746,-0.00028171052342258654,0.00013260993323952304,0.0,0.000903225806451613,-0.00848748720792257,0.08487487207922567
42,20000,0.0003,0.99,0.0,1,0.002,1,0.001,0.05,1.0,0.4,0.1,0.1,0.02,1.0,1,0.41423948220064727,0.48120300751879697,0.4854368932038835,0.014605699241709624,0.4161290322580645,0.48314606741573035,0.4838709677419355,-0.389675177002726,0.38915371156890544,0.006850928619779343,2.116936943511817,0.00015169331328294386,0.0004031505398839463,0.0,0.01715210355987055,-0.010856018793258097,0.10856018793258097,-0.019549483698398956,-6.060339946503676,-0.0012472956755978498,0.000238343927023846,0.0,0.0034193548387096775,-0.02195988678853463,0.2195988678853463
42,20000,0.0003,0.995,0.0,1,0.002,1,0.001,0.05,1.0,0.25,0.1,0.1,0.02,1.0,1,0.43042071197411,0.5,0.49514563106796117,-0.06115825047930479,0.47419354838709676,0.550561797752809,0.5387096774193548,0.25360462657757465,0.38631203922452734,-0.0017025176084421957,-0.5260779410086385,-0.00028038859729780736,0.0004516274017036753,0.0,0.015210355987055016,-0.017084112399903085,0.17084112399903081,0.004112685136080227,1.2749323921848705,0.0007324954244995875,-0.00034897812987125145,0.0,0.009741935483870968,-0.006012767642419076,0.060127676424190764
42,20000,0.0003,0.995,0.01,1,0.002,1,0.001,0.05,1.0,0.45,0.1,0.1,0.02,1.0,1,0.42394822006472493,0.4924812030075188,0.4854368932038835,-0.07520957586472432,0.45161290322580644,0.5243445692883895,0.5258064516129032,-0.2961029853682855,0.3768297542919796,0.0010540209497309017,0.3256924734668486,-0.0003151082556556564,0.0003793635255337026,0.0,0.017928802588996765,-0.01693903690914391,0.1693903690914391,-0.011911787567426347,-3.692654145902168,-0.0008250213817562091,0.00061244197285356,0.0,0.0061290322580645155,-0.017828240416588214,0.17828240416588215
42,20000,0.0003,0.99,0.0,1,0.002,1,0.001,0.05,1.0,0.45,0.1,0.1,0.02,1.0,1,0.4077669902912621,0.47368421052631576,0.46601941747572817,-0.2338332567182715,0.4161290322580645,0.48314606741573035,0.5096774193548387,-0.3814924561620384,0.329881279162222,0.0014066637445544435,0.4346590970673231,-0.0007353815246669217,0.000341234494765684,0.0,0.02,-0.01819918922554432,0.18199189225544316,-0.009870466942001829,-3.0598447520205667,-0.0013667204038525548,0.0006225742424135783,0.0,0.02,-0.029126320780562855,0.2912632078056285
42,20000,0.0003,0.99,0.01,1,0.002,1,0.001,0.05,1.0,0.35,0.1,0.1,0.02,1.0,1,0.4077669902912621,0.47368421052631576,0.46601941747572817,-0.2338332567182715,0.4161290322580645,0.48314606741573035,0.5096774193548387,-0.3814924561620384,0.329881279162222,0.001330833856828736,0.4112276617600794,-0.0007353815246669217,0.00026540460703997635,0.0,0.02,-0.01819918922554432,0.18199189225544316,-0.01000881677364929,-3.10273319983128,-0.0013667204038525548,0.0004842244107661165,0.0,0.02,-0.029126320780562855,0.2912632078056285
42,20000,0.0001,0.995,0.0,1,0.002,1,0.001,0.05,1.0,0.35,0.1,0.1,0.02,1.0,1,0.3656957928802589,0.424812030075188,0.4401294498381877,-0.4474375364742571,0.4161290322580645,0.48314606741573035,0.4870967741935484,-0.08048921659917896,0.25495734269419884,-0.035080644447253624,-10.83991913420137,-0.0031821190701995746,-0.000635700269254653,0.0,6.472491909385113e-05,-0.03132755002689324,0.31327550026893247,-0.01983498279826083,-6.148844667460857,0.00018325987160322055,-3.692975581513599e-05,0.0,6.451612903225807e-05,-0.020045829043081168,0.20045829043081173
13,20000,0.0001,0.99,0.0,1,0.002,1,0.001,0.05,1.0,0.25,0.1,0.1,0.02,1.0,1,0.3656957928802589,0.424812030075188,0.4401294498381877,-0.4474375364742571,0.4161290322580645,0.48314606741573035,0.4870967741935484,-0.08048921659917896,0.25495734269419884,-0.03489901579889515,-10.783795881858602,-0.0031821190701995746,-0.0004540716208961807,0.0,6.472491909385113e-05,-0.03132755002689324,0.31327550026893247,-0.019824431439456506,-6.145573746231516,0.00018325987160322055,-2.6378397010811434e-05,0.0,6.451612903225807e-05,-0.020045829043081168,0.20045829043081173
13,20000,0.0001,0.99,0.01,1,0.002,1,0.001,0.05,1.0,0.35,0.1,0.1,0.02,1.0,1,0.3656957928802589,0.424812030075188,0.4401294498381877,-0.4474375364742571,0.4161290322580645,0.48314606741573035,0.4870967741935484,-0.08048921659917896,0.25495734269419884,-0.035080644447253624,-10.83991913420137,-0.0031821190701995746,-0.000635700269254653,0.0,6.472491909385113e-05,-0.03132755002689324,0.31327550026893247,-0.01983498279826083,-6.148844667460857,0.00018325987160322055,-3.692975581513599e-05,0.0,6.451612903225807e-05,-0.020045829043081168,0.20045829043081173
13,20000,0.0001,0.99,0.0,1,0.002,1,0.001,0.05,1.0,0.4,0.1,0.1,0.02,1.0,1,0.3656957928802589,0.424812030075188,0.4401294498381877,-0.4474375364742571,0.4161290322580645,0.48314606741573035,0.4870967741935484,-0.08048921659917896,0.25495734269419884,-0.03517145877143286,-10.867980760372753,-0.0031821190701995746,-0.0007265145934338892,0.0,6.472491909385113e-05,-0.03132755002689324,0.31327550026893247,-0.019840258477662992,-6.150480128075527,0.00018325987160322055,-4.220543521729833e-05,0.0,6.451612903225807e-05,-0.020045829043081168,0.20045829043081173
13,20000,0.0001,0.995,0.0,1,0.002,1,0.001,0.05,1.0,0.25,0.1,0.1,0.02,1.0,1,0.3656957928802589,0.424812030075188,0.4401294498381877,-0.4474375364742571,0.4161290322580645,0.48314606741573035,0.4870967741935484,-0.08048921659917896,0.25495734269419884,-0.03489901579889515,-10.783795881858602,-0.0031821190701995746,-0.0004540716208961807,0.0,6.472491909385113e-05,-0.03132755002689324,0.31327550026893247,-0.019824431439456506,-6.145573746231516,0.00018325987160322055,-2.6378397010811434e-05,0.0,6.451612903225807e-05,-0.020045829043081168,0.20045829043081173
13,20000,0.0001,0.995,0.01,1,0.002,1,0.001,0.05,1.0,0.4,0.1,0.1,0.02,1.0,1,0.3656957928802589,0.424812030075188,0.4401294498381877,-0.4474375364742571,0.4161290322580645,0.48314606741573035,0.4870967741935484,-0.08048921659917896,0.25495734269419884,-0.03517145877143286,-10.867980760372753,-0.0031821190701995746,-0.0007265145934338892,0.0,6.472491909385113e-05,-0.03132755002689324,0.31327550026893247,-0.019840258477662992,-6.150480128075527,0.00018325987160322055,-4.220543521729833e-05,0.0,6.451612903225807e-05,-0.020045829043081168,0.20045829043081173
13,20000,0.0003,0.99,0.0,1,0.002,1,0.001,0.05,1.0,0.25,0.1,0.1,0.02,1.0,1,0.13915857605177995,0.0,0.0,0.0,0.13870967741935483,0.0,0.0,0.0,0.0,-0.0010764728644826712,-0.3326301151251454,0.0,0.0,-0.0010764728644826712,0.0,0.0,0.0,-0.0012210029967703094,-0.3785109289987959,0.0,0.0,-0.0012210029967703094,0.0,0.0,0.0
13,20000,0.0003,0.99,0.01,1,0.002,1,0.001,0.05,1.0,0.45,0.1,0.1,0.02,1.0,1,0.13915857605177995,0.0,0.0,0.0,0.13870967741935483,0.0,0.0,0.0,0.0,-0.0010764728644826712,-0.3326301151251454,0.0,0.0,-0.0010764728644826712,0.0,0.0,0.0,-0.0012210029967703094,-0.3785109289987959,0.0,0.0,-0.0012210029967703094,0.0,0.0,0.0
13,20000,0.0003,0.99,0.0,1,0.002,1,0.001,0.05,1.0,0.3,0.1,0.1,0.02,1.0,1,0.13915857605177995,0.0,0.0,0.0,0.13870967741935483,0.0,0.0,0.0,0.0,-0.0010764728644826712,-0.3326301151251454,0.0,0.0,-0.0010764728644826712,0.0,0.0,0.0,-0.0012210029967703094,-0.3785109289987959,0.0,0.0,-0.0012210029967703094,0.0,0.0,0.0
13,20000,0.0003,0.99,0.0,1,0.002,1,0.001,0.05,1.0,0.4,0.1,0.1,0.02,1.0,1,0.13915857605177995,0.0,0.0,0.0,0.13870967741935483,0.0,0.0,0.0,0.0,-0.0010764728644826712,-0.3326301151251454,0.0,0.0,-0.0010764728644826712,0.0,0.0,0.0,-0.0012210029967703094,-0.3785109289987959,0.0,0.0,-0.0012210029967703094,0.0,0.0,0.0
13,20000,0.0003,0.99,0.0,1,0.002,1,0.001,0.05,1.0,0.45,0.1,0.1,0.02,1.0,1,0.13915857605177995,0.0,0.0,0.0,0.13870967741935483,0.0,0.0,0.0,0.0,-0.0010764728644826712,-0.3326301151251454,0.0,0.0,-0.0010764728644826712,0.0,0.0,0.0,-0.0012210029967703094,-0.3785109289987959,0.0,0.0,-0.0012210029967703094,0.0,0.0,0.0
13,20000,0.0003,0.99,0.01,1,0.002,1,0.001,0.05,1.0,0.25,0.1,0.1,0.02,1.0,1,0.13915857605177995,0.0,0.0,0.0,0.13870967741935483,0.0,0.0,0.0,0.0,-0.0010764728644826712,-0.3326301151251454,0.0,0.0,-0.0010764728644826712,0.0,0.0,0.0,-0.0012210029967703094,-0.3785109289987959,0.0,0.0,-0.0012210029967703094,0.0,0.0,0.0
13,20000,0.0003,0.99,0.01,1,0.002,1,0.001,0.05,1.0,0.3,0.1,0.1,0.02,1.0,1,0.13915857605177995,0.0,0.0,0.0,0.13870967741935483,0.0,0.0,0.0,0.0,-0.0010764728644826712,-0.3326301151251454,0.0,0.0,-0.0010764728644826712,0.0,0.0,0.0,-0.0012210029967703094,-0.3785109289987959,0.0,0.0,-0.0012210029967703094,0.0,0.0,0.0
13,20000,0.0001,0.995,0.01,1,0.002,1,0.001,0.05,1.0,0.25,0.1,0.1,0.02,1.0,1,0.13915857605177995,0.0,0.0,0.0,0.13870967741935483,0.0,0.0,0.0,0.0,-0.0010764728644826712,-0.3326301151251454,0.0,0.0,-0.0010764728644826712,0.0,0.0,0.0,-0.0012210029967703094,-0.3785109289987959,0.0,0.0,-0.0012210029967703094,0.0,0.0,0.0
13,20000,0.0003,0.995,0.0,1,0.002,1,0.001,0.05,1.0,0.25,0.1,0.1,0.02,1.0,1,0.13915857605177995,0.0,0.0,0.0,0.13870967741935483,0.0,0.0,0.0,0.0,-0.0010764728644826712,-0.3326301151251454,0.0,0.0,-0.0010764728644826712,0.0,0.0,0.0,-0.0012210029967703094,-0.3785109289987959,0.0,0.0,-0.0012210029967703094,0.0,0.0,0.0
13,20000,0.0003,0.995,0.0,1,0.002,1,0.001,0.05,1.0,0.3,0.1,0.1,0.02,1.0,1,0.13915857605177995,0.0,0.0,0.0,0.13870967741935483,0.0,0.0,0.0,0.0,-0.0010764728644826712,-0.3326301151251454,0.0,0.0,-0.0010764728644826712,0.0,0.0,0.0,-0.0012210029967703094,-0.3785109289987959,0.0,0.0,-0.0012210029967703094,0.0,0.0,0.0
13,20000,0.0003,0.995,0.0,1,0.002,1,0.001,0.05,1.0,0.4,0.1,0.1,0.02,1.0,1,0.13915857605177995,0.0,0.0,0.0,0.13870967741935483,0.0,0.0,0.0,0.0,-0.0010764728644826712,-0.3326301151251454,0.0,0.0,-0.0010764728644826712,0.0,0.0,0.0,-0.0012210029967703094,-0.3785109289987959,0.0,0.0,-0.0012210029967703094,0.0,0.0,0.0
13,20000,0.0003,0.995,0.0,1,0.002,1,0.001,0.05,1.0,0.45,0.1,0.1,0.02,1.0,1,0.13915857605177995,0.0,0.0,0.0,0.13870967741935483,0.0,0.0,0.0,0.0,-0.0010764728644826712,-0.3326301151251454,0.0,0.0,-0.0010764728644826712,0.0,0.0,0.0,-0.0012210029967703094,-0.3785109289987959,0.0,0.0,-0.0012210029967703094,0.0,0.0,0.0
13,20000,0.0003,0.995,0.01,1,0.002,1,0.001,0.05,1.0,0.25,0.1,0.1,0.02,1.0,1,0.13915857605177995,0.0,0.0,0.0,0.13870967741935483,0.0,0.0,0.0,0.0,-0.0010764728644826712,-0.3326301151251454,0.0,0.0,-0.0010764728644826712,0.0,0.0,0.0,-0.0012210029967703094,-0.3785109289987959,0.0,0.0,-0.0012210029967703094,0.0,0.0,0.0
13,20000,0.0003,0.995,0.01,1,0.002,1,0.001,0.05,1.0,0.35,0.1,0.1,0.02,1.0,1,0.13915857605177995,0.0,0.0,0.0,0.13870967741935483,0.0,0.0,0.0,0.0,-0.0010764728644826712,-0.3326301151251454,0.0,0.0,-0.0010764728644826712,0.0,0.0,0.0,-0.0012210029967703094,-0.3785109289987959,0.0,0.0,-0.0012210029967703094,0.0,0.0,0.0
13,20000,0.0001,0.995,0.01,1,0.002,1,0.001,0.05,1.0,0.3,0.1,0.1,0.02,1.0,1,0.13915857605177995,0.0,0.0,0.0,0.13870967741935483,0.0,0.0,0.0,0.0,-0.0010764728644826712,-0.3326301151251454,0.0,0.0,-0.0010764728644826712,0.0,0.0,0.0,-0.0012210029967703094,-0.3785109289987959,0.0,0.0,-0.0012210029967703094,0.0,0.0,0.0
13,20000,0.0003,0.995,0.01,1,0.002,1,0.001,0.05,1.0,0.45,0.1,0.1,0.02,1.0,1,0.13915857605177995,0.0,0.0,0.0,0.13870967741935483,0.0,0.0,0.0,0.0,-0.0010764728644826712,-0.3326301151251454,0.0,0.0,-0.0010764728644826712,0.0,0.0,0.0,-0.0012210029967703094,-0.3785109289987959,0.0,0.0,-0.0012210029967703094,0.0,0.0,0.0
13,20000,0.0001,0.99,0.0,1,0.002,1,0.001,0.05,1.0,0.3,0.1,0.1,0.02,1.0,1,0.13915857605177995,0.0,0.0,0.0,0.13870967741935483,0.0,0.0,0.0,0.0,-0.0010764728644826712,-0.3326301151251454,0.0,0.0,-0.0010764728644826712,0.0,0.0,0.0,-0.0012210029967703094,-0.3785109289987959,0.0,0.0,-0.0012210029967703094,0.0,0.0,0.0
13,20000,0.0001,0.99,0.0,1,0.002,1,0.001,0.05,1.0,0.45,0.1,0.1,0.02,1.0,1,0.13915857605177995,0.0,0.0,0.0,0.13870967741935483,0.0,0.0,0.0,0.0,-0.0010764728644826712,-0.3326301151251454,0.0,0.0,-0.0010764728644826712,0.0,0.0,0.0,-0.0012210029967703094,-0.3785109289987959,0.0,0.0,-0.0012210029967703094,0.0,0.0,0.0
13,20000,0.0001,0.99,0.01,1,0.002,1,0.001,0.05,1.0,0.45,0.1,0.1,0.02,1.0,1,0.13915857605177995,0.0,0.0,0.0,0.13870967741935483,0.0,0.0,0.0,0.0,-0.0010764728644826712,-0.3326301151251454,0.0,0.0,-0.0010764728644826712,0.0,0.0,0.0,-0.0012210029967703094,-0.3785109289987959,0.0,0.0,-0.0012210029967703094,0.0,0.0,0.0
13,20000,0.0001,0.995,0.0,1,0.002,1,0.001,0.05,1.0,0.35,0.1,0.1,0.02,1.0,1,0.13915857605177995,0.0,0.0,0.0,0.13870967741935483,0.0,0.0,0.0,0.0,-0.0010764728644826712,-0.3326301151251454,0.0,0.0,-0.0010764728644826712,0.0,0.0,0.0,-0.0012210029967703094,-0.3785109289987959,0.0,0.0,-0.0012210029967703094,0.0,0.0,0.0
13,20000,0.0001,0.995,0.01,1,0.002,1,0.001,0.05,1.0,0.45,0.1,0.1,0.02,1.0,1,0.13915857605177995,0.0,0.0,0.0,0.13870967741935483,0.0,0.0,0.0,0.0,-0.0010764728644826712,-0.3326301151251454,0.0,0.0,-0.0010764728644826712,0.0,0.0,0.0,-0.0012210029967703094,-0.3785109289987959,0.0,0.0,-0.0012210029967703094,0.0,0.0,0.0
13,20000,0.0001,0.995,0.0,1,0.002,1,0.001,0.05,1.0,0.4,0.1,0.1,0.02,1.0,1,0.13915857605177995,0.0,0.0,0.0,0.13870967741935483,0.0,0.0,0.0,0.0,-0.0010764728644826712,-0.3326301151251454,0.0,0.0,-0.0010764728644826712,0.0,0.0,0.0,-0.0012210029967703094,-0.3785109289987959,0.0,0.0,-0.0012210029967703094,0.0,0.0,0.0
13,20000,0.0003,0.995,0.01,1,0.002,1,0.001,0.05,1.0,0.4,0.1,0.1,0.02,1.0,1,0.13915857605177995,0.0,0.0,0.0,0.13870967741935483,0.0,0.0,0.0,0.0,-0.0010764728644826712,-0.3326301151251454,0.0,0.0,-0.0010764728644826712,0.0,0.0,0.0,-0.0012210029967703094,-0.3785109289987959,0.0,0.0,-0.0012210029967703094,0.0,0.0,0.0
